/opt/pytorch/lib/python3.12/site-packages/torch/cuda/__init__.py:63: FutureWarning: The pynvml package is deprecated. Please install nvidia-ml-py instead. If you did not install pynvml directly, please report this to the maintainers of the package that installed pynvml for you.
  import pynvml  # type: ignore[import]
2025-10-12 13:43:50,893 | INFO | Device: cuda
2025-10-12 13:43:51,170 | INFO | Initializing ResNet-50 from scratch (weights=None)
/opt/pytorch/lib/python3.12/site-packages/webdataset/pipeline.py:176: UserWarning: .with_length() only sets the value of __len__ for compatibility with some training environments. It does not change the number of samples in an epoch.
  warnings.warn(
2025-10-12 13:43:51,426 | INFO | Using SGD (lr=0.12500, momentum=0.9, wd=0.0001)
2025-10-12 13:43:52,189 | INFO | Resumed from model_best.pth at epoch 1 (best acc1=6.41).
2025-10-12 13:44:38,547 | INFO | Iter 50/4003 | loss 0.0187 | lr 0.000312
2025-10-12 13:45:16,839 | INFO | Iter 100/4003 | loss 0.0186 | lr 0.000625
2025-10-12 13:45:52,892 | INFO | Iter 150/4003 | loss 0.0185 | lr 0.000937
2025-10-12 13:46:27,894 | INFO | Iter 200/4003 | loss 0.0185 | lr 0.001249
2025-10-12 13:47:02,954 | INFO | Iter 250/4003 | loss 0.0185 | lr 0.001561
2025-10-12 13:47:37,480 | INFO | Iter 300/4003 | loss 0.0185 | lr 0.001874
2025-10-12 13:48:11,988 | INFO | Iter 350/4003 | loss 0.0184 | lr 0.002186
2025-10-12 13:48:47,335 | INFO | Iter 400/4003 | loss 0.0184 | lr 0.002498
2025-10-12 13:49:20,999 | INFO | Iter 450/4003 | loss 0.0184 | lr 0.002810
2025-10-12 13:49:55,640 | INFO | Iter 500/4003 | loss 0.0184 | lr 0.003123
2025-10-12 13:50:29,423 | INFO | Iter 550/4003 | loss 0.0184 | lr 0.003435
2025-10-12 13:51:04,826 | INFO | Iter 600/4003 | loss 0.0183 | lr 0.003747
2025-10-12 13:51:38,661 | INFO | Iter 650/4003 | loss 0.0184 | lr 0.004059
2025-10-12 13:52:13,338 | INFO | Iter 700/4003 | loss 0.0184 | lr 0.004372
2025-10-12 13:52:47,059 | INFO | Iter 750/4003 | loss 0.0184 | lr 0.004684
2025-10-12 13:53:21,626 | INFO | Iter 800/4003 | loss 0.0184 | lr 0.004996
2025-10-12 13:53:55,331 | INFO | Iter 850/4003 | loss 0.0183 | lr 0.005309
2025-10-12 13:54:30,246 | INFO | Iter 900/4003 | loss 0.0183 | lr 0.005621
2025-10-12 13:55:03,996 | INFO | Iter 950/4003 | loss 0.0183 | lr 0.005933
2025-10-12 13:55:38,433 | INFO | Iter 1000/4003 | loss 0.0183 | lr 0.006245
2025-10-12 13:56:12,945 | INFO | Iter 1050/4003 | loss 0.0183 | lr 0.006558
2025-10-12 13:56:47,463 | INFO | Iter 1100/4003 | loss 0.0183 | lr 0.006870
2025-10-12 13:57:21,422 | INFO | Iter 1150/4003 | loss 0.0183 | lr 0.007182
2025-10-12 13:57:55,892 | INFO | Iter 1200/4003 | loss 0.0183 | lr 0.007494
2025-10-12 13:58:29,601 | INFO | Iter 1250/4003 | loss 0.0183 | lr 0.007807
2025-10-12 13:59:04,630 | INFO | Iter 1300/4003 | loss 0.0183 | lr 0.008119
2025-10-12 13:59:38,319 | INFO | Iter 1350/4003 | loss 0.0183 | lr 0.008431
2025-10-12 14:00:13,093 | INFO | Iter 1400/4003 | loss 0.0183 | lr 0.008743
2025-10-12 14:00:47,221 | INFO | Iter 1450/4003 | loss 0.0183 | lr 0.009056
2025-10-12 14:01:22,651 | INFO | Iter 1500/4003 | loss 0.0183 | lr 0.009368
2025-10-12 14:01:56,591 | INFO | Iter 1550/4003 | loss 0.0182 | lr 0.009680
2025-10-12 14:02:31,634 | INFO | Iter 1600/4003 | loss 0.0182 | lr 0.009993
2025-10-12 14:03:05,004 | INFO | Iter 1650/4003 | loss 0.0182 | lr 0.010305
2025-10-12 14:03:40,116 | INFO | Iter 1700/4003 | loss 0.0182 | lr 0.010617
2025-10-12 14:04:14,582 | INFO | Iter 1750/4003 | loss 0.0182 | lr 0.010929
2025-10-12 14:04:49,567 | INFO | Iter 1800/4003 | loss 0.0182 | lr 0.011242
2025-10-12 14:05:23,343 | INFO | Iter 1850/4003 | loss 0.0182 | lr 0.011554
2025-10-12 14:05:57,767 | INFO | Iter 1900/4003 | loss 0.0182 | lr 0.011866
2025-10-12 14:06:32,843 | INFO | Iter 1950/4003 | loss 0.0182 | lr 0.012178
2025-10-12 14:07:07,222 | INFO | Iter 2000/4003 | loss 0.0182 | lr 0.012491
2025-10-12 14:07:42,208 | INFO | Iter 2050/4003 | loss 0.0182 | lr 0.012803
2025-10-12 14:08:16,527 | INFO | Iter 2100/4003 | loss 0.0182 | lr 0.013115
2025-10-12 14:08:50,544 | INFO | Iter 2150/4003 | loss 0.0182 | lr 0.013427
2025-10-12 14:09:24,473 | INFO | Iter 2200/4003 | loss 0.0182 | lr 0.013740
2025-10-12 14:09:58,109 | INFO | Iter 2250/4003 | loss 0.0182 | lr 0.014052
2025-10-12 14:10:32,912 | INFO | Iter 2300/4003 | loss 0.0182 | lr 0.014364
2025-10-12 14:11:08,111 | INFO | Iter 2350/4003 | loss 0.0182 | lr 0.014676
2025-10-12 14:11:43,063 | INFO | Iter 2400/4003 | loss 0.0182 | lr 0.014989
2025-10-12 14:12:17,411 | INFO | Iter 2450/4003 | loss 0.0182 | lr 0.015301
2025-10-12 14:12:52,114 | INFO | Iter 2500/4003 | loss 0.0182 | lr 0.015613
2025-10-12 14:13:26,114 | INFO | Iter 2550/4003 | loss 0.0181 | lr 0.015926
2025-10-12 14:14:01,298 | INFO | Iter 2600/4003 | loss 0.0181 | lr 0.016238
2025-10-12 14:14:34,853 | INFO | Iter 2650/4003 | loss 0.0181 | lr 0.016550
2025-10-12 14:15:09,695 | INFO | Iter 2700/4003 | loss 0.0181 | lr 0.016862
2025-10-12 14:15:43,039 | INFO | Iter 2750/4003 | loss 0.0181 | lr 0.017175
2025-10-12 14:16:17,884 | INFO | Iter 2800/4003 | loss 0.0181 | lr 0.017487
2025-10-12 14:16:51,724 | INFO | Iter 2850/4003 | loss 0.0181 | lr 0.017799
2025-10-12 14:17:27,092 | INFO | Iter 2900/4003 | loss 0.0181 | lr 0.018111
2025-10-12 14:18:01,068 | INFO | Iter 2950/4003 | loss 0.0181 | lr 0.018424
2025-10-12 14:18:36,078 | INFO | Iter 3000/4003 | loss 0.0181 | lr 0.018736
2025-10-12 14:19:09,891 | INFO | Iter 3050/4003 | loss 0.0181 | lr 0.019048
2025-10-12 14:19:44,697 | INFO | Iter 3100/4003 | loss 0.0181 | lr 0.019360
2025-10-12 14:20:19,282 | INFO | Iter 3150/4003 | loss 0.0181 | lr 0.019673
2025-10-12 14:20:53,724 | INFO | Iter 3200/4003 | loss 0.0181 | lr 0.019985
2025-10-12 14:21:27,647 | INFO | Iter 3250/4003 | loss 0.0180 | lr 0.020297
2025-10-12 14:22:02,568 | INFO | Iter 3300/4003 | loss 0.0180 | lr 0.020610
2025-10-12 14:22:36,269 | INFO | Iter 3350/4003 | loss 0.0180 | lr 0.020922
2025-10-12 14:23:10,847 | INFO | Iter 3400/4003 | loss 0.0180 | lr 0.021234
2025-10-12 14:23:45,145 | INFO | Iter 3450/4003 | loss 0.0180 | lr 0.021546
2025-10-12 14:24:19,389 | INFO | Iter 3500/4003 | loss 0.0180 | lr 0.021859
2025-10-12 14:24:53,121 | INFO | Iter 3550/4003 | loss 0.0180 | lr 0.022171
2025-10-12 14:25:27,400 | INFO | Iter 3600/4003 | loss 0.0180 | lr 0.022483
2025-10-12 14:26:01,302 | INFO | Iter 3650/4003 | loss 0.0180 | lr 0.022795
2025-10-12 14:26:35,897 | INFO | Iter 3700/4003 | loss 0.0180 | lr 0.023108
2025-10-12 14:27:09,835 | INFO | Iter 3750/4003 | loss 0.0180 | lr 0.023420
2025-10-12 14:27:44,638 | INFO | Iter 3800/4003 | loss 0.0179 | lr 0.023732
2025-10-12 14:28:18,728 | INFO | Iter 3850/4003 | loss 0.0179 | lr 0.024044
2025-10-12 14:28:51,301 | INFO | Iter 3900/4003 | loss 0.0179 | lr 0.024357
2025-10-12 14:29:23,102 | INFO | Iter 3950/4003 | loss 0.0179 | lr 0.024669
2025-10-12 14:29:54,408 | INFO | Iter 4000/4003 | loss 0.0179 | lr 0.024981
/opt/pytorch/lib/python3.12/site-packages/webdataset/pipeline.py:176: UserWarning: .with_length() only sets the value of __len__ for compatibility with some training environments. It does not change the number of samples in an epoch.
  warnings.warn(
2025-10-14 14:27:51,535 | INFO | Using SGD (lr=0.10000, momentum=0.9, wd=0.0001)
2025-10-14 14:27:52,283 | INFO | Resumed from model_best.pth at epoch 1 (best acc1=6.41).
2025-10-14 14:28:30,131 | INFO | Iter 50/5004 | loss 0.0236 | lr 0.000200
2025-10-14 14:28:51,185 | INFO | Iter 100/5004 | loss 0.0234 | lr 0.000400
2025-10-14 14:29:12,241 | INFO | Iter 150/5004 | loss 0.0233 | lr 0.000600
2025-10-14 14:29:33,292 | INFO | Iter 200/5004 | loss 0.0232 | lr 0.000799
2025-10-14 14:29:54,338 | INFO | Iter 250/5004 | loss 0.0232 | lr 0.000999
2025-10-14 14:30:15,382 | INFO | Iter 300/5004 | loss 0.0232 | lr 0.001199
2025-10-14 14:30:36,430 | INFO | Iter 350/5004 | loss 0.0231 | lr 0.001399
2025-10-14 14:30:57,478 | INFO | Iter 400/5004 | loss 0.0231 | lr 0.001599
2025-10-14 14:31:18,522 | INFO | Iter 450/5004 | loss 0.0231 | lr 0.001799
2025-10-14 14:31:39,567 | INFO | Iter 500/5004 | loss 0.0230 | lr 0.001998
2025-10-14 14:32:00,612 | INFO | Iter 550/5004 | loss 0.0230 | lr 0.002198
2025-10-14 14:32:21,659 | INFO | Iter 600/5004 | loss 0.0230 | lr 0.002398
2025-10-14 14:32:42,704 | INFO | Iter 650/5004 | loss 0.0230 | lr 0.002598
2025-10-14 14:33:03,748 | INFO | Iter 700/5004 | loss 0.0230 | lr 0.002798
2025-10-14 14:33:24,797 | INFO | Iter 750/5004 | loss 0.0230 | lr 0.002998
2025-10-14 14:33:45,839 | INFO | Iter 800/5004 | loss 0.0230 | lr 0.003197
2025-10-14 14:34:06,885 | INFO | Iter 850/5004 | loss 0.0230 | lr 0.003397
2025-10-14 14:34:27,930 | INFO | Iter 900/5004 | loss 0.0230 | lr 0.003597
2025-10-14 14:34:48,976 | INFO | Iter 950/5004 | loss 0.0229 | lr 0.003797
2025-10-14 14:35:10,021 | INFO | Iter 1000/5004 | loss 0.0229 | lr 0.003997
2025-10-14 14:35:31,067 | INFO | Iter 1050/5004 | loss 0.0229 | lr 0.004197
2025-10-14 14:35:52,112 | INFO | Iter 1100/5004 | loss 0.0229 | lr 0.004396
2025-10-14 14:36:13,155 | INFO | Iter 1150/5004 | loss 0.0229 | lr 0.004596
2025-10-14 14:36:34,197 | INFO | Iter 1200/5004 | loss 0.0229 | lr 0.004796
2025-10-14 14:36:55,240 | INFO | Iter 1250/5004 | loss 0.0229 | lr 0.004996
2025-10-14 14:37:16,287 | INFO | Iter 1300/5004 | loss 0.0229 | lr 0.005196
2025-10-14 14:37:37,334 | INFO | Iter 1350/5004 | loss 0.0229 | lr 0.005396
2025-10-14 14:37:58,377 | INFO | Iter 1400/5004 | loss 0.0229 | lr 0.005596
2025-10-14 14:38:19,423 | INFO | Iter 1450/5004 | loss 0.0229 | lr 0.005795
2025-10-14 14:38:40,466 | INFO | Iter 1500/5004 | loss 0.0229 | lr 0.005995
2025-10-14 14:39:01,510 | INFO | Iter 1550/5004 | loss 0.0229 | lr 0.006195
2025-10-14 14:39:22,555 | INFO | Iter 1600/5004 | loss 0.0229 | lr 0.006395
2025-10-14 14:39:43,598 | INFO | Iter 1650/5004 | loss 0.0229 | lr 0.006595
2025-10-14 14:40:04,645 | INFO | Iter 1700/5004 | loss 0.0229 | lr 0.006795
2025-10-14 14:40:25,689 | INFO | Iter 1750/5004 | loss 0.0229 | lr 0.006994
2025-10-14 14:40:46,738 | INFO | Iter 1800/5004 | loss 0.0229 | lr 0.007194
2025-10-14 14:41:07,781 | INFO | Iter 1850/5004 | loss 0.0228 | lr 0.007394
2025-10-14 14:41:28,824 | INFO | Iter 1900/5004 | loss 0.0228 | lr 0.007594
2025-10-14 14:41:49,871 | INFO | Iter 1950/5004 | loss 0.0228 | lr 0.007794
2025-10-14 14:42:10,917 | INFO | Iter 2000/5004 | loss 0.0228 | lr 0.007994
2025-10-14 14:42:31,963 | INFO | Iter 2050/5004 | loss 0.0228 | lr 0.008193
2025-10-14 14:42:53,008 | INFO | Iter 2100/5004 | loss 0.0228 | lr 0.008393
2025-10-14 14:43:14,052 | INFO | Iter 2150/5004 | loss 0.0228 | lr 0.008593
2025-10-14 14:43:35,099 | INFO | Iter 2200/5004 | loss 0.0228 | lr 0.008793
2025-10-14 14:43:56,145 | INFO | Iter 2250/5004 | loss 0.0228 | lr 0.008993
2025-10-14 14:44:17,188 | INFO | Iter 2300/5004 | loss 0.0228 | lr 0.009193
2025-10-14 14:44:38,231 | INFO | Iter 2350/5004 | loss 0.0228 | lr 0.009392
2025-10-14 14:44:59,279 | INFO | Iter 2400/5004 | loss 0.0228 | lr 0.009592
2025-10-14 14:45:20,324 | INFO | Iter 2450/5004 | loss 0.0228 | lr 0.009792
2025-10-14 14:45:41,370 | INFO | Iter 2500/5004 | loss 0.0228 | lr 0.009992
2025-10-14 14:46:02,413 | INFO | Iter 2550/5004 | loss 0.0228 | lr 0.010192
2025-10-14 14:46:23,459 | INFO | Iter 2600/5004 | loss 0.0228 | lr 0.010392
2025-10-14 14:46:44,506 | INFO | Iter 2650/5004 | loss 0.0227 | lr 0.010592
2025-10-14 14:47:05,552 | INFO | Iter 2700/5004 | loss 0.0227 | lr 0.010791
2025-10-14 14:47:26,599 | INFO | Iter 2750/5004 | loss 0.0227 | lr 0.010991
2025-10-14 14:47:47,642 | INFO | Iter 2800/5004 | loss 0.0227 | lr 0.011191
2025-10-14 14:48:08,687 | INFO | Iter 2850/5004 | loss 0.0227 | lr 0.011391
2025-10-14 14:48:29,732 | INFO | Iter 2900/5004 | loss 0.0227 | lr 0.011591
2025-10-14 14:48:50,778 | INFO | Iter 2950/5004 | loss 0.0227 | lr 0.011791
2025-10-14 14:49:11,825 | INFO | Iter 3000/5004 | loss 0.0227 | lr 0.011990
2025-10-14 14:49:32,871 | INFO | Iter 3050/5004 | loss 0.0227 | lr 0.012190
2025-10-14 14:49:53,916 | INFO | Iter 3100/5004 | loss 0.0227 | lr 0.012390
2025-10-14 14:50:14,961 | INFO | Iter 3150/5004 | loss 0.0227 | lr 0.012590
2025-10-14 14:50:36,009 | INFO | Iter 3200/5004 | loss 0.0227 | lr 0.012790
2025-10-14 14:50:57,055 | INFO | Iter 3250/5004 | loss 0.0227 | lr 0.012990
2025-10-14 14:51:18,103 | INFO | Iter 3300/5004 | loss 0.0227 | lr 0.013189
2025-10-14 14:51:39,147 | INFO | Iter 3350/5004 | loss 0.0227 | lr 0.013389
2025-10-14 14:52:00,194 | INFO | Iter 3400/5004 | loss 0.0227 | lr 0.013589
2025-10-14 14:52:21,236 | INFO | Iter 3450/5004 | loss 0.0227 | lr 0.013789
2025-10-14 14:52:42,282 | INFO | Iter 3500/5004 | loss 0.0226 | lr 0.013989
2025-10-14 14:53:03,329 | INFO | Iter 3550/5004 | loss 0.0226 | lr 0.014189
2025-10-14 14:53:24,374 | INFO | Iter 3600/5004 | loss 0.0226 | lr 0.014388
2025-10-14 14:53:45,422 | INFO | Iter 3650/5004 | loss 0.0226 | lr 0.014588
2025-10-14 14:54:06,468 | INFO | Iter 3700/5004 | loss 0.0226 | lr 0.014788
2025-10-14 14:54:27,515 | INFO | Iter 3750/5004 | loss 0.0226 | lr 0.014988
2025-10-14 14:54:48,563 | INFO | Iter 3800/5004 | loss 0.0226 | lr 0.015188
2025-10-14 14:55:09,608 | INFO | Iter 3850/5004 | loss 0.0226 | lr 0.015388
2025-10-14 14:55:30,651 | INFO | Iter 3900/5004 | loss 0.0226 | lr 0.015588
2025-10-14 14:55:51,698 | INFO | Iter 3950/5004 | loss 0.0226 | lr 0.015787
2025-10-14 14:56:12,744 | INFO | Iter 4000/5004 | loss 0.0226 | lr 0.015987
2025-10-14 14:56:33,788 | INFO | Iter 4050/5004 | loss 0.0226 | lr 0.016187
2025-10-14 14:56:54,836 | INFO | Iter 4100/5004 | loss 0.0226 | lr 0.016387
2025-10-14 14:57:15,883 | INFO | Iter 4150/5004 | loss 0.0225 | lr 0.016587
2025-10-14 14:57:36,927 | INFO | Iter 4200/5004 | loss 0.0225 | lr 0.016787
2025-10-14 14:57:57,972 | INFO | Iter 4250/5004 | loss 0.0225 | lr 0.016986
2025-10-14 14:58:19,018 | INFO | Iter 4300/5004 | loss 0.0225 | lr 0.017186
2025-10-14 14:58:40,062 | INFO | Iter 4350/5004 | loss 0.0225 | lr 0.017386
2025-10-14 14:59:01,108 | INFO | Iter 4400/5004 | loss 0.0225 | lr 0.017586
2025-10-14 14:59:22,155 | INFO | Iter 4450/5004 | loss 0.0225 | lr 0.017786
2025-10-14 14:59:43,199 | INFO | Iter 4500/5004 | loss 0.0225 | lr 0.017986
2025-10-14 15:00:04,247 | INFO | Iter 4550/5004 | loss 0.0225 | lr 0.018185
2025-10-14 15:00:25,293 | INFO | Iter 4600/5004 | loss 0.0225 | lr 0.018385
2025-10-14 15:00:46,336 | INFO | Iter 4650/5004 | loss 0.0225 | lr 0.018585
2025-10-14 15:01:07,381 | INFO | Iter 4700/5004 | loss 0.0225 | lr 0.018785
2025-10-14 15:01:28,426 | INFO | Iter 4750/5004 | loss 0.0224 | lr 0.018985
2025-10-14 15:01:49,467 | INFO | Iter 4800/5004 | loss 0.0224 | lr 0.019185
2025-10-14 15:02:10,511 | INFO | Iter 4850/5004 | loss 0.0224 | lr 0.019384
2025-10-14 15:02:31,558 | INFO | Iter 4900/5004 | loss 0.0224 | lr 0.019584
2025-10-14 15:02:52,600 | INFO | Iter 4950/5004 | loss 0.0224 | lr 0.019784
2025-10-14 15:03:13,634 | INFO | Iter 5000/5004 | loss 0.0224 | lr 0.019984
2025-10-14 15:04:06,301 | INFO | Epoch 1/90 | Train loss 0.0224 | Val acc@1 14.04 | acc@5 33.18 | LR 0.019984
2025-10-14 15:04:29,576 | INFO | Iter 50/5004 | loss 0.0216 | lr 0.020184
2025-10-14 15:04:50,612 | INFO | Iter 100/5004 | loss 0.0216 | lr 0.020384
2025-10-14 15:05:11,649 | INFO | Iter 150/5004 | loss 0.0215 | lr 0.020584
2025-10-14 15:05:32,684 | INFO | Iter 200/5004 | loss 0.0216 | lr 0.020783
2025-10-14 15:05:53,719 | INFO | Iter 250/5004 | loss 0.0216 | lr 0.020983
2025-10-14 15:06:14,758 | INFO | Iter 300/5004 | loss 0.0216 | lr 0.021183
2025-10-14 15:06:35,796 | INFO | Iter 350/5004 | loss 0.0216 | lr 0.021383
2025-10-14 15:06:56,831 | INFO | Iter 400/5004 | loss 0.0216 | lr 0.021583
2025-10-14 15:07:17,867 | INFO | Iter 450/5004 | loss 0.0215 | lr 0.021783
2025-10-14 15:07:38,903 | INFO | Iter 500/5004 | loss 0.0215 | lr 0.021982
2025-10-14 15:07:59,940 | INFO | Iter 550/5004 | loss 0.0215 | lr 0.022182
2025-10-14 15:08:20,977 | INFO | Iter 600/5004 | loss 0.0215 | lr 0.022382
2025-10-14 15:08:42,014 | INFO | Iter 650/5004 | loss 0.0215 | lr 0.022582
2025-10-14 15:09:03,052 | INFO | Iter 700/5004 | loss 0.0215 | lr 0.022782
2025-10-14 15:09:24,090 | INFO | Iter 750/5004 | loss 0.0215 | lr 0.022982
2025-10-14 15:09:45,128 | INFO | Iter 800/5004 | loss 0.0214 | lr 0.023181
2025-10-14 15:10:06,167 | INFO | Iter 850/5004 | loss 0.0215 | lr 0.023381
2025-10-14 15:10:27,203 | INFO | Iter 900/5004 | loss 0.0215 | lr 0.023581
2025-10-14 15:10:48,241 | INFO | Iter 950/5004 | loss 0.0215 | lr 0.023781
2025-10-14 15:11:09,279 | INFO | Iter 1000/5004 | loss 0.0214 | lr 0.023981
2025-10-14 15:11:30,316 | INFO | Iter 1050/5004 | loss 0.0214 | lr 0.024181
2025-10-14 15:11:51,353 | INFO | Iter 1100/5004 | loss 0.0214 | lr 0.024380
2025-10-14 15:12:12,389 | INFO | Iter 1150/5004 | loss 0.0214 | lr 0.024580
2025-10-14 15:12:33,426 | INFO | Iter 1200/5004 | loss 0.0214 | lr 0.024780
2025-10-14 15:12:54,465 | INFO | Iter 1250/5004 | loss 0.0214 | lr 0.024980
2025-10-14 15:13:15,502 | INFO | Iter 1300/5004 | loss 0.0214 | lr 0.025180
2025-10-14 15:13:36,540 | INFO | Iter 1350/5004 | loss 0.0213 | lr 0.025380
2025-10-14 15:13:57,579 | INFO | Iter 1400/5004 | loss 0.0213 | lr 0.025580
2025-10-14 15:14:18,617 | INFO | Iter 1450/5004 | loss 0.0213 | lr 0.025779
2025-10-14 15:14:39,655 | INFO | Iter 1500/5004 | loss 0.0213 | lr 0.025979
2025-10-14 15:15:00,690 | INFO | Iter 1550/5004 | loss 0.0213 | lr 0.026179
2025-10-14 15:15:21,726 | INFO | Iter 1600/5004 | loss 0.0213 | lr 0.026379
2025-10-14 15:15:42,766 | INFO | Iter 1650/5004 | loss 0.0213 | lr 0.026579
2025-10-14 15:16:03,799 | INFO | Iter 1700/5004 | loss 0.0213 | lr 0.026779
2025-10-14 15:16:24,837 | INFO | Iter 1750/5004 | loss 0.0212 | lr 0.026978
2025-10-14 15:16:45,875 | INFO | Iter 1800/5004 | loss 0.0212 | lr 0.027178
2025-10-14 15:17:06,912 | INFO | Iter 1850/5004 | loss 0.0212 | lr 0.027378
2025-10-14 15:17:27,954 | INFO | Iter 1900/5004 | loss 0.0212 | lr 0.027578
2025-10-14 15:17:48,990 | INFO | Iter 1950/5004 | loss 0.0212 | lr 0.027778
2025-10-14 15:18:10,028 | INFO | Iter 2000/5004 | loss 0.0212 | lr 0.027978
2025-10-14 15:18:31,066 | INFO | Iter 2050/5004 | loss 0.0212 | lr 0.028177
2025-10-14 15:18:52,103 | INFO | Iter 2100/5004 | loss 0.0211 | lr 0.028377
2025-10-14 15:19:13,139 | INFO | Iter 2150/5004 | loss 0.0211 | lr 0.028577
2025-10-14 15:19:34,174 | INFO | Iter 2200/5004 | loss 0.0211 | lr 0.028777
2025-10-14 15:19:55,207 | INFO | Iter 2250/5004 | loss 0.0211 | lr 0.028977
2025-10-14 15:20:16,244 | INFO | Iter 2300/5004 | loss 0.0211 | lr 0.029177
2025-10-14 15:20:37,279 | INFO | Iter 2350/5004 | loss 0.0211 | lr 0.029376
2025-10-14 15:20:58,315 | INFO | Iter 2400/5004 | loss 0.0211 | lr 0.029576
2025-10-14 15:21:19,353 | INFO | Iter 2450/5004 | loss 0.0210 | lr 0.029776
2025-10-14 15:21:40,389 | INFO | Iter 2500/5004 | loss 0.0210 | lr 0.029976
2025-10-14 15:22:01,428 | INFO | Iter 2550/5004 | loss 0.0210 | lr 0.030176
2025-10-14 15:22:22,466 | INFO | Iter 2600/5004 | loss 0.0210 | lr 0.030376
2025-10-14 15:22:43,503 | INFO | Iter 2650/5004 | loss 0.0210 | lr 0.030576
2025-10-14 15:23:04,539 | INFO | Iter 2700/5004 | loss 0.0210 | lr 0.030775
2025-10-14 15:23:25,575 | INFO | Iter 2750/5004 | loss 0.0210 | lr 0.030975
2025-10-14 15:23:46,610 | INFO | Iter 2800/5004 | loss 0.0210 | lr 0.031175
2025-10-14 15:24:07,648 | INFO | Iter 2850/5004 | loss 0.0210 | lr 0.031375
2025-10-14 15:24:28,685 | INFO | Iter 2900/5004 | loss 0.0209 | lr 0.031575
2025-10-14 15:24:49,722 | INFO | Iter 2950/5004 | loss 0.0209 | lr 0.031775
2025-10-14 15:25:10,759 | INFO | Iter 3000/5004 | loss 0.0209 | lr 0.031974
2025-10-14 15:25:31,798 | INFO | Iter 3050/5004 | loss 0.0209 | lr 0.032174
2025-10-14 15:25:52,834 | INFO | Iter 3100/5004 | loss 0.0209 | lr 0.032374
2025-10-14 15:26:13,868 | INFO | Iter 3150/5004 | loss 0.0209 | lr 0.032574
2025-10-14 15:26:34,905 | INFO | Iter 3200/5004 | loss 0.0209 | lr 0.032774
2025-10-14 15:26:55,944 | INFO | Iter 3250/5004 | loss 0.0209 | lr 0.032974
2025-10-14 15:27:16,982 | INFO | Iter 3300/5004 | loss 0.0209 | lr 0.033173
2025-10-14 15:27:38,019 | INFO | Iter 3350/5004 | loss 0.0208 | lr 0.033373
2025-10-14 15:27:59,058 | INFO | Iter 3400/5004 | loss 0.0208 | lr 0.033573
2025-10-14 15:28:20,094 | INFO | Iter 3450/5004 | loss 0.0208 | lr 0.033773
2025-10-14 15:28:41,132 | INFO | Iter 3500/5004 | loss 0.0208 | lr 0.033973
2025-10-14 15:29:02,170 | INFO | Iter 3550/5004 | loss 0.0208 | lr 0.034173
2025-10-14 15:29:23,206 | INFO | Iter 3600/5004 | loss 0.0208 | lr 0.034373
2025-10-14 15:29:44,242 | INFO | Iter 3650/5004 | loss 0.0208 | lr 0.034572
2025-10-14 15:30:05,278 | INFO | Iter 3700/5004 | loss 0.0208 | lr 0.034772
2025-10-14 15:30:26,315 | INFO | Iter 3750/5004 | loss 0.0208 | lr 0.034972
2025-10-14 15:30:47,354 | INFO | Iter 3800/5004 | loss 0.0208 | lr 0.035172
2025-10-14 15:31:08,391 | INFO | Iter 3850/5004 | loss 0.0208 | lr 0.035372
2025-10-14 15:31:29,427 | INFO | Iter 3900/5004 | loss 0.0207 | lr 0.035572
2025-10-14 15:31:50,463 | INFO | Iter 3950/5004 | loss 0.0207 | lr 0.035771
2025-10-14 15:32:11,505 | INFO | Iter 4000/5004 | loss 0.0207 | lr 0.035971
2025-10-14 15:32:32,541 | INFO | Iter 4050/5004 | loss 0.0207 | lr 0.036171
2025-10-14 15:32:53,576 | INFO | Iter 4100/5004 | loss 0.0207 | lr 0.036371
2025-10-14 15:33:14,614 | INFO | Iter 4150/5004 | loss 0.0207 | lr 0.036571
2025-10-14 15:33:35,652 | INFO | Iter 4200/5004 | loss 0.0207 | lr 0.036771
2025-10-14 15:33:56,688 | INFO | Iter 4250/5004 | loss 0.0207 | lr 0.036970
2025-10-14 15:34:17,725 | INFO | Iter 4300/5004 | loss 0.0206 | lr 0.037170
2025-10-14 15:34:38,762 | INFO | Iter 4350/5004 | loss 0.0206 | lr 0.037370
2025-10-14 15:34:59,801 | INFO | Iter 4400/5004 | loss 0.0206 | lr 0.037570
2025-10-14 15:35:20,838 | INFO | Iter 4450/5004 | loss 0.0206 | lr 0.037770
2025-10-14 15:35:41,877 | INFO | Iter 4500/5004 | loss 0.0206 | lr 0.037970
2025-10-14 15:36:02,916 | INFO | Iter 4550/5004 | loss 0.0206 | lr 0.038169
2025-10-14 15:36:23,954 | INFO | Iter 4600/5004 | loss 0.0206 | lr 0.038369
2025-10-14 15:36:44,989 | INFO | Iter 4650/5004 | loss 0.0206 | lr 0.038569
2025-10-14 15:37:06,024 | INFO | Iter 4700/5004 | loss 0.0206 | lr 0.038769
2025-10-14 15:37:27,061 | INFO | Iter 4750/5004 | loss 0.0205 | lr 0.038969
2025-10-14 15:37:48,094 | INFO | Iter 4800/5004 | loss 0.0205 | lr 0.039169
2025-10-14 15:38:09,131 | INFO | Iter 4850/5004 | loss 0.0205 | lr 0.039369
2025-10-14 15:38:30,166 | INFO | Iter 4900/5004 | loss 0.0205 | lr 0.039568
2025-10-14 15:38:51,200 | INFO | Iter 4950/5004 | loss 0.0205 | lr 0.039768
2025-10-14 15:39:12,224 | INFO | Iter 5000/5004 | loss 0.0205 | lr 0.039968
2025-10-14 15:40:02,475 | INFO | Epoch 2/90 | Train loss 0.0205 | Val acc@1 22.17 | acc@5 46.21 | LR 0.039968
2025-10-14 15:40:25,680 | INFO | Iter 50/5004 | loss 0.0191 | lr 0.040168
2025-10-14 15:40:46,714 | INFO | Iter 100/5004 | loss 0.0193 | lr 0.040368
2025-10-14 15:41:07,750 | INFO | Iter 150/5004 | loss 0.0193 | lr 0.040568
2025-10-14 15:41:28,786 | INFO | Iter 200/5004 | loss 0.0192 | lr 0.040767
2025-10-14 15:41:49,825 | INFO | Iter 250/5004 | loss 0.0193 | lr 0.040967
2025-10-14 15:42:10,862 | INFO | Iter 300/5004 | loss 0.0192 | lr 0.041167
2025-10-14 15:42:31,899 | INFO | Iter 350/5004 | loss 0.0192 | lr 0.041367
2025-10-14 15:42:52,939 | INFO | Iter 400/5004 | loss 0.0193 | lr 0.041567
2025-10-14 15:43:13,975 | INFO | Iter 450/5004 | loss 0.0194 | lr 0.041767
2025-10-14 15:43:35,013 | INFO | Iter 500/5004 | loss 0.0194 | lr 0.041966
2025-10-14 15:43:56,051 | INFO | Iter 550/5004 | loss 0.0194 | lr 0.042166
2025-10-14 15:44:17,087 | INFO | Iter 600/5004 | loss 0.0193 | lr 0.042366
2025-10-14 15:44:38,127 | INFO | Iter 650/5004 | loss 0.0193 | lr 0.042566
2025-10-14 15:44:59,165 | INFO | Iter 700/5004 | loss 0.0193 | lr 0.042766
2025-10-14 15:45:20,203 | INFO | Iter 750/5004 | loss 0.0193 | lr 0.042966
2025-10-14 15:45:41,242 | INFO | Iter 800/5004 | loss 0.0193 | lr 0.043165
2025-10-14 15:46:02,281 | INFO | Iter 850/5004 | loss 0.0193 | lr 0.043365
2025-10-14 15:46:23,319 | INFO | Iter 900/5004 | loss 0.0193 | lr 0.043565
2025-10-14 15:46:44,357 | INFO | Iter 950/5004 | loss 0.0193 | lr 0.043765
2025-10-14 15:47:05,391 | INFO | Iter 1000/5004 | loss 0.0193 | lr 0.043965
2025-10-14 15:47:26,428 | INFO | Iter 1050/5004 | loss 0.0193 | lr 0.044165
2025-10-14 15:47:47,465 | INFO | Iter 1100/5004 | loss 0.0193 | lr 0.044365
2025-10-14 15:48:08,502 | INFO | Iter 1150/5004 | loss 0.0193 | lr 0.044564
2025-10-14 15:48:29,539 | INFO | Iter 1200/5004 | loss 0.0192 | lr 0.044764
2025-10-14 15:48:50,578 | INFO | Iter 1250/5004 | loss 0.0192 | lr 0.044964
2025-10-14 15:49:11,617 | INFO | Iter 1300/5004 | loss 0.0192 | lr 0.045164
2025-10-14 15:49:32,655 | INFO | Iter 1350/5004 | loss 0.0192 | lr 0.045364
2025-10-14 15:49:53,690 | INFO | Iter 1400/5004 | loss 0.0192 | lr 0.045564
2025-10-14 15:50:14,725 | INFO | Iter 1450/5004 | loss 0.0192 | lr 0.045763
2025-10-14 15:50:35,764 | INFO | Iter 1500/5004 | loss 0.0192 | lr 0.045963
2025-10-14 15:50:56,801 | INFO | Iter 1550/5004 | loss 0.0192 | lr 0.046163
2025-10-14 15:51:17,838 | INFO | Iter 1600/5004 | loss 0.0192 | lr 0.046363
2025-10-14 15:51:38,875 | INFO | Iter 1650/5004 | loss 0.0192 | lr 0.046563
2025-10-14 15:51:59,913 | INFO | Iter 1700/5004 | loss 0.0192 | lr 0.046763
2025-10-14 15:52:20,951 | INFO | Iter 1750/5004 | loss 0.0192 | lr 0.046962
2025-10-14 15:52:41,984 | INFO | Iter 1800/5004 | loss 0.0192 | lr 0.047162
2025-10-14 15:53:03,022 | INFO | Iter 1850/5004 | loss 0.0192 | lr 0.047362
2025-10-14 15:53:24,057 | INFO | Iter 1900/5004 | loss 0.0191 | lr 0.047562
2025-10-14 15:53:45,093 | INFO | Iter 1950/5004 | loss 0.0191 | lr 0.047762
2025-10-14 15:54:06,132 | INFO | Iter 2000/5004 | loss 0.0191 | lr 0.047962
2025-10-14 15:54:27,169 | INFO | Iter 2050/5004 | loss 0.0191 | lr 0.048161
2025-10-14 15:54:48,204 | INFO | Iter 2100/5004 | loss 0.0191 | lr 0.048361
2025-10-14 15:55:09,241 | INFO | Iter 2150/5004 | loss 0.0191 | lr 0.048561
2025-10-14 15:55:30,277 | INFO | Iter 2200/5004 | loss 0.0191 | lr 0.048761
2025-10-14 15:55:51,314 | INFO | Iter 2250/5004 | loss 0.0190 | lr 0.048961
2025-10-14 15:56:12,349 | INFO | Iter 2300/5004 | loss 0.0190 | lr 0.049161
2025-10-14 15:56:33,387 | INFO | Iter 2350/5004 | loss 0.0190 | lr 0.049361
2025-10-14 15:56:54,423 | INFO | Iter 2400/5004 | loss 0.0190 | lr 0.049560
2025-10-14 15:57:15,459 | INFO | Iter 2450/5004 | loss 0.0190 | lr 0.049760
2025-10-14 15:57:36,499 | INFO | Iter 2500/5004 | loss 0.0190 | lr 0.049960
2025-10-14 15:57:57,539 | INFO | Iter 2550/5004 | loss 0.0190 | lr 0.050160
2025-10-14 15:58:18,577 | INFO | Iter 2600/5004 | loss 0.0190 | lr 0.050360
2025-10-14 15:58:39,616 | INFO | Iter 2650/5004 | loss 0.0190 | lr 0.050560
2025-10-14 15:59:00,654 | INFO | Iter 2700/5004 | loss 0.0190 | lr 0.050759
2025-10-14 15:59:21,691 | INFO | Iter 2750/5004 | loss 0.0190 | lr 0.050959
2025-10-14 15:59:42,729 | INFO | Iter 2800/5004 | loss 0.0190 | lr 0.051159
2025-10-14 16:00:03,764 | INFO | Iter 2850/5004 | loss 0.0190 | lr 0.051359
2025-10-14 16:00:24,801 | INFO | Iter 2900/5004 | loss 0.0190 | lr 0.051559
2025-10-14 16:00:45,840 | INFO | Iter 2950/5004 | loss 0.0190 | lr 0.051759
2025-10-14 16:01:06,877 | INFO | Iter 3000/5004 | loss 0.0190 | lr 0.051958
2025-10-14 16:01:27,915 | INFO | Iter 3050/5004 | loss 0.0190 | lr 0.052158
2025-10-14 16:01:48,954 | INFO | Iter 3100/5004 | loss 0.0190 | lr 0.052358
2025-10-14 16:02:09,991 | INFO | Iter 3150/5004 | loss 0.0189 | lr 0.052558
2025-10-14 16:02:31,028 | INFO | Iter 3200/5004 | loss 0.0189 | lr 0.052758
2025-10-14 16:02:52,069 | INFO | Iter 3250/5004 | loss 0.0189 | lr 0.052958
2025-10-14 16:03:13,110 | INFO | Iter 3300/5004 | loss 0.0189 | lr 0.053157
2025-10-14 16:03:34,146 | INFO | Iter 3350/5004 | loss 0.0189 | lr 0.053357
2025-10-14 16:03:55,185 | INFO | Iter 3400/5004 | loss 0.0189 | lr 0.053557
2025-10-14 16:04:16,222 | INFO | Iter 3450/5004 | loss 0.0189 | lr 0.053757
2025-10-14 16:04:37,260 | INFO | Iter 3500/5004 | loss 0.0189 | lr 0.053957
2025-10-14 16:04:58,298 | INFO | Iter 3550/5004 | loss 0.0189 | lr 0.054157
2025-10-14 16:05:19,336 | INFO | Iter 3600/5004 | loss 0.0189 | lr 0.054357
2025-10-14 16:05:40,373 | INFO | Iter 3650/5004 | loss 0.0189 | lr 0.054556
2025-10-14 16:06:01,412 | INFO | Iter 3700/5004 | loss 0.0189 | lr 0.054756
2025-10-14 16:06:22,449 | INFO | Iter 3750/5004 | loss 0.0189 | lr 0.054956
2025-10-14 16:06:43,486 | INFO | Iter 3800/5004 | loss 0.0188 | lr 0.055156
2025-10-14 16:07:04,524 | INFO | Iter 3850/5004 | loss 0.0188 | lr 0.055356
2025-10-14 16:07:25,561 | INFO | Iter 3900/5004 | loss 0.0188 | lr 0.055556
2025-10-14 16:07:46,598 | INFO | Iter 3950/5004 | loss 0.0188 | lr 0.055755
2025-10-14 16:08:07,637 | INFO | Iter 4000/5004 | loss 0.0188 | lr 0.055955
2025-10-14 16:08:28,674 | INFO | Iter 4050/5004 | loss 0.0188 | lr 0.056155
2025-10-14 16:08:49,712 | INFO | Iter 4100/5004 | loss 0.0188 | lr 0.056355
2025-10-14 16:09:10,750 | INFO | Iter 4150/5004 | loss 0.0188 | lr 0.056555
2025-10-14 16:09:31,787 | INFO | Iter 4200/5004 | loss 0.0188 | lr 0.056755
2025-10-14 16:09:52,827 | INFO | Iter 4250/5004 | loss 0.0188 | lr 0.056954
2025-10-14 16:10:13,865 | INFO | Iter 4300/5004 | loss 0.0188 | lr 0.057154
2025-10-14 16:10:34,903 | INFO | Iter 4350/5004 | loss 0.0188 | lr 0.057354
2025-10-14 16:10:55,941 | INFO | Iter 4400/5004 | loss 0.0187 | lr 0.057554
2025-10-14 16:11:16,978 | INFO | Iter 4450/5004 | loss 0.0187 | lr 0.057754
2025-10-14 16:11:38,020 | INFO | Iter 4500/5004 | loss 0.0187 | lr 0.057954
2025-10-14 16:11:59,060 | INFO | Iter 4550/5004 | loss 0.0187 | lr 0.058153
2025-10-14 16:12:20,097 | INFO | Iter 4600/5004 | loss 0.0187 | lr 0.058353
2025-10-14 16:12:41,136 | INFO | Iter 4650/5004 | loss 0.0187 | lr 0.058553
2025-10-14 16:13:02,171 | INFO | Iter 4700/5004 | loss 0.0187 | lr 0.058753
2025-10-14 16:13:23,210 | INFO | Iter 4750/5004 | loss 0.0187 | lr 0.058953
2025-10-14 16:13:44,245 | INFO | Iter 4800/5004 | loss 0.0187 | lr 0.059153
2025-10-14 16:14:05,282 | INFO | Iter 4850/5004 | loss 0.0187 | lr 0.059353
2025-10-14 16:14:26,319 | INFO | Iter 4900/5004 | loss 0.0187 | lr 0.059552
2025-10-14 16:14:47,356 | INFO | Iter 4950/5004 | loss 0.0187 | lr 0.059752
2025-10-14 16:15:08,384 | INFO | Iter 5000/5004 | loss 0.0187 | lr 0.059952
2025-10-14 16:15:58,374 | INFO | Epoch 3/90 | Train loss 0.0187 | Val acc@1 31.91 | acc@5 57.90 | LR 0.059952
2025-10-14 16:16:20,971 | INFO | Iter 50/5004 | loss 0.0175 | lr 0.060152
2025-10-14 16:16:42,010 | INFO | Iter 100/5004 | loss 0.0178 | lr 0.060352
2025-10-14 16:17:03,048 | INFO | Iter 150/5004 | loss 0.0177 | lr 0.060552
2025-10-14 16:17:24,083 | INFO | Iter 200/5004 | loss 0.0177 | lr 0.060751
2025-10-14 16:17:45,122 | INFO | Iter 250/5004 | loss 0.0176 | lr 0.060951
2025-10-14 16:18:06,161 | INFO | Iter 300/5004 | loss 0.0177 | lr 0.061151
2025-10-14 16:18:27,199 | INFO | Iter 350/5004 | loss 0.0178 | lr 0.061351
2025-10-14 16:18:48,241 | INFO | Iter 400/5004 | loss 0.0178 | lr 0.061551
2025-10-14 16:19:09,279 | INFO | Iter 450/5004 | loss 0.0179 | lr 0.061751
2025-10-14 16:19:30,320 | INFO | Iter 500/5004 | loss 0.0179 | lr 0.061950
2025-10-14 16:19:51,358 | INFO | Iter 550/5004 | loss 0.0179 | lr 0.062150
2025-10-14 16:20:12,401 | INFO | Iter 600/5004 | loss 0.0179 | lr 0.062350
2025-10-14 16:20:33,440 | INFO | Iter 650/5004 | loss 0.0179 | lr 0.062550
2025-10-14 16:20:54,476 | INFO | Iter 700/5004 | loss 0.0179 | lr 0.062750
2025-10-14 16:21:15,518 | INFO | Iter 750/5004 | loss 0.0179 | lr 0.062950
2025-10-14 16:21:36,557 | INFO | Iter 800/5004 | loss 0.0179 | lr 0.063149
2025-10-14 16:21:57,597 | INFO | Iter 850/5004 | loss 0.0179 | lr 0.063349
2025-10-14 16:22:18,635 | INFO | Iter 900/5004 | loss 0.0179 | lr 0.063549
2025-10-14 16:22:39,674 | INFO | Iter 950/5004 | loss 0.0179 | lr 0.063749
2025-10-14 16:23:00,712 | INFO | Iter 1000/5004 | loss 0.0179 | lr 0.063949
2025-10-14 16:23:21,751 | INFO | Iter 1050/5004 | loss 0.0179 | lr 0.064149
2025-10-14 16:23:42,788 | INFO | Iter 1100/5004 | loss 0.0179 | lr 0.064349
2025-10-14 16:24:03,827 | INFO | Iter 1150/5004 | loss 0.0179 | lr 0.064548
2025-10-14 16:24:24,866 | INFO | Iter 1200/5004 | loss 0.0179 | lr 0.064748
2025-10-14 16:24:45,902 | INFO | Iter 1250/5004 | loss 0.0179 | lr 0.064948
2025-10-14 16:25:06,940 | INFO | Iter 1300/5004 | loss 0.0178 | lr 0.065148
2025-10-14 16:25:27,979 | INFO | Iter 1350/5004 | loss 0.0178 | lr 0.065348
2025-10-14 16:25:49,014 | INFO | Iter 1400/5004 | loss 0.0178 | lr 0.065548
2025-10-14 16:26:10,052 | INFO | Iter 1450/5004 | loss 0.0178 | lr 0.065747
2025-10-14 16:26:31,090 | INFO | Iter 1500/5004 | loss 0.0178 | lr 0.065947
2025-10-14 16:26:52,127 | INFO | Iter 1550/5004 | loss 0.0178 | lr 0.066147
2025-10-14 16:27:13,164 | INFO | Iter 1600/5004 | loss 0.0178 | lr 0.066347
2025-10-14 16:27:34,200 | INFO | Iter 1650/5004 | loss 0.0178 | lr 0.066547
2025-10-14 16:27:55,245 | INFO | Iter 1700/5004 | loss 0.0178 | lr 0.066747
2025-10-14 16:28:16,283 | INFO | Iter 1750/5004 | loss 0.0178 | lr 0.066946
2025-10-14 16:28:37,322 | INFO | Iter 1800/5004 | loss 0.0178 | lr 0.067146
2025-10-14 16:28:58,360 | INFO | Iter 1850/5004 | loss 0.0178 | lr 0.067346
2025-10-14 16:29:19,398 | INFO | Iter 1900/5004 | loss 0.0178 | lr 0.067546
2025-10-14 16:29:40,437 | INFO | Iter 1950/5004 | loss 0.0178 | lr 0.067746
2025-10-14 16:30:01,477 | INFO | Iter 2000/5004 | loss 0.0178 | lr 0.067946
2025-10-14 16:30:22,516 | INFO | Iter 2050/5004 | loss 0.0178 | lr 0.068145
2025-10-14 16:30:43,556 | INFO | Iter 2100/5004 | loss 0.0178 | lr 0.068345
2025-10-14 16:31:04,595 | INFO | Iter 2150/5004 | loss 0.0178 | lr 0.068545
2025-10-14 16:31:25,635 | INFO | Iter 2200/5004 | loss 0.0178 | lr 0.068745
2025-10-14 16:31:46,674 | INFO | Iter 2250/5004 | loss 0.0177 | lr 0.068945
2025-10-14 16:32:07,713 | INFO | Iter 2300/5004 | loss 0.0177 | lr 0.069145
2025-10-14 16:32:28,750 | INFO | Iter 2350/5004 | loss 0.0177 | lr 0.069345
2025-10-14 16:32:49,788 | INFO | Iter 2400/5004 | loss 0.0178 | lr 0.069544
2025-10-14 16:33:10,826 | INFO | Iter 2450/5004 | loss 0.0177 | lr 0.069744
2025-10-14 16:33:31,865 | INFO | Iter 2500/5004 | loss 0.0177 | lr 0.069944
2025-10-14 16:33:52,902 | INFO | Iter 2550/5004 | loss 0.0177 | lr 0.070144
2025-10-14 16:34:13,941 | INFO | Iter 2600/5004 | loss 0.0177 | lr 0.070344
2025-10-14 16:34:34,973 | INFO | Iter 2650/5004 | loss 0.0177 | lr 0.070544
2025-10-14 16:34:56,011 | INFO | Iter 2700/5004 | loss 0.0178 | lr 0.070743
2025-10-14 16:35:17,050 | INFO | Iter 2750/5004 | loss 0.0178 | lr 0.070943
2025-10-14 16:35:38,090 | INFO | Iter 2800/5004 | loss 0.0177 | lr 0.071143
2025-10-14 16:35:59,130 | INFO | Iter 2850/5004 | loss 0.0178 | lr 0.071343
2025-10-14 16:36:20,169 | INFO | Iter 2900/5004 | loss 0.0178 | lr 0.071543
2025-10-14 16:36:41,206 | INFO | Iter 2950/5004 | loss 0.0178 | lr 0.071743
2025-10-14 16:37:02,244 | INFO | Iter 3000/5004 | loss 0.0178 | lr 0.071942
2025-10-14 16:37:23,282 | INFO | Iter 3050/5004 | loss 0.0178 | lr 0.072142
2025-10-14 16:37:44,321 | INFO | Iter 3100/5004 | loss 0.0177 | lr 0.072342
2025-10-14 16:38:05,361 | INFO | Iter 3150/5004 | loss 0.0177 | lr 0.072542
2025-10-14 16:38:26,400 | INFO | Iter 3200/5004 | loss 0.0177 | lr 0.072742
2025-10-14 16:38:47,440 | INFO | Iter 3250/5004 | loss 0.0177 | lr 0.072942
2025-10-14 16:39:08,479 | INFO | Iter 3300/5004 | loss 0.0177 | lr 0.073141
2025-10-14 16:39:29,518 | INFO | Iter 3350/5004 | loss 0.0177 | lr 0.073341
2025-10-14 16:39:50,556 | INFO | Iter 3400/5004 | loss 0.0177 | lr 0.073541
2025-10-14 16:40:11,591 | INFO | Iter 3450/5004 | loss 0.0177 | lr 0.073741
2025-10-14 16:40:32,629 | INFO | Iter 3500/5004 | loss 0.0177 | lr 0.073941
2025-10-14 16:40:53,666 | INFO | Iter 3550/5004 | loss 0.0177 | lr 0.074141
2025-10-14 16:41:14,704 | INFO | Iter 3600/5004 | loss 0.0177 | lr 0.074341
2025-10-14 16:41:35,742 | INFO | Iter 3650/5004 | loss 0.0177 | lr 0.074540
2025-10-14 16:41:56,784 | INFO | Iter 3700/5004 | loss 0.0177 | lr 0.074740
2025-10-14 16:42:17,824 | INFO | Iter 3750/5004 | loss 0.0177 | lr 0.074940
2025-10-14 16:42:38,864 | INFO | Iter 3800/5004 | loss 0.0177 | lr 0.075140
2025-10-14 16:42:59,902 | INFO | Iter 3850/5004 | loss 0.0177 | lr 0.075340
2025-10-14 16:43:20,939 | INFO | Iter 3900/5004 | loss 0.0177 | lr 0.075540
2025-10-14 16:43:41,977 | INFO | Iter 3950/5004 | loss 0.0177 | lr 0.075739
2025-10-14 16:44:03,015 | INFO | Iter 4000/5004 | loss 0.0177 | lr 0.075939
2025-10-14 16:44:24,053 | INFO | Iter 4050/5004 | loss 0.0177 | lr 0.076139
2025-10-14 16:44:45,091 | INFO | Iter 4100/5004 | loss 0.0176 | lr 0.076339
2025-10-14 16:45:06,129 | INFO | Iter 4150/5004 | loss 0.0176 | lr 0.076539
2025-10-14 16:45:27,170 | INFO | Iter 4200/5004 | loss 0.0176 | lr 0.076739
2025-10-14 16:45:48,207 | INFO | Iter 4250/5004 | loss 0.0176 | lr 0.076938
2025-10-14 16:46:09,247 | INFO | Iter 4300/5004 | loss 0.0176 | lr 0.077138
2025-10-14 16:46:30,284 | INFO | Iter 4350/5004 | loss 0.0176 | lr 0.077338
2025-10-14 16:46:51,320 | INFO | Iter 4400/5004 | loss 0.0176 | lr 0.077538
2025-10-14 16:47:12,360 | INFO | Iter 4450/5004 | loss 0.0176 | lr 0.077738
2025-10-14 16:47:33,397 | INFO | Iter 4500/5004 | loss 0.0176 | lr 0.077938
2025-10-14 16:47:54,433 | INFO | Iter 4550/5004 | loss 0.0176 | lr 0.078137
2025-10-14 16:48:15,471 | INFO | Iter 4600/5004 | loss 0.0176 | lr 0.078337
2025-10-14 16:48:36,511 | INFO | Iter 4650/5004 | loss 0.0176 | lr 0.078537
2025-10-14 16:48:57,550 | INFO | Iter 4700/5004 | loss 0.0176 | lr 0.078737
2025-10-14 16:49:18,587 | INFO | Iter 4750/5004 | loss 0.0176 | lr 0.078937
2025-10-14 16:49:39,623 | INFO | Iter 4800/5004 | loss 0.0176 | lr 0.079137
2025-10-14 16:50:00,660 | INFO | Iter 4850/5004 | loss 0.0176 | lr 0.079337
2025-10-14 16:50:21,700 | INFO | Iter 4900/5004 | loss 0.0176 | lr 0.079536
2025-10-14 16:50:42,737 | INFO | Iter 4950/5004 | loss 0.0176 | lr 0.079736
2025-10-14 16:51:03,762 | INFO | Iter 5000/5004 | loss 0.0176 | lr 0.079936
2025-10-14 16:51:54,413 | INFO | Epoch 4/90 | Train loss 0.0176 | Val acc@1 36.24 | acc@5 62.81 | LR 0.079936
2025-10-14 16:52:17,636 | INFO | Iter 50/5004 | loss 0.0171 | lr 0.080136
2025-10-14 16:52:38,675 | INFO | Iter 100/5004 | loss 0.0170 | lr 0.080336
2025-10-14 16:52:59,713 | INFO | Iter 150/5004 | loss 0.0169 | lr 0.080536
2025-10-14 16:53:20,751 | INFO | Iter 200/5004 | loss 0.0169 | lr 0.080735
2025-10-14 16:53:41,789 | INFO | Iter 250/5004 | loss 0.0170 | lr 0.080935
2025-10-14 16:54:02,830 | INFO | Iter 300/5004 | loss 0.0170 | lr 0.081135
2025-10-14 16:54:23,870 | INFO | Iter 350/5004 | loss 0.0170 | lr 0.081335
2025-10-14 16:54:44,909 | INFO | Iter 400/5004 | loss 0.0171 | lr 0.081535
2025-10-14 16:55:05,947 | INFO | Iter 450/5004 | loss 0.0171 | lr 0.081735
2025-10-14 16:55:26,988 | INFO | Iter 500/5004 | loss 0.0172 | lr 0.081934
2025-10-14 16:55:48,028 | INFO | Iter 550/5004 | loss 0.0171 | lr 0.082134
2025-10-14 16:56:09,067 | INFO | Iter 600/5004 | loss 0.0171 | lr 0.082334
2025-10-14 16:56:30,103 | INFO | Iter 650/5004 | loss 0.0171 | lr 0.082534
2025-10-14 16:56:51,141 | INFO | Iter 700/5004 | loss 0.0171 | lr 0.082734
2025-10-14 16:57:12,179 | INFO | Iter 750/5004 | loss 0.0171 | lr 0.082934
2025-10-14 16:57:33,216 | INFO | Iter 800/5004 | loss 0.0171 | lr 0.083133
2025-10-14 16:57:54,255 | INFO | Iter 850/5004 | loss 0.0171 | lr 0.083333
2025-10-14 16:58:15,291 | INFO | Iter 900/5004 | loss 0.0171 | lr 0.083533
2025-10-14 16:58:36,330 | INFO | Iter 950/5004 | loss 0.0171 | lr 0.083733
2025-10-14 16:58:57,368 | INFO | Iter 1000/5004 | loss 0.0171 | lr 0.083933
2025-10-14 16:59:18,404 | INFO | Iter 1050/5004 | loss 0.0171 | lr 0.084133
2025-10-14 16:59:39,440 | INFO | Iter 1100/5004 | loss 0.0171 | lr 0.084333
2025-10-14 17:00:00,479 | INFO | Iter 1150/5004 | loss 0.0171 | lr 0.084532
2025-10-14 17:00:21,516 | INFO | Iter 1200/5004 | loss 0.0171 | lr 0.084732
2025-10-14 17:00:42,556 | INFO | Iter 1250/5004 | loss 0.0171 | lr 0.084932
2025-10-14 17:01:03,593 | INFO | Iter 1300/5004 | loss 0.0171 | lr 0.085132
2025-10-14 17:01:24,632 | INFO | Iter 1350/5004 | loss 0.0171 | lr 0.085332
2025-10-14 17:01:45,672 | INFO | Iter 1400/5004 | loss 0.0171 | lr 0.085532
2025-10-14 17:02:06,711 | INFO | Iter 1450/5004 | loss 0.0171 | lr 0.085731
2025-10-14 17:02:27,751 | INFO | Iter 1500/5004 | loss 0.0171 | lr 0.085931
2025-10-14 17:02:48,790 | INFO | Iter 1550/5004 | loss 0.0171 | lr 0.086131
2025-10-14 17:03:09,827 | INFO | Iter 1600/5004 | loss 0.0171 | lr 0.086331
2025-10-14 17:03:30,863 | INFO | Iter 1650/5004 | loss 0.0171 | lr 0.086531
2025-10-14 17:03:51,898 | INFO | Iter 1700/5004 | loss 0.0171 | lr 0.086731
2025-10-14 17:04:12,933 | INFO | Iter 1750/5004 | loss 0.0171 | lr 0.086930
2025-10-14 17:04:33,969 | INFO | Iter 1800/5004 | loss 0.0171 | lr 0.087130
2025-10-14 17:04:55,003 | INFO | Iter 1850/5004 | loss 0.0171 | lr 0.087330
2025-10-14 17:05:16,040 | INFO | Iter 1900/5004 | loss 0.0171 | lr 0.087530
2025-10-14 17:05:37,073 | INFO | Iter 1950/5004 | loss 0.0171 | lr 0.087730
2025-10-14 17:05:58,110 | INFO | Iter 2000/5004 | loss 0.0171 | lr 0.087930
2025-10-14 17:06:19,148 | INFO | Iter 2050/5004 | loss 0.0171 | lr 0.088129
2025-10-14 17:06:40,188 | INFO | Iter 2100/5004 | loss 0.0171 | lr 0.088329
2025-10-14 17:07:01,227 | INFO | Iter 2150/5004 | loss 0.0171 | lr 0.088529
2025-10-14 17:07:22,263 | INFO | Iter 2200/5004 | loss 0.0170 | lr 0.088729
2025-10-14 17:07:43,301 | INFO | Iter 2250/5004 | loss 0.0170 | lr 0.088929
2025-10-14 17:08:04,345 | INFO | Iter 2300/5004 | loss 0.0170 | lr 0.089129
2025-10-14 17:08:25,386 | INFO | Iter 2350/5004 | loss 0.0170 | lr 0.089329
2025-10-14 17:08:46,425 | INFO | Iter 2400/5004 | loss 0.0170 | lr 0.089528
2025-10-14 17:09:07,466 | INFO | Iter 2450/5004 | loss 0.0170 | lr 0.089728
2025-10-14 17:09:28,507 | INFO | Iter 2500/5004 | loss 0.0170 | lr 0.089928
2025-10-14 17:09:49,547 | INFO | Iter 2550/5004 | loss 0.0170 | lr 0.090128
2025-10-14 17:10:10,588 | INFO | Iter 2600/5004 | loss 0.0170 | lr 0.090328
2025-10-14 17:10:31,628 | INFO | Iter 2650/5004 | loss 0.0170 | lr 0.090528
2025-10-14 17:10:52,668 | INFO | Iter 2700/5004 | loss 0.0170 | lr 0.090727
2025-10-14 17:11:13,706 | INFO | Iter 2750/5004 | loss 0.0170 | lr 0.090927
2025-10-14 17:11:34,742 | INFO | Iter 2800/5004 | loss 0.0170 | lr 0.091127
2025-10-14 17:11:55,780 | INFO | Iter 2850/5004 | loss 0.0170 | lr 0.091327
2025-10-14 17:12:16,818 | INFO | Iter 2900/5004 | loss 0.0170 | lr 0.091527
2025-10-14 17:12:37,855 | INFO | Iter 2950/5004 | loss 0.0170 | lr 0.091727
2025-10-14 17:12:58,892 | INFO | Iter 3000/5004 | loss 0.0170 | lr 0.091926
2025-10-14 17:13:19,929 | INFO | Iter 3050/5004 | loss 0.0170 | lr 0.092126
2025-10-14 17:13:40,963 | INFO | Iter 3100/5004 | loss 0.0170 | lr 0.092326
2025-10-14 17:14:01,999 | INFO | Iter 3150/5004 | loss 0.0170 | lr 0.092526
2025-10-14 17:14:23,036 | INFO | Iter 3200/5004 | loss 0.0170 | lr 0.092726
2025-10-14 17:14:44,073 | INFO | Iter 3250/5004 | loss 0.0170 | lr 0.092926
2025-10-14 17:15:05,109 | INFO | Iter 3300/5004 | loss 0.0170 | lr 0.093125
2025-10-14 17:15:26,147 | INFO | Iter 3350/5004 | loss 0.0170 | lr 0.093325
2025-10-14 17:15:47,183 | INFO | Iter 3400/5004 | loss 0.0170 | lr 0.093525
2025-10-14 17:16:08,220 | INFO | Iter 3450/5004 | loss 0.0170 | lr 0.093725
2025-10-14 17:16:29,258 | INFO | Iter 3500/5004 | loss 0.0170 | lr 0.093925
2025-10-14 17:16:50,294 | INFO | Iter 3550/5004 | loss 0.0170 | lr 0.094125
2025-10-14 17:17:11,329 | INFO | Iter 3600/5004 | loss 0.0170 | lr 0.094325
2025-10-14 17:17:32,367 | INFO | Iter 3650/5004 | loss 0.0170 | lr 0.094524
2025-10-14 17:17:53,409 | INFO | Iter 3700/5004 | loss 0.0170 | lr 0.094724
2025-10-14 17:18:14,446 | INFO | Iter 3750/5004 | loss 0.0170 | lr 0.094924
2025-10-14 17:18:35,482 | INFO | Iter 3800/5004 | loss 0.0170 | lr 0.095124
2025-10-14 17:18:56,521 | INFO | Iter 3850/5004 | loss 0.0170 | lr 0.095324
2025-10-14 17:19:17,560 | INFO | Iter 3900/5004 | loss 0.0170 | lr 0.095524
2025-10-14 17:19:38,597 | INFO | Iter 3950/5004 | loss 0.0170 | lr 0.095723
2025-10-14 17:19:59,634 | INFO | Iter 4000/5004 | loss 0.0170 | lr 0.095923
2025-10-14 17:20:20,671 | INFO | Iter 4050/5004 | loss 0.0170 | lr 0.096123
2025-10-14 17:20:41,708 | INFO | Iter 4100/5004 | loss 0.0170 | lr 0.096323
2025-10-14 17:21:02,748 | INFO | Iter 4150/5004 | loss 0.0170 | lr 0.096523
2025-10-14 17:21:23,785 | INFO | Iter 4200/5004 | loss 0.0170 | lr 0.096723
2025-10-14 17:21:44,823 | INFO | Iter 4250/5004 | loss 0.0170 | lr 0.096922
2025-10-14 17:22:05,860 | INFO | Iter 4300/5004 | loss 0.0170 | lr 0.097122
2025-10-14 17:22:26,899 | INFO | Iter 4350/5004 | loss 0.0170 | lr 0.097322
2025-10-14 17:22:47,937 | INFO | Iter 4400/5004 | loss 0.0170 | lr 0.097522
2025-10-14 17:23:08,974 | INFO | Iter 4450/5004 | loss 0.0170 | lr 0.097722
2025-10-14 17:23:30,013 | INFO | Iter 4500/5004 | loss 0.0170 | lr 0.097922
2025-10-14 17:23:51,051 | INFO | Iter 4550/5004 | loss 0.0170 | lr 0.098122
2025-10-14 17:24:12,092 | INFO | Iter 4600/5004 | loss 0.0170 | lr 0.098321
2025-10-14 17:24:33,132 | INFO | Iter 4650/5004 | loss 0.0170 | lr 0.098521
2025-10-14 17:24:54,171 | INFO | Iter 4700/5004 | loss 0.0170 | lr 0.098721
2025-10-14 17:25:15,211 | INFO | Iter 4750/5004 | loss 0.0170 | lr 0.098921
2025-10-14 17:25:36,240 | INFO | Iter 4800/5004 | loss 0.0170 | lr 0.099121
2025-10-14 17:25:57,276 | INFO | Iter 4850/5004 | loss 0.0170 | lr 0.099321
2025-10-14 17:26:18,313 | INFO | Iter 4900/5004 | loss 0.0170 | lr 0.099520
2025-10-14 17:26:39,348 | INFO | Iter 4950/5004 | loss 0.0170 | lr 0.099720
2025-10-14 17:27:00,373 | INFO | Iter 5000/5004 | loss 0.0170 | lr 0.099920
2025-10-14 17:27:51,473 | INFO | Epoch 5/90 | Train loss 0.0170 | Val acc@1 39.01 | acc@5 65.75 | LR 0.099920
2025-10-14 17:28:14,511 | INFO | Iter 50/5004 | loss 0.0164 | lr 0.100000
2025-10-14 17:28:35,545 | INFO | Iter 100/5004 | loss 0.0166 | lr 0.100000
2025-10-14 17:28:56,580 | INFO | Iter 150/5004 | loss 0.0166 | lr 0.100000
2025-10-14 17:29:17,615 | INFO | Iter 200/5004 | loss 0.0166 | lr 0.100000
2025-10-14 17:29:38,656 | INFO | Iter 250/5004 | loss 0.0167 | lr 0.100000
2025-10-14 17:29:59,695 | INFO | Iter 300/5004 | loss 0.0167 | lr 0.100000
2025-10-14 17:30:20,736 | INFO | Iter 350/5004 | loss 0.0166 | lr 0.100000
2025-10-14 17:30:41,777 | INFO | Iter 400/5004 | loss 0.0167 | lr 0.100000
2025-10-14 17:31:02,815 | INFO | Iter 450/5004 | loss 0.0167 | lr 0.100000
2025-10-14 17:31:23,852 | INFO | Iter 500/5004 | loss 0.0168 | lr 0.100000
2025-10-14 17:31:44,889 | INFO | Iter 550/5004 | loss 0.0168 | lr 0.100000
2025-10-14 17:32:05,925 | INFO | Iter 600/5004 | loss 0.0167 | lr 0.100000
2025-10-14 17:32:26,961 | INFO | Iter 650/5004 | loss 0.0167 | lr 0.099999
2025-10-14 17:32:47,999 | INFO | Iter 700/5004 | loss 0.0167 | lr 0.099999
2025-10-14 17:33:09,036 | INFO | Iter 750/5004 | loss 0.0167 | lr 0.099999
2025-10-14 17:33:30,074 | INFO | Iter 800/5004 | loss 0.0167 | lr 0.099999
2025-10-14 17:33:51,115 | INFO | Iter 850/5004 | loss 0.0167 | lr 0.099999
2025-10-14 17:34:12,155 | INFO | Iter 900/5004 | loss 0.0167 | lr 0.099999
2025-10-14 17:34:33,192 | INFO | Iter 950/5004 | loss 0.0167 | lr 0.099999
2025-10-14 17:34:54,230 | INFO | Iter 1000/5004 | loss 0.0167 | lr 0.099999
2025-10-14 17:35:15,268 | INFO | Iter 1050/5004 | loss 0.0166 | lr 0.099999
2025-10-14 17:35:36,306 | INFO | Iter 1100/5004 | loss 0.0166 | lr 0.099998
2025-10-14 17:35:57,343 | INFO | Iter 1150/5004 | loss 0.0166 | lr 0.099998
2025-10-14 17:36:18,385 | INFO | Iter 1200/5004 | loss 0.0166 | lr 0.099998
2025-10-14 17:36:39,428 | INFO | Iter 1250/5004 | loss 0.0166 | lr 0.099998
2025-10-14 17:37:00,467 | INFO | Iter 1300/5004 | loss 0.0166 | lr 0.099998
2025-10-14 17:37:21,505 | INFO | Iter 1350/5004 | loss 0.0166 | lr 0.099998
2025-10-14 17:37:42,544 | INFO | Iter 1400/5004 | loss 0.0167 | lr 0.099997
2025-10-14 17:38:03,583 | INFO | Iter 1450/5004 | loss 0.0167 | lr 0.099997
2025-10-14 17:38:24,623 | INFO | Iter 1500/5004 | loss 0.0167 | lr 0.099997
2025-10-14 17:38:45,664 | INFO | Iter 1550/5004 | loss 0.0166 | lr 0.099997
2025-10-14 17:39:06,702 | INFO | Iter 1600/5004 | loss 0.0166 | lr 0.099997
2025-10-14 17:39:27,739 | INFO | Iter 1650/5004 | loss 0.0167 | lr 0.099996
2025-10-14 17:39:48,778 | INFO | Iter 1700/5004 | loss 0.0167 | lr 0.099996
2025-10-14 17:40:09,819 | INFO | Iter 1750/5004 | loss 0.0166 | lr 0.099996
2025-10-14 17:40:30,857 | INFO | Iter 1800/5004 | loss 0.0166 | lr 0.099996
2025-10-14 17:40:51,896 | INFO | Iter 1850/5004 | loss 0.0166 | lr 0.099995
2025-10-14 17:41:12,934 | INFO | Iter 1900/5004 | loss 0.0167 | lr 0.099995
2025-10-14 17:41:33,973 | INFO | Iter 1950/5004 | loss 0.0166 | lr 0.099995
2025-10-14 17:41:55,012 | INFO | Iter 2000/5004 | loss 0.0166 | lr 0.099995
2025-10-14 17:42:16,050 | INFO | Iter 2050/5004 | loss 0.0166 | lr 0.099994
2025-10-14 17:42:37,087 | INFO | Iter 2100/5004 | loss 0.0166 | lr 0.099994
2025-10-14 17:42:58,126 | INFO | Iter 2150/5004 | loss 0.0166 | lr 0.099994
2025-10-14 17:43:19,164 | INFO | Iter 2200/5004 | loss 0.0166 | lr 0.099994
2025-10-14 17:43:40,201 | INFO | Iter 2250/5004 | loss 0.0166 | lr 0.099993
2025-10-14 17:44:01,241 | INFO | Iter 2300/5004 | loss 0.0166 | lr 0.099993
2025-10-14 17:44:22,282 | INFO | Iter 2350/5004 | loss 0.0166 | lr 0.099993
2025-10-14 17:44:43,322 | INFO | Iter 2400/5004 | loss 0.0166 | lr 0.099992
2025-10-14 17:45:04,361 | INFO | Iter 2450/5004 | loss 0.0166 | lr 0.099992
2025-10-14 17:45:25,398 | INFO | Iter 2500/5004 | loss 0.0166 | lr 0.099992
2025-10-14 17:45:46,438 | INFO | Iter 2550/5004 | loss 0.0166 | lr 0.099991
2025-10-14 17:46:07,476 | INFO | Iter 2600/5004 | loss 0.0166 | lr 0.099991
2025-10-14 17:46:28,516 | INFO | Iter 2650/5004 | loss 0.0166 | lr 0.099991
2025-10-14 17:46:49,553 | INFO | Iter 2700/5004 | loss 0.0166 | lr 0.099990
2025-10-14 17:47:10,592 | INFO | Iter 2750/5004 | loss 0.0166 | lr 0.099990
2025-10-14 17:47:31,630 | INFO | Iter 2800/5004 | loss 0.0166 | lr 0.099989
2025-10-14 17:47:52,667 | INFO | Iter 2850/5004 | loss 0.0166 | lr 0.099989
2025-10-14 17:48:13,704 | INFO | Iter 2900/5004 | loss 0.0166 | lr 0.099989
2025-10-14 17:48:34,742 | INFO | Iter 2950/5004 | loss 0.0166 | lr 0.099988
2025-10-14 17:48:55,781 | INFO | Iter 3000/5004 | loss 0.0166 | lr 0.099988
2025-10-14 17:49:16,819 | INFO | Iter 3050/5004 | loss 0.0166 | lr 0.099987
2025-10-14 17:49:37,857 | INFO | Iter 3100/5004 | loss 0.0166 | lr 0.099987
2025-10-14 17:49:58,896 | INFO | Iter 3150/5004 | loss 0.0166 | lr 0.099987
2025-10-14 17:50:19,937 | INFO | Iter 3200/5004 | loss 0.0166 | lr 0.099986
2025-10-14 17:50:40,979 | INFO | Iter 3250/5004 | loss 0.0166 | lr 0.099986
2025-10-14 17:51:02,016 | INFO | Iter 3300/5004 | loss 0.0166 | lr 0.099985
2025-10-14 17:51:23,053 | INFO | Iter 3350/5004 | loss 0.0166 | lr 0.099985
2025-10-14 17:51:44,093 | INFO | Iter 3400/5004 | loss 0.0166 | lr 0.099984
2025-10-14 17:52:05,132 | INFO | Iter 3450/5004 | loss 0.0166 | lr 0.099984
2025-10-14 17:52:26,170 | INFO | Iter 3500/5004 | loss 0.0166 | lr 0.099983
2025-10-14 17:52:47,207 | INFO | Iter 3550/5004 | loss 0.0166 | lr 0.099983
2025-10-14 17:53:08,244 | INFO | Iter 3600/5004 | loss 0.0166 | lr 0.099983
2025-10-14 17:53:29,282 | INFO | Iter 3650/5004 | loss 0.0166 | lr 0.099982
2025-10-14 17:53:50,323 | INFO | Iter 3700/5004 | loss 0.0166 | lr 0.099982
2025-10-14 17:54:11,362 | INFO | Iter 3750/5004 | loss 0.0166 | lr 0.099981
2025-10-14 17:54:32,399 | INFO | Iter 3800/5004 | loss 0.0166 | lr 0.099981
2025-10-14 17:54:53,436 | INFO | Iter 3850/5004 | loss 0.0166 | lr 0.099980
2025-10-14 17:55:14,477 | INFO | Iter 3900/5004 | loss 0.0166 | lr 0.099979
2025-10-14 17:55:35,515 | INFO | Iter 3950/5004 | loss 0.0166 | lr 0.099979
2025-10-14 17:55:56,553 | INFO | Iter 4000/5004 | loss 0.0166 | lr 0.099978
2025-10-14 17:56:17,587 | INFO | Iter 4050/5004 | loss 0.0166 | lr 0.099978
2025-10-14 17:56:38,623 | INFO | Iter 4100/5004 | loss 0.0166 | lr 0.099977
2025-10-14 17:56:59,660 | INFO | Iter 4150/5004 | loss 0.0166 | lr 0.099977
2025-10-14 17:57:20,702 | INFO | Iter 4200/5004 | loss 0.0165 | lr 0.099976
2025-10-14 17:57:41,738 | INFO | Iter 4250/5004 | loss 0.0165 | lr 0.099976
2025-10-14 17:58:02,777 | INFO | Iter 4300/5004 | loss 0.0165 | lr 0.099975
2025-10-14 17:58:23,819 | INFO | Iter 4350/5004 | loss 0.0165 | lr 0.099974
2025-10-14 17:58:44,857 | INFO | Iter 4400/5004 | loss 0.0165 | lr 0.099974
2025-10-14 17:59:05,896 | INFO | Iter 4450/5004 | loss 0.0166 | lr 0.099973
2025-10-14 17:59:26,936 | INFO | Iter 4500/5004 | loss 0.0166 | lr 0.099973
2025-10-14 17:59:47,973 | INFO | Iter 4550/5004 | loss 0.0165 | lr 0.099972
2025-10-14 18:00:09,009 | INFO | Iter 4600/5004 | loss 0.0165 | lr 0.099971
2025-10-14 18:00:30,048 | INFO | Iter 4650/5004 | loss 0.0165 | lr 0.099971
2025-10-14 18:00:51,085 | INFO | Iter 4700/5004 | loss 0.0165 | lr 0.099970
2025-10-14 18:01:12,122 | INFO | Iter 4750/5004 | loss 0.0165 | lr 0.099969
2025-10-14 18:01:33,156 | INFO | Iter 4800/5004 | loss 0.0165 | lr 0.099969
2025-10-14 18:01:54,193 | INFO | Iter 4850/5004 | loss 0.0165 | lr 0.099968
2025-10-14 18:02:15,232 | INFO | Iter 4900/5004 | loss 0.0165 | lr 0.099968
2025-10-14 18:02:36,264 | INFO | Iter 4950/5004 | loss 0.0165 | lr 0.099967
2025-10-14 18:02:57,290 | INFO | Iter 5000/5004 | loss 0.0165 | lr 0.099966
2025-10-14 18:03:47,475 | INFO | Epoch 6/90 | Train loss 0.0165 | Val acc@1 41.79 | acc@5 68.83 | LR 0.099966
2025-10-14 18:04:10,662 | INFO | Iter 50/5004 | loss 0.0159 | lr 0.099965
2025-10-14 18:04:31,698 | INFO | Iter 100/5004 | loss 0.0157 | lr 0.099965
2025-10-14 18:04:52,733 | INFO | Iter 150/5004 | loss 0.0159 | lr 0.099964
2025-10-14 18:05:13,769 | INFO | Iter 200/5004 | loss 0.0161 | lr 0.099963
2025-10-14 18:05:34,807 | INFO | Iter 250/5004 | loss 0.0161 | lr 0.099963
2025-10-14 18:05:55,846 | INFO | Iter 300/5004 | loss 0.0161 | lr 0.099962
2025-10-14 18:06:16,882 | INFO | Iter 350/5004 | loss 0.0162 | lr 0.099961
2025-10-14 18:06:37,920 | INFO | Iter 400/5004 | loss 0.0162 | lr 0.099961
2025-10-14 18:06:58,957 | INFO | Iter 450/5004 | loss 0.0161 | lr 0.099960
2025-10-14 18:07:19,990 | INFO | Iter 500/5004 | loss 0.0161 | lr 0.099959
2025-10-14 18:07:41,027 | INFO | Iter 550/5004 | loss 0.0161 | lr 0.099958
2025-10-14 18:08:02,066 | INFO | Iter 600/5004 | loss 0.0162 | lr 0.099958
2025-10-14 18:08:23,105 | INFO | Iter 650/5004 | loss 0.0162 | lr 0.099957
2025-10-14 18:08:44,145 | INFO | Iter 700/5004 | loss 0.0162 | lr 0.099956
2025-10-14 18:09:05,182 | INFO | Iter 750/5004 | loss 0.0162 | lr 0.099955
2025-10-14 18:09:26,220 | INFO | Iter 800/5004 | loss 0.0162 | lr 0.099954
2025-10-14 18:09:47,259 | INFO | Iter 850/5004 | loss 0.0162 | lr 0.099954
2025-10-14 18:10:08,295 | INFO | Iter 900/5004 | loss 0.0162 | lr 0.099953
2025-10-14 18:10:29,333 | INFO | Iter 950/5004 | loss 0.0162 | lr 0.099952
2025-10-14 18:10:50,371 | INFO | Iter 1000/5004 | loss 0.0162 | lr 0.099951
2025-10-14 18:11:11,408 | INFO | Iter 1050/5004 | loss 0.0162 | lr 0.099950
2025-10-14 18:11:32,447 | INFO | Iter 1100/5004 | loss 0.0162 | lr 0.099950
2025-10-14 18:11:53,486 | INFO | Iter 1150/5004 | loss 0.0162 | lr 0.099949
2025-10-14 18:12:14,524 | INFO | Iter 1200/5004 | loss 0.0162 | lr 0.099948
2025-10-14 18:12:35,564 | INFO | Iter 1250/5004 | loss 0.0162 | lr 0.099947
2025-10-14 18:12:56,603 | INFO | Iter 1300/5004 | loss 0.0162 | lr 0.099946
2025-10-14 18:13:17,640 | INFO | Iter 1350/5004 | loss 0.0162 | lr 0.099945
2025-10-14 18:13:38,680 | INFO | Iter 1400/5004 | loss 0.0163 | lr 0.099944
2025-10-14 18:13:59,719 | INFO | Iter 1450/5004 | loss 0.0163 | lr 0.099944
2025-10-14 18:14:20,756 | INFO | Iter 1500/5004 | loss 0.0162 | lr 0.099943
2025-10-14 18:14:41,796 | INFO | Iter 1550/5004 | loss 0.0162 | lr 0.099942
2025-10-14 18:15:02,837 | INFO | Iter 1600/5004 | loss 0.0162 | lr 0.099941
2025-10-14 18:15:23,874 | INFO | Iter 1650/5004 | loss 0.0162 | lr 0.099940
2025-10-14 18:15:44,913 | INFO | Iter 1700/5004 | loss 0.0162 | lr 0.099939
2025-10-14 18:16:05,951 | INFO | Iter 1750/5004 | loss 0.0162 | lr 0.099938
2025-10-14 18:16:26,990 | INFO | Iter 1800/5004 | loss 0.0162 | lr 0.099937
2025-10-14 18:16:48,026 | INFO | Iter 1850/5004 | loss 0.0162 | lr 0.099936
2025-10-14 18:17:09,064 | INFO | Iter 1900/5004 | loss 0.0162 | lr 0.099935
2025-10-14 18:17:30,101 | INFO | Iter 1950/5004 | loss 0.0162 | lr 0.099935
2025-10-14 18:17:51,143 | INFO | Iter 2000/5004 | loss 0.0162 | lr 0.099934
2025-10-14 18:18:12,181 | INFO | Iter 2050/5004 | loss 0.0162 | lr 0.099933
2025-10-14 18:18:33,219 | INFO | Iter 2100/5004 | loss 0.0162 | lr 0.099932
2025-10-14 18:18:54,258 | INFO | Iter 2150/5004 | loss 0.0162 | lr 0.099931
2025-10-14 18:19:15,297 | INFO | Iter 2200/5004 | loss 0.0162 | lr 0.099930
2025-10-14 18:19:36,335 | INFO | Iter 2250/5004 | loss 0.0162 | lr 0.099929
2025-10-14 18:19:57,373 | INFO | Iter 2300/5004 | loss 0.0162 | lr 0.099928
2025-10-14 18:20:18,410 | INFO | Iter 2350/5004 | loss 0.0163 | lr 0.099927
2025-10-14 18:20:39,448 | INFO | Iter 2400/5004 | loss 0.0162 | lr 0.099926
2025-10-14 18:21:00,486 | INFO | Iter 2450/5004 | loss 0.0162 | lr 0.099925
2025-10-14 18:21:21,522 | INFO | Iter 2500/5004 | loss 0.0162 | lr 0.099924
2025-10-14 18:21:42,561 | INFO | Iter 2550/5004 | loss 0.0162 | lr 0.099923
2025-10-14 18:22:03,597 | INFO | Iter 2600/5004 | loss 0.0162 | lr 0.099922
2025-10-14 18:22:24,634 | INFO | Iter 2650/5004 | loss 0.0162 | lr 0.099921
2025-10-14 18:22:45,672 | INFO | Iter 2700/5004 | loss 0.0162 | lr 0.099920
2025-10-14 18:23:06,709 | INFO | Iter 2750/5004 | loss 0.0162 | lr 0.099919
2025-10-14 18:23:27,749 | INFO | Iter 2800/5004 | loss 0.0162 | lr 0.099917
2025-10-14 18:23:48,784 | INFO | Iter 2850/5004 | loss 0.0162 | lr 0.099916
2025-10-14 18:24:09,822 | INFO | Iter 2900/5004 | loss 0.0162 | lr 0.099915
2025-10-14 18:24:30,860 | INFO | Iter 2950/5004 | loss 0.0162 | lr 0.099914
2025-10-14 18:24:51,897 | INFO | Iter 3000/5004 | loss 0.0162 | lr 0.099913
2025-10-14 18:25:12,935 | INFO | Iter 3050/5004 | loss 0.0162 | lr 0.099912
2025-10-14 18:25:33,975 | INFO | Iter 3100/5004 | loss 0.0162 | lr 0.099911
2025-10-14 18:25:55,013 | INFO | Iter 3150/5004 | loss 0.0162 | lr 0.099910
2025-10-14 18:26:16,052 | INFO | Iter 3200/5004 | loss 0.0162 | lr 0.099909
2025-10-14 18:26:37,089 | INFO | Iter 3250/5004 | loss 0.0162 | lr 0.099908
2025-10-14 18:26:58,125 | INFO | Iter 3300/5004 | loss 0.0162 | lr 0.099907
2025-10-14 18:27:19,163 | INFO | Iter 3350/5004 | loss 0.0162 | lr 0.099905
2025-10-14 18:27:40,201 | INFO | Iter 3400/5004 | loss 0.0162 | lr 0.099904
2025-10-14 18:28:01,242 | INFO | Iter 3450/5004 | loss 0.0162 | lr 0.099903
2025-10-14 18:28:22,285 | INFO | Iter 3500/5004 | loss 0.0162 | lr 0.099902
2025-10-14 18:28:43,324 | INFO | Iter 3550/5004 | loss 0.0162 | lr 0.099901
2025-10-14 18:29:04,363 | INFO | Iter 3600/5004 | loss 0.0162 | lr 0.099900
2025-10-14 18:29:25,402 | INFO | Iter 3650/5004 | loss 0.0162 | lr 0.099898
2025-10-14 18:29:46,444 | INFO | Iter 3700/5004 | loss 0.0162 | lr 0.099897
2025-10-14 18:30:07,483 | INFO | Iter 3750/5004 | loss 0.0162 | lr 0.099896
2025-10-14 18:30:28,520 | INFO | Iter 3800/5004 | loss 0.0162 | lr 0.099895
2025-10-14 18:30:49,557 | INFO | Iter 3850/5004 | loss 0.0162 | lr 0.099894
2025-10-14 18:31:10,597 | INFO | Iter 3900/5004 | loss 0.0162 | lr 0.099892
2025-10-14 18:31:31,637 | INFO | Iter 3950/5004 | loss 0.0162 | lr 0.099891
2025-10-14 18:31:52,675 | INFO | Iter 4000/5004 | loss 0.0162 | lr 0.099890
2025-10-14 18:32:13,714 | INFO | Iter 4050/5004 | loss 0.0162 | lr 0.099889
2025-10-14 18:32:34,751 | INFO | Iter 4100/5004 | loss 0.0162 | lr 0.099888
2025-10-14 18:32:55,788 | INFO | Iter 4150/5004 | loss 0.0162 | lr 0.099886
2025-10-14 18:33:16,828 | INFO | Iter 4200/5004 | loss 0.0162 | lr 0.099885
2025-10-14 18:33:37,865 | INFO | Iter 4250/5004 | loss 0.0162 | lr 0.099884
2025-10-14 18:33:58,903 | INFO | Iter 4300/5004 | loss 0.0162 | lr 0.099883
2025-10-14 18:34:19,941 | INFO | Iter 4350/5004 | loss 0.0162 | lr 0.099881
2025-10-14 18:34:40,978 | INFO | Iter 4400/5004 | loss 0.0162 | lr 0.099880
2025-10-14 18:35:02,014 | INFO | Iter 4450/5004 | loss 0.0162 | lr 0.099879
2025-10-14 18:35:23,055 | INFO | Iter 4500/5004 | loss 0.0162 | lr 0.099877
2025-10-14 18:35:44,088 | INFO | Iter 4550/5004 | loss 0.0162 | lr 0.099876
2025-10-14 18:36:05,126 | INFO | Iter 4600/5004 | loss 0.0162 | lr 0.099875
2025-10-14 18:36:26,163 | INFO | Iter 4650/5004 | loss 0.0162 | lr 0.099874
2025-10-14 18:36:47,199 | INFO | Iter 4700/5004 | loss 0.0162 | lr 0.099872
2025-10-14 18:37:08,239 | INFO | Iter 4750/5004 | loss 0.0161 | lr 0.099871
2025-10-14 18:37:29,273 | INFO | Iter 4800/5004 | loss 0.0161 | lr 0.099870
2025-10-14 18:37:50,310 | INFO | Iter 4850/5004 | loss 0.0161 | lr 0.099868
2025-10-14 18:38:11,346 | INFO | Iter 4900/5004 | loss 0.0161 | lr 0.099867
2025-10-14 18:38:32,382 | INFO | Iter 4950/5004 | loss 0.0161 | lr 0.099866
2025-10-14 18:38:53,409 | INFO | Iter 5000/5004 | loss 0.0161 | lr 0.099864
2025-10-14 18:39:43,627 | INFO | Epoch 7/90 | Train loss 0.0161 | Val acc@1 44.95 | acc@5 72.01 | LR 0.099864
2025-10-14 18:40:06,197 | INFO | Iter 50/5004 | loss 0.0159 | lr 0.099863
2025-10-14 18:40:27,235 | INFO | Iter 100/5004 | loss 0.0160 | lr 0.099861
2025-10-14 18:40:48,272 | INFO | Iter 150/5004 | loss 0.0163 | lr 0.099860
2025-10-14 18:41:09,308 | INFO | Iter 200/5004 | loss 0.0162 | lr 0.099859
2025-10-14 18:41:30,344 | INFO | Iter 250/5004 | loss 0.0160 | lr 0.099857
2025-10-14 18:41:51,380 | INFO | Iter 300/5004 | loss 0.0159 | lr 0.099856
2025-10-14 18:42:12,415 | INFO | Iter 350/5004 | loss 0.0159 | lr 0.099855
2025-10-14 18:42:33,453 | INFO | Iter 400/5004 | loss 0.0159 | lr 0.099853
2025-10-14 18:42:54,491 | INFO | Iter 450/5004 | loss 0.0160 | lr 0.099852
2025-10-14 18:43:15,530 | INFO | Iter 500/5004 | loss 0.0159 | lr 0.099850
2025-10-14 18:43:36,569 | INFO | Iter 550/5004 | loss 0.0160 | lr 0.099849
2025-10-14 18:43:57,607 | INFO | Iter 600/5004 | loss 0.0160 | lr 0.099847
2025-10-14 18:44:18,643 | INFO | Iter 650/5004 | loss 0.0160 | lr 0.099846
2025-10-14 18:44:39,682 | INFO | Iter 700/5004 | loss 0.0159 | lr 0.099845
2025-10-14 18:45:00,720 | INFO | Iter 750/5004 | loss 0.0160 | lr 0.099843
2025-10-14 18:45:21,754 | INFO | Iter 800/5004 | loss 0.0159 | lr 0.099842
2025-10-14 18:45:42,794 | INFO | Iter 850/5004 | loss 0.0160 | lr 0.099840
2025-10-14 18:46:03,832 | INFO | Iter 900/5004 | loss 0.0160 | lr 0.099839
2025-10-14 18:46:24,869 | INFO | Iter 950/5004 | loss 0.0160 | lr 0.099837
2025-10-14 18:46:45,909 | INFO | Iter 1000/5004 | loss 0.0159 | lr 0.099836
2025-10-14 18:47:06,946 | INFO | Iter 1050/5004 | loss 0.0159 | lr 0.099834
2025-10-14 18:47:27,984 | INFO | Iter 1100/5004 | loss 0.0159 | lr 0.099833
2025-10-14 18:47:49,022 | INFO | Iter 1150/5004 | loss 0.0159 | lr 0.099831
2025-10-14 18:48:10,060 | INFO | Iter 1200/5004 | loss 0.0159 | lr 0.099830
2025-10-14 18:48:31,098 | INFO | Iter 1250/5004 | loss 0.0159 | lr 0.099828
2025-10-14 18:48:52,137 | INFO | Iter 1300/5004 | loss 0.0159 | lr 0.099827
2025-10-14 18:49:13,175 | INFO | Iter 1350/5004 | loss 0.0159 | lr 0.099825
2025-10-14 18:49:34,211 | INFO | Iter 1400/5004 | loss 0.0159 | lr 0.099823
2025-10-14 18:49:55,249 | INFO | Iter 1450/5004 | loss 0.0159 | lr 0.099822
2025-10-14 18:50:16,290 | INFO | Iter 1500/5004 | loss 0.0159 | lr 0.099820
2025-10-14 18:50:37,328 | INFO | Iter 1550/5004 | loss 0.0159 | lr 0.099819
2025-10-14 18:50:58,366 | INFO | Iter 1600/5004 | loss 0.0159 | lr 0.099817
2025-10-14 18:51:19,406 | INFO | Iter 1650/5004 | loss 0.0159 | lr 0.099816
2025-10-14 18:51:40,442 | INFO | Iter 1700/5004 | loss 0.0159 | lr 0.099814
2025-10-14 18:52:01,480 | INFO | Iter 1750/5004 | loss 0.0159 | lr 0.099812
2025-10-14 18:52:22,517 | INFO | Iter 1800/5004 | loss 0.0159 | lr 0.099811
2025-10-14 18:52:43,556 | INFO | Iter 1850/5004 | loss 0.0159 | lr 0.099809
2025-10-14 18:53:04,596 | INFO | Iter 1900/5004 | loss 0.0159 | lr 0.099808
2025-10-14 18:53:25,634 | INFO | Iter 1950/5004 | loss 0.0159 | lr 0.099806
2025-10-14 18:53:46,675 | INFO | Iter 2000/5004 | loss 0.0159 | lr 0.099804
2025-10-14 18:54:07,713 | INFO | Iter 2050/5004 | loss 0.0159 | lr 0.099803
2025-10-14 18:54:28,752 | INFO | Iter 2100/5004 | loss 0.0159 | lr 0.099801
2025-10-14 18:54:49,788 | INFO | Iter 2150/5004 | loss 0.0159 | lr 0.099799
2025-10-14 18:55:10,825 | INFO | Iter 2200/5004 | loss 0.0159 | lr 0.099798
2025-10-14 18:55:31,863 | INFO | Iter 2250/5004 | loss 0.0159 | lr 0.099796
2025-10-14 18:55:52,905 | INFO | Iter 2300/5004 | loss 0.0159 | lr 0.099794
2025-10-14 18:56:13,946 | INFO | Iter 2350/5004 | loss 0.0159 | lr 0.099793
2025-10-14 18:56:34,983 | INFO | Iter 2400/5004 | loss 0.0159 | lr 0.099791
2025-10-14 18:56:56,019 | INFO | Iter 2450/5004 | loss 0.0159 | lr 0.099789
2025-10-14 18:57:17,054 | INFO | Iter 2500/5004 | loss 0.0159 | lr 0.099788
2025-10-14 18:57:38,095 | INFO | Iter 2550/5004 | loss 0.0159 | lr 0.099786
2025-10-14 18:57:59,132 | INFO | Iter 2600/5004 | loss 0.0159 | lr 0.099784
2025-10-14 18:58:20,172 | INFO | Iter 2650/5004 | loss 0.0159 | lr 0.099783
2025-10-14 18:58:41,210 | INFO | Iter 2700/5004 | loss 0.0159 | lr 0.099781
2025-10-14 18:59:02,253 | INFO | Iter 2750/5004 | loss 0.0159 | lr 0.099779
2025-10-14 18:59:23,288 | INFO | Iter 2800/5004 | loss 0.0159 | lr 0.099777
2025-10-14 18:59:44,327 | INFO | Iter 2850/5004 | loss 0.0159 | lr 0.099776
2025-10-14 19:00:05,364 | INFO | Iter 2900/5004 | loss 0.0159 | lr 0.099774
2025-10-14 19:00:26,403 | INFO | Iter 2950/5004 | loss 0.0159 | lr 0.099772
2025-10-14 19:00:47,439 | INFO | Iter 3000/5004 | loss 0.0159 | lr 0.099770
2025-10-14 19:01:08,479 | INFO | Iter 3050/5004 | loss 0.0159 | lr 0.099769
2025-10-14 19:01:29,518 | INFO | Iter 3100/5004 | loss 0.0159 | lr 0.099767
2025-10-14 19:01:50,557 | INFO | Iter 3150/5004 | loss 0.0159 | lr 0.099765
2025-10-14 19:02:11,597 | INFO | Iter 3200/5004 | loss 0.0159 | lr 0.099763
2025-10-14 19:02:32,635 | INFO | Iter 3250/5004 | loss 0.0159 | lr 0.099761
2025-10-14 19:02:53,673 | INFO | Iter 3300/5004 | loss 0.0159 | lr 0.099760
2025-10-14 19:03:14,712 | INFO | Iter 3350/5004 | loss 0.0159 | lr 0.099758
2025-10-14 19:03:35,751 | INFO | Iter 3400/5004 | loss 0.0159 | lr 0.099756
2025-10-14 19:03:56,791 | INFO | Iter 3450/5004 | loss 0.0159 | lr 0.099754
2025-10-14 19:04:17,830 | INFO | Iter 3500/5004 | loss 0.0159 | lr 0.099752
2025-10-14 19:04:38,868 | INFO | Iter 3550/5004 | loss 0.0159 | lr 0.099751
2025-10-14 19:04:59,906 | INFO | Iter 3600/5004 | loss 0.0159 | lr 0.099749
2025-10-14 19:05:20,944 | INFO | Iter 3650/5004 | loss 0.0159 | lr 0.099747
2025-10-14 19:05:41,982 | INFO | Iter 3700/5004 | loss 0.0159 | lr 0.099745
2025-10-14 19:06:03,021 | INFO | Iter 3750/5004 | loss 0.0159 | lr 0.099743
2025-10-14 19:06:24,059 | INFO | Iter 3800/5004 | loss 0.0159 | lr 0.099741
2025-10-14 19:06:45,097 | INFO | Iter 3850/5004 | loss 0.0159 | lr 0.099739
2025-10-14 19:07:06,135 | INFO | Iter 3900/5004 | loss 0.0159 | lr 0.099737
2025-10-14 19:07:27,174 | INFO | Iter 3950/5004 | loss 0.0159 | lr 0.099736
2025-10-14 19:07:48,214 | INFO | Iter 4000/5004 | loss 0.0159 | lr 0.099734
2025-10-14 19:08:09,252 | INFO | Iter 4050/5004 | loss 0.0159 | lr 0.099732
2025-10-14 19:08:30,291 | INFO | Iter 4100/5004 | loss 0.0159 | lr 0.099730
2025-10-14 19:08:51,331 | INFO | Iter 4150/5004 | loss 0.0159 | lr 0.099728
2025-10-14 19:09:12,369 | INFO | Iter 4200/5004 | loss 0.0159 | lr 0.099726
2025-10-14 19:09:33,408 | INFO | Iter 4250/5004 | loss 0.0159 | lr 0.099724
2025-10-14 19:09:54,444 | INFO | Iter 4300/5004 | loss 0.0159 | lr 0.099722
2025-10-14 19:10:15,482 | INFO | Iter 4350/5004 | loss 0.0158 | lr 0.099720
2025-10-14 19:10:36,519 | INFO | Iter 4400/5004 | loss 0.0159 | lr 0.099718
2025-10-14 19:10:57,556 | INFO | Iter 4450/5004 | loss 0.0159 | lr 0.099716
2025-10-14 19:11:18,595 | INFO | Iter 4500/5004 | loss 0.0158 | lr 0.099714
2025-10-14 19:11:39,635 | INFO | Iter 4550/5004 | loss 0.0158 | lr 0.099712
2025-10-14 19:12:00,676 | INFO | Iter 4600/5004 | loss 0.0158 | lr 0.099710
2025-10-14 19:12:21,712 | INFO | Iter 4650/5004 | loss 0.0158 | lr 0.099708
2025-10-14 19:12:42,749 | INFO | Iter 4700/5004 | loss 0.0158 | lr 0.099706
2025-10-14 19:13:03,785 | INFO | Iter 4750/5004 | loss 0.0158 | lr 0.099704
2025-10-14 19:13:24,818 | INFO | Iter 4800/5004 | loss 0.0158 | lr 0.099702
2025-10-14 19:13:45,855 | INFO | Iter 4850/5004 | loss 0.0158 | lr 0.099700
2025-10-14 19:14:06,893 | INFO | Iter 4900/5004 | loss 0.0158 | lr 0.099698
2025-10-14 19:14:27,929 | INFO | Iter 4950/5004 | loss 0.0158 | lr 0.099696
2025-10-14 19:14:48,953 | INFO | Iter 5000/5004 | loss 0.0158 | lr 0.099694
2025-10-14 19:15:40,134 | INFO | Epoch 8/90 | Train loss 0.0158 | Val acc@1 47.47 | acc@5 74.18 | LR 0.099694
2025-10-14 19:16:02,869 | INFO | Iter 50/5004 | loss 0.0156 | lr 0.099692
2025-10-14 19:16:23,904 | INFO | Iter 100/5004 | loss 0.0158 | lr 0.099690
2025-10-14 19:16:44,941 | INFO | Iter 150/5004 | loss 0.0157 | lr 0.099688
2025-10-14 19:17:05,977 | INFO | Iter 200/5004 | loss 0.0158 | lr 0.099686
2025-10-14 19:17:27,015 | INFO | Iter 250/5004 | loss 0.0158 | lr 0.099684
2025-10-14 19:17:48,053 | INFO | Iter 300/5004 | loss 0.0159 | lr 0.099682
2025-10-14 19:18:09,091 | INFO | Iter 350/5004 | loss 0.0159 | lr 0.099680
2025-10-14 19:18:30,127 | INFO | Iter 400/5004 | loss 0.0158 | lr 0.099678
2025-10-14 19:18:51,169 | INFO | Iter 450/5004 | loss 0.0159 | lr 0.099676
2025-10-14 19:19:12,208 | INFO | Iter 500/5004 | loss 0.0158 | lr 0.099674
2025-10-14 19:19:33,247 | INFO | Iter 550/5004 | loss 0.0159 | lr 0.099671
2025-10-14 19:19:54,287 | INFO | Iter 600/5004 | loss 0.0159 | lr 0.099669
2025-10-14 19:20:15,326 | INFO | Iter 650/5004 | loss 0.0159 | lr 0.099667
2025-10-14 19:20:36,363 | INFO | Iter 700/5004 | loss 0.0159 | lr 0.099665
2025-10-14 19:20:57,400 | INFO | Iter 750/5004 | loss 0.0158 | lr 0.099663
2025-10-14 19:21:18,439 | INFO | Iter 800/5004 | loss 0.0158 | lr 0.099661
2025-10-14 19:21:39,476 | INFO | Iter 850/5004 | loss 0.0158 | lr 0.099659
2025-10-14 19:22:00,515 | INFO | Iter 900/5004 | loss 0.0158 | lr 0.099656
2025-10-14 19:22:21,550 | INFO | Iter 950/5004 | loss 0.0158 | lr 0.099654
2025-10-14 19:22:42,589 | INFO | Iter 1000/5004 | loss 0.0158 | lr 0.099652
2025-10-14 19:23:03,628 | INFO | Iter 1050/5004 | loss 0.0157 | lr 0.099650
2025-10-14 19:23:24,665 | INFO | Iter 1100/5004 | loss 0.0157 | lr 0.099648
2025-10-14 19:23:45,704 | INFO | Iter 1150/5004 | loss 0.0157 | lr 0.099646
2025-10-14 19:24:06,742 | INFO | Iter 1200/5004 | loss 0.0157 | lr 0.099643
2025-10-14 19:24:27,779 | INFO | Iter 1250/5004 | loss 0.0157 | lr 0.099641
2025-10-14 19:24:48,816 | INFO | Iter 1300/5004 | loss 0.0157 | lr 0.099639
2025-10-14 19:25:09,854 | INFO | Iter 1350/5004 | loss 0.0157 | lr 0.099637
2025-10-14 19:25:30,892 | INFO | Iter 1400/5004 | loss 0.0157 | lr 0.099635
2025-10-14 19:25:51,928 | INFO | Iter 1450/5004 | loss 0.0157 | lr 0.099632
2025-10-14 19:26:12,967 | INFO | Iter 1500/5004 | loss 0.0157 | lr 0.099630
2025-10-14 19:26:34,003 | INFO | Iter 1550/5004 | loss 0.0157 | lr 0.099628
2025-10-14 19:26:55,039 | INFO | Iter 1600/5004 | loss 0.0157 | lr 0.099626
2025-10-14 19:27:16,078 | INFO | Iter 1650/5004 | loss 0.0157 | lr 0.099623
2025-10-14 19:27:37,117 | INFO | Iter 1700/5004 | loss 0.0157 | lr 0.099621
2025-10-14 19:27:58,153 | INFO | Iter 1750/5004 | loss 0.0157 | lr 0.099619
2025-10-14 19:28:19,189 | INFO | Iter 1800/5004 | loss 0.0157 | lr 0.099616
2025-10-14 19:28:40,228 | INFO | Iter 1850/5004 | loss 0.0157 | lr 0.099614
2025-10-14 19:29:01,264 | INFO | Iter 1900/5004 | loss 0.0157 | lr 0.099612
2025-10-14 19:29:22,301 | INFO | Iter 1950/5004 | loss 0.0157 | lr 0.099610
2025-10-14 19:29:43,335 | INFO | Iter 2000/5004 | loss 0.0157 | lr 0.099607
2025-10-14 19:30:04,374 | INFO | Iter 2050/5004 | loss 0.0157 | lr 0.099605
2025-10-14 19:30:25,410 | INFO | Iter 2100/5004 | loss 0.0157 | lr 0.099603
2025-10-14 19:30:46,448 | INFO | Iter 2150/5004 | loss 0.0157 | lr 0.099600
2025-10-14 19:31:07,484 | INFO | Iter 2200/5004 | loss 0.0157 | lr 0.099598
2025-10-14 19:31:28,517 | INFO | Iter 2250/5004 | loss 0.0157 | lr 0.099596
2025-10-14 19:31:49,555 | INFO | Iter 2300/5004 | loss 0.0157 | lr 0.099593
2025-10-14 19:32:10,592 | INFO | Iter 2350/5004 | loss 0.0157 | lr 0.099591
2025-10-14 19:32:31,628 | INFO | Iter 2400/5004 | loss 0.0157 | lr 0.099589
2025-10-14 19:32:52,668 | INFO | Iter 2450/5004 | loss 0.0157 | lr 0.099586
2025-10-14 19:33:13,704 | INFO | Iter 2500/5004 | loss 0.0157 | lr 0.099584
2025-10-14 19:33:34,744 | INFO | Iter 2550/5004 | loss 0.0157 | lr 0.099581
2025-10-14 19:33:55,781 | INFO | Iter 2600/5004 | loss 0.0157 | lr 0.099579
2025-10-14 19:34:16,820 | INFO | Iter 2650/5004 | loss 0.0157 | lr 0.099577
2025-10-14 19:34:37,858 | INFO | Iter 2700/5004 | loss 0.0157 | lr 0.099574
2025-10-14 19:34:58,897 | INFO | Iter 2750/5004 | loss 0.0157 | lr 0.099572
2025-10-14 19:35:19,935 | INFO | Iter 2800/5004 | loss 0.0157 | lr 0.099569
2025-10-14 19:35:40,973 | INFO | Iter 2850/5004 | loss 0.0157 | lr 0.099567
2025-10-14 19:36:02,010 | INFO | Iter 2900/5004 | loss 0.0157 | lr 0.099565
2025-10-14 19:36:23,049 | INFO | Iter 2950/5004 | loss 0.0157 | lr 0.099562
2025-10-14 19:36:44,083 | INFO | Iter 3000/5004 | loss 0.0157 | lr 0.099560
2025-10-14 19:37:05,120 | INFO | Iter 3050/5004 | loss 0.0157 | lr 0.099557
2025-10-14 19:37:26,158 | INFO | Iter 3100/5004 | loss 0.0157 | lr 0.099555
2025-10-14 19:37:47,195 | INFO | Iter 3150/5004 | loss 0.0157 | lr 0.099552
2025-10-14 19:38:08,233 | INFO | Iter 3200/5004 | loss 0.0157 | lr 0.099550
2025-10-14 19:38:29,271 | INFO | Iter 3250/5004 | loss 0.0157 | lr 0.099547
2025-10-14 19:38:50,308 | INFO | Iter 3300/5004 | loss 0.0157 | lr 0.099545
2025-10-14 19:39:11,348 | INFO | Iter 3350/5004 | loss 0.0157 | lr 0.099542
2025-10-14 19:39:32,384 | INFO | Iter 3400/5004 | loss 0.0157 | lr 0.099540
2025-10-14 19:39:53,423 | INFO | Iter 3450/5004 | loss 0.0157 | lr 0.099537
2025-10-14 19:40:14,461 | INFO | Iter 3500/5004 | loss 0.0157 | lr 0.099535
2025-10-14 19:40:35,497 | INFO | Iter 3550/5004 | loss 0.0157 | lr 0.099532
2025-10-14 19:40:56,534 | INFO | Iter 3600/5004 | loss 0.0157 | lr 0.099530
2025-10-14 19:41:17,574 | INFO | Iter 3650/5004 | loss 0.0157 | lr 0.099527
2025-10-14 19:41:38,612 | INFO | Iter 3700/5004 | loss 0.0156 | lr 0.099525
2025-10-14 19:41:59,648 | INFO | Iter 3750/5004 | loss 0.0156 | lr 0.099522
2025-10-14 19:42:20,684 | INFO | Iter 3800/5004 | loss 0.0157 | lr 0.099520
2025-10-14 19:42:41,723 | INFO | Iter 3850/5004 | loss 0.0156 | lr 0.099517
2025-10-14 19:43:02,760 | INFO | Iter 3900/5004 | loss 0.0156 | lr 0.099515
2025-10-14 19:43:23,798 | INFO | Iter 3950/5004 | loss 0.0156 | lr 0.099512
2025-10-14 19:43:44,834 | INFO | Iter 4000/5004 | loss 0.0156 | lr 0.099509
2025-10-14 19:44:05,871 | INFO | Iter 4050/5004 | loss 0.0156 | lr 0.099507
2025-10-14 19:44:26,910 | INFO | Iter 4100/5004 | loss 0.0156 | lr 0.099504
2025-10-14 19:44:47,948 | INFO | Iter 4150/5004 | loss 0.0156 | lr 0.099502
2025-10-14 19:45:08,985 | INFO | Iter 4200/5004 | loss 0.0156 | lr 0.099499
2025-10-14 19:45:30,022 | INFO | Iter 4250/5004 | loss 0.0156 | lr 0.099497
2025-10-14 19:45:51,060 | INFO | Iter 4300/5004 | loss 0.0156 | lr 0.099494
2025-10-14 19:46:12,098 | INFO | Iter 4350/5004 | loss 0.0156 | lr 0.099491
2025-10-14 19:46:33,135 | INFO | Iter 4400/5004 | loss 0.0156 | lr 0.099489
2025-10-14 19:46:54,172 | INFO | Iter 4450/5004 | loss 0.0156 | lr 0.099486
2025-10-14 19:47:15,213 | INFO | Iter 4500/5004 | loss 0.0156 | lr 0.099483
2025-10-14 19:47:36,252 | INFO | Iter 4550/5004 | loss 0.0156 | lr 0.099481
2025-10-14 19:47:57,293 | INFO | Iter 4600/5004 | loss 0.0156 | lr 0.099478
2025-10-14 19:48:18,334 | INFO | Iter 4650/5004 | loss 0.0156 | lr 0.099475
2025-10-14 19:48:39,366 | INFO | Iter 4700/5004 | loss 0.0156 | lr 0.099473
2025-10-14 19:49:00,406 | INFO | Iter 4750/5004 | loss 0.0156 | lr 0.099470
2025-10-14 19:49:21,439 | INFO | Iter 4800/5004 | loss 0.0156 | lr 0.099467
2025-10-14 19:49:42,476 | INFO | Iter 4850/5004 | loss 0.0156 | lr 0.099465
2025-10-14 19:50:03,513 | INFO | Iter 4900/5004 | loss 0.0156 | lr 0.099462
2025-10-14 19:50:24,549 | INFO | Iter 4950/5004 | loss 0.0156 | lr 0.099459
2025-10-14 19:50:45,574 | INFO | Iter 5000/5004 | loss 0.0156 | lr 0.099457
2025-10-14 19:51:33,978 | INFO | Epoch 9/90 | Train loss 0.0156 | Val acc@1 47.46 | acc@5 74.31 | LR 0.099457
2025-10-14 19:51:57,004 | INFO | Iter 50/5004 | loss 0.0155 | lr 0.099454
2025-10-14 19:52:18,042 | INFO | Iter 100/5004 | loss 0.0154 | lr 0.099451
2025-10-14 19:52:39,079 | INFO | Iter 150/5004 | loss 0.0153 | lr 0.099448
2025-10-14 19:53:00,114 | INFO | Iter 200/5004 | loss 0.0155 | lr 0.099446
2025-10-14 19:53:21,152 | INFO | Iter 250/5004 | loss 0.0154 | lr 0.099443
2025-10-14 19:53:42,189 | INFO | Iter 300/5004 | loss 0.0154 | lr 0.099440
2025-10-14 19:54:03,225 | INFO | Iter 350/5004 | loss 0.0155 | lr 0.099437
2025-10-14 19:54:24,263 | INFO | Iter 400/5004 | loss 0.0155 | lr 0.099435
2025-10-14 19:54:45,302 | INFO | Iter 450/5004 | loss 0.0155 | lr 0.099432
2025-10-14 19:55:06,339 | INFO | Iter 500/5004 | loss 0.0155 | lr 0.099429
2025-10-14 19:55:27,377 | INFO | Iter 550/5004 | loss 0.0155 | lr 0.099426
2025-10-14 19:55:48,412 | INFO | Iter 600/5004 | loss 0.0155 | lr 0.099423
2025-10-14 19:56:09,451 | INFO | Iter 650/5004 | loss 0.0155 | lr 0.099421
2025-10-14 19:56:30,489 | INFO | Iter 700/5004 | loss 0.0155 | lr 0.099418
2025-10-14 19:56:51,530 | INFO | Iter 750/5004 | loss 0.0155 | lr 0.099415
2025-10-14 19:57:12,569 | INFO | Iter 800/5004 | loss 0.0155 | lr 0.099412
2025-10-14 19:57:33,607 | INFO | Iter 850/5004 | loss 0.0155 | lr 0.099409
2025-10-14 19:57:54,643 | INFO | Iter 900/5004 | loss 0.0155 | lr 0.099407
2025-10-14 19:58:15,680 | INFO | Iter 950/5004 | loss 0.0155 | lr 0.099404
2025-10-14 19:58:36,717 | INFO | Iter 1000/5004 | loss 0.0155 | lr 0.099401
2025-10-14 19:58:57,755 | INFO | Iter 1050/5004 | loss 0.0155 | lr 0.099398
2025-10-14 19:59:18,791 | INFO | Iter 1100/5004 | loss 0.0155 | lr 0.099395
2025-10-14 19:59:39,829 | INFO | Iter 1150/5004 | loss 0.0155 | lr 0.099392
2025-10-14 20:00:00,867 | INFO | Iter 1200/5004 | loss 0.0155 | lr 0.099389
2025-10-14 20:00:21,904 | INFO | Iter 1250/5004 | loss 0.0155 | lr 0.099387
2025-10-14 20:00:42,943 | INFO | Iter 1300/5004 | loss 0.0155 | lr 0.099384
2025-10-14 20:01:03,980 | INFO | Iter 1350/5004 | loss 0.0155 | lr 0.099381
2025-10-14 20:01:25,017 | INFO | Iter 1400/5004 | loss 0.0155 | lr 0.099378
2025-10-14 20:01:46,055 | INFO | Iter 1450/5004 | loss 0.0155 | lr 0.099375
2025-10-14 20:02:07,091 | INFO | Iter 1500/5004 | loss 0.0155 | lr 0.099372
2025-10-14 20:02:28,128 | INFO | Iter 1550/5004 | loss 0.0155 | lr 0.099369
2025-10-14 20:02:49,163 | INFO | Iter 1600/5004 | loss 0.0155 | lr 0.099366
2025-10-14 20:03:10,202 | INFO | Iter 1650/5004 | loss 0.0155 | lr 0.099363
2025-10-14 20:03:31,239 | INFO | Iter 1700/5004 | loss 0.0155 | lr 0.099360
2025-10-14 20:03:52,277 | INFO | Iter 1750/5004 | loss 0.0155 | lr 0.099357
2025-10-14 20:04:13,315 | INFO | Iter 1800/5004 | loss 0.0155 | lr 0.099354
2025-10-14 20:04:34,353 | INFO | Iter 1850/5004 | loss 0.0156 | lr 0.099351
2025-10-14 20:04:55,390 | INFO | Iter 1900/5004 | loss 0.0156 | lr 0.099349
2025-10-14 20:05:16,428 | INFO | Iter 1950/5004 | loss 0.0155 | lr 0.099346
2025-10-14 20:05:37,465 | INFO | Iter 2000/5004 | loss 0.0155 | lr 0.099343
2025-10-14 20:05:58,503 | INFO | Iter 2050/5004 | loss 0.0155 | lr 0.099340
2025-10-14 20:06:19,541 | INFO | Iter 2100/5004 | loss 0.0155 | lr 0.099337
2025-10-14 20:06:40,580 | INFO | Iter 2150/5004 | loss 0.0155 | lr 0.099334
2025-10-14 20:07:01,620 | INFO | Iter 2200/5004 | loss 0.0155 | lr 0.099331
2025-10-14 20:07:22,658 | INFO | Iter 2250/5004 | loss 0.0155 | lr 0.099328
2025-10-14 20:07:43,697 | INFO | Iter 2300/5004 | loss 0.0155 | lr 0.099325
2025-10-14 20:08:04,735 | INFO | Iter 2350/5004 | loss 0.0155 | lr 0.099321
2025-10-14 20:08:25,774 | INFO | Iter 2400/5004 | loss 0.0155 | lr 0.099318
2025-10-14 20:08:46,811 | INFO | Iter 2450/5004 | loss 0.0155 | lr 0.099315
2025-10-14 20:09:07,852 | INFO | Iter 2500/5004 | loss 0.0155 | lr 0.099312
2025-10-14 20:09:28,889 | INFO | Iter 2550/5004 | loss 0.0155 | lr 0.099309
2025-10-14 20:09:49,927 | INFO | Iter 2600/5004 | loss 0.0155 | lr 0.099306
2025-10-14 20:10:10,966 | INFO | Iter 2650/5004 | loss 0.0155 | lr 0.099303
2025-10-14 20:10:32,003 | INFO | Iter 2700/5004 | loss 0.0155 | lr 0.099300
2025-10-14 20:10:53,039 | INFO | Iter 2750/5004 | loss 0.0155 | lr 0.099297
2025-10-14 20:11:14,078 | INFO | Iter 2800/5004 | loss 0.0155 | lr 0.099294
2025-10-14 20:11:35,116 | INFO | Iter 2850/5004 | loss 0.0155 | lr 0.099291
2025-10-14 20:11:56,154 | INFO | Iter 2900/5004 | loss 0.0155 | lr 0.099288
2025-10-14 20:12:17,192 | INFO | Iter 2950/5004 | loss 0.0155 | lr 0.099285
2025-10-14 20:12:38,228 | INFO | Iter 3000/5004 | loss 0.0155 | lr 0.099282
2025-10-14 20:12:59,264 | INFO | Iter 3050/5004 | loss 0.0155 | lr 0.099278
2025-10-14 20:13:20,304 | INFO | Iter 3100/5004 | loss 0.0155 | lr 0.099275
2025-10-14 20:13:41,343 | INFO | Iter 3150/5004 | loss 0.0155 | lr 0.099272
2025-10-14 20:14:02,381 | INFO | Iter 3200/5004 | loss 0.0155 | lr 0.099269
2025-10-14 20:14:23,419 | INFO | Iter 3250/5004 | loss 0.0155 | lr 0.099266
2025-10-14 20:14:44,456 | INFO | Iter 3300/5004 | loss 0.0155 | lr 0.099263
2025-10-14 20:15:05,496 | INFO | Iter 3350/5004 | loss 0.0155 | lr 0.099260
2025-10-14 20:15:26,532 | INFO | Iter 3400/5004 | loss 0.0155 | lr 0.099256
2025-10-14 20:15:47,570 | INFO | Iter 3450/5004 | loss 0.0155 | lr 0.099253
2025-10-14 20:16:08,608 | INFO | Iter 3500/5004 | loss 0.0155 | lr 0.099250
2025-10-14 20:16:29,645 | INFO | Iter 3550/5004 | loss 0.0155 | lr 0.099247
2025-10-14 20:16:50,683 | INFO | Iter 3600/5004 | loss 0.0155 | lr 0.099244
2025-10-14 20:17:11,720 | INFO | Iter 3650/5004 | loss 0.0155 | lr 0.099240
2025-10-14 20:17:32,756 | INFO | Iter 3700/5004 | loss 0.0155 | lr 0.099237
2025-10-14 20:17:53,794 | INFO | Iter 3750/5004 | loss 0.0155 | lr 0.099234
2025-10-14 20:18:14,833 | INFO | Iter 3800/5004 | loss 0.0155 | lr 0.099231
2025-10-14 20:18:35,871 | INFO | Iter 3850/5004 | loss 0.0155 | lr 0.099228
2025-10-14 20:18:56,912 | INFO | Iter 3900/5004 | loss 0.0155 | lr 0.099224
2025-10-14 20:19:17,950 | INFO | Iter 3950/5004 | loss 0.0155 | lr 0.099221
2025-10-14 20:19:38,987 | INFO | Iter 4000/5004 | loss 0.0155 | lr 0.099218
2025-10-14 20:20:00,023 | INFO | Iter 4050/5004 | loss 0.0155 | lr 0.099215
2025-10-14 20:20:21,074 | INFO | Iter 4100/5004 | loss 0.0155 | lr 0.099211
2025-10-14 20:20:42,112 | INFO | Iter 4150/5004 | loss 0.0155 | lr 0.099208
2025-10-14 20:21:03,148 | INFO | Iter 4200/5004 | loss 0.0155 | lr 0.099205
2025-10-14 20:21:24,185 | INFO | Iter 4250/5004 | loss 0.0155 | lr 0.099201
2025-10-14 20:21:45,221 | INFO | Iter 4300/5004 | loss 0.0155 | lr 0.099198
2025-10-14 20:22:06,257 | INFO | Iter 4350/5004 | loss 0.0155 | lr 0.099195
2025-10-14 20:22:27,297 | INFO | Iter 4400/5004 | loss 0.0155 | lr 0.099192
2025-10-14 20:22:48,333 | INFO | Iter 4450/5004 | loss 0.0155 | lr 0.099188
2025-10-14 20:23:09,373 | INFO | Iter 4500/5004 | loss 0.0155 | lr 0.099185
2025-10-14 20:23:30,410 | INFO | Iter 4550/5004 | loss 0.0155 | lr 0.099182
2025-10-14 20:23:51,445 | INFO | Iter 4600/5004 | loss 0.0155 | lr 0.099178
2025-10-14 20:24:12,486 | INFO | Iter 4650/5004 | loss 0.0155 | lr 0.099175
2025-10-14 20:24:33,524 | INFO | Iter 4700/5004 | loss 0.0155 | lr 0.099172
2025-10-14 20:24:54,563 | INFO | Iter 4750/5004 | loss 0.0155 | lr 0.099168
2025-10-14 20:25:15,598 | INFO | Iter 4800/5004 | loss 0.0155 | lr 0.099165
2025-10-14 20:25:36,633 | INFO | Iter 4850/5004 | loss 0.0155 | lr 0.099162
2025-10-14 20:25:57,672 | INFO | Iter 4900/5004 | loss 0.0155 | lr 0.099158
2025-10-14 20:26:18,706 | INFO | Iter 4950/5004 | loss 0.0155 | lr 0.099155
2025-10-14 20:26:39,731 | INFO | Iter 5000/5004 | loss 0.0155 | lr 0.099151
2025-10-14 20:27:30,852 | INFO | Epoch 10/90 | Train loss 0.0155 | Val acc@1 49.39 | acc@5 75.70 | LR 0.099151
2025-10-14 20:27:53,566 | INFO | Iter 50/5004 | loss 0.0150 | lr 0.099148
2025-10-14 20:28:14,602 | INFO | Iter 100/5004 | loss 0.0152 | lr 0.099145
2025-10-14 20:28:35,636 | INFO | Iter 150/5004 | loss 0.0152 | lr 0.099141
2025-10-14 20:28:56,671 | INFO | Iter 200/5004 | loss 0.0153 | lr 0.099138
2025-10-14 20:29:17,708 | INFO | Iter 250/5004 | loss 0.0153 | lr 0.099134
2025-10-14 20:29:38,746 | INFO | Iter 300/5004 | loss 0.0153 | lr 0.099131
2025-10-14 20:29:59,783 | INFO | Iter 350/5004 | loss 0.0153 | lr 0.099127
2025-10-14 20:30:20,822 | INFO | Iter 400/5004 | loss 0.0154 | lr 0.099124
2025-10-14 20:30:41,858 | INFO | Iter 450/5004 | loss 0.0153 | lr 0.099121
2025-10-14 20:31:02,896 | INFO | Iter 500/5004 | loss 0.0153 | lr 0.099117
2025-10-14 20:31:23,935 | INFO | Iter 550/5004 | loss 0.0154 | lr 0.099114
2025-10-14 20:31:44,973 | INFO | Iter 600/5004 | loss 0.0153 | lr 0.099110
2025-10-14 20:32:06,006 | INFO | Iter 650/5004 | loss 0.0153 | lr 0.099107
2025-10-14 20:32:27,042 | INFO | Iter 700/5004 | loss 0.0154 | lr 0.099103
2025-10-14 20:32:48,079 | INFO | Iter 750/5004 | loss 0.0153 | lr 0.099100
2025-10-14 20:33:09,117 | INFO | Iter 800/5004 | loss 0.0153 | lr 0.099096
2025-10-14 20:33:30,155 | INFO | Iter 850/5004 | loss 0.0153 | lr 0.099093
2025-10-14 20:33:51,192 | INFO | Iter 900/5004 | loss 0.0153 | lr 0.099089
2025-10-14 20:34:12,227 | INFO | Iter 950/5004 | loss 0.0153 | lr 0.099086
2025-10-14 20:34:33,269 | INFO | Iter 1000/5004 | loss 0.0154 | lr 0.099082
2025-10-14 20:34:54,306 | INFO | Iter 1050/5004 | loss 0.0154 | lr 0.099079
2025-10-14 20:35:15,344 | INFO | Iter 1100/5004 | loss 0.0153 | lr 0.099075
2025-10-14 20:35:36,382 | INFO | Iter 1150/5004 | loss 0.0153 | lr 0.099072
2025-10-14 20:35:57,420 | INFO | Iter 1200/5004 | loss 0.0153 | lr 0.099068
2025-10-14 20:36:18,458 | INFO | Iter 1250/5004 | loss 0.0153 | lr 0.099065
2025-10-14 20:36:39,496 | INFO | Iter 1300/5004 | loss 0.0153 | lr 0.099061
2025-10-14 20:37:00,532 | INFO | Iter 1350/5004 | loss 0.0153 | lr 0.099057
2025-10-14 20:37:21,570 | INFO | Iter 1400/5004 | loss 0.0154 | lr 0.099054
2025-10-14 20:37:42,608 | INFO | Iter 1450/5004 | loss 0.0153 | lr 0.099050
2025-10-14 20:38:03,646 | INFO | Iter 1500/5004 | loss 0.0153 | lr 0.099047
2025-10-14 20:38:24,684 | INFO | Iter 1550/5004 | loss 0.0154 | lr 0.099043
2025-10-14 20:38:45,721 | INFO | Iter 1600/5004 | loss 0.0153 | lr 0.099040
2025-10-14 20:39:06,758 | INFO | Iter 1650/5004 | loss 0.0153 | lr 0.099036
2025-10-14 20:39:27,795 | INFO | Iter 1700/5004 | loss 0.0153 | lr 0.099032
2025-10-14 20:39:48,831 | INFO | Iter 1750/5004 | loss 0.0154 | lr 0.099029
2025-10-14 20:40:09,868 | INFO | Iter 1800/5004 | loss 0.0153 | lr 0.099025
2025-10-14 20:40:30,905 | INFO | Iter 1850/5004 | loss 0.0154 | lr 0.099021
2025-10-14 20:40:51,945 | INFO | Iter 1900/5004 | loss 0.0154 | lr 0.099018
2025-10-14 20:41:12,983 | INFO | Iter 1950/5004 | loss 0.0154 | lr 0.099014
2025-10-14 20:41:34,022 | INFO | Iter 2000/5004 | loss 0.0154 | lr 0.099011
2025-10-14 20:41:55,060 | INFO | Iter 2050/5004 | loss 0.0154 | lr 0.099007
2025-10-14 20:42:16,098 | INFO | Iter 2100/5004 | loss 0.0154 | lr 0.099003
2025-10-14 20:42:37,135 | INFO | Iter 2150/5004 | loss 0.0154 | lr 0.099000
2025-10-14 20:42:58,170 | INFO | Iter 2200/5004 | loss 0.0154 | lr 0.098996
2025-10-14 20:43:19,207 | INFO | Iter 2250/5004 | loss 0.0154 | lr 0.098992
2025-10-14 20:43:40,244 | INFO | Iter 2300/5004 | loss 0.0154 | lr 0.098988
2025-10-14 20:44:01,282 | INFO | Iter 2350/5004 | loss 0.0154 | lr 0.098985
2025-10-14 20:44:22,318 | INFO | Iter 2400/5004 | loss 0.0154 | lr 0.098981
2025-10-14 20:44:43,355 | INFO | Iter 2450/5004 | loss 0.0154 | lr 0.098977
2025-10-14 20:45:04,391 | INFO | Iter 2500/5004 | loss 0.0154 | lr 0.098974
2025-10-14 20:45:25,426 | INFO | Iter 2550/5004 | loss 0.0154 | lr 0.098970
2025-10-14 20:45:46,463 | INFO | Iter 2600/5004 | loss 0.0154 | lr 0.098966
2025-10-14 20:46:07,501 | INFO | Iter 2650/5004 | loss 0.0154 | lr 0.098962
2025-10-14 20:46:28,539 | INFO | Iter 2700/5004 | loss 0.0154 | lr 0.098959
2025-10-14 20:46:49,578 | INFO | Iter 2750/5004 | loss 0.0154 | lr 0.098955
2025-10-14 20:47:10,616 | INFO | Iter 2800/5004 | loss 0.0154 | lr 0.098951
2025-10-14 20:47:31,652 | INFO | Iter 2850/5004 | loss 0.0154 | lr 0.098947
2025-10-14 20:47:52,689 | INFO | Iter 2900/5004 | loss 0.0154 | lr 0.098944
2025-10-14 20:48:13,726 | INFO | Iter 2950/5004 | loss 0.0154 | lr 0.098940
2025-10-14 20:48:34,765 | INFO | Iter 3000/5004 | loss 0.0154 | lr 0.098936
2025-10-14 20:48:55,803 | INFO | Iter 3050/5004 | loss 0.0154 | lr 0.098932
2025-10-14 20:49:16,840 | INFO | Iter 3100/5004 | loss 0.0154 | lr 0.098928
2025-10-14 20:49:37,878 | INFO | Iter 3150/5004 | loss 0.0154 | lr 0.098925
2025-10-14 20:49:58,916 | INFO | Iter 3200/5004 | loss 0.0154 | lr 0.098921
2025-10-14 20:50:19,955 | INFO | Iter 3250/5004 | loss 0.0154 | lr 0.098917
2025-10-14 20:50:40,992 | INFO | Iter 3300/5004 | loss 0.0154 | lr 0.098913
2025-10-14 20:51:02,030 | INFO | Iter 3350/5004 | loss 0.0154 | lr 0.098909
2025-10-14 20:51:23,066 | INFO | Iter 3400/5004 | loss 0.0154 | lr 0.098906
2025-10-14 20:51:44,105 | INFO | Iter 3450/5004 | loss 0.0154 | lr 0.098902
2025-10-14 20:52:05,142 | INFO | Iter 3500/5004 | loss 0.0154 | lr 0.098898
2025-10-14 20:52:26,183 | INFO | Iter 3550/5004 | loss 0.0154 | lr 0.098894
2025-10-14 20:52:47,218 | INFO | Iter 3600/5004 | loss 0.0154 | lr 0.098890
2025-10-14 20:53:08,256 | INFO | Iter 3650/5004 | loss 0.0154 | lr 0.098886
2025-10-14 20:53:29,291 | INFO | Iter 3700/5004 | loss 0.0154 | lr 0.098882
2025-10-14 20:53:50,327 | INFO | Iter 3750/5004 | loss 0.0154 | lr 0.098878
2025-10-14 20:54:11,366 | INFO | Iter 3800/5004 | loss 0.0154 | lr 0.098875
2025-10-14 20:54:32,404 | INFO | Iter 3850/5004 | loss 0.0154 | lr 0.098871
2025-10-14 20:54:53,442 | INFO | Iter 3900/5004 | loss 0.0154 | lr 0.098867
2025-10-14 20:55:14,477 | INFO | Iter 3950/5004 | loss 0.0154 | lr 0.098863
2025-10-14 20:55:35,515 | INFO | Iter 4000/5004 | loss 0.0154 | lr 0.098859
2025-10-14 20:55:56,554 | INFO | Iter 4050/5004 | loss 0.0154 | lr 0.098855
2025-10-14 20:56:17,591 | INFO | Iter 4100/5004 | loss 0.0154 | lr 0.098851
2025-10-14 20:56:38,627 | INFO | Iter 4150/5004 | loss 0.0154 | lr 0.098847
2025-10-14 20:56:59,663 | INFO | Iter 4200/5004 | loss 0.0154 | lr 0.098843
2025-10-14 20:57:20,699 | INFO | Iter 4250/5004 | loss 0.0154 | lr 0.098839
2025-10-14 20:57:41,737 | INFO | Iter 4300/5004 | loss 0.0154 | lr 0.098835
2025-10-14 20:58:02,770 | INFO | Iter 4350/5004 | loss 0.0154 | lr 0.098831
2025-10-14 20:58:23,809 | INFO | Iter 4400/5004 | loss 0.0154 | lr 0.098827
2025-10-14 20:58:44,846 | INFO | Iter 4450/5004 | loss 0.0154 | lr 0.098823
2025-10-14 20:59:05,882 | INFO | Iter 4500/5004 | loss 0.0154 | lr 0.098819
2025-10-14 20:59:26,920 | INFO | Iter 4550/5004 | loss 0.0154 | lr 0.098815
2025-10-14 20:59:47,957 | INFO | Iter 4600/5004 | loss 0.0154 | lr 0.098811
2025-10-14 21:00:08,995 | INFO | Iter 4650/5004 | loss 0.0154 | lr 0.098807
2025-10-14 21:00:30,033 | INFO | Iter 4700/5004 | loss 0.0154 | lr 0.098803
2025-10-14 21:00:51,065 | INFO | Iter 4750/5004 | loss 0.0154 | lr 0.098799
2025-10-14 21:01:12,100 | INFO | Iter 4800/5004 | loss 0.0154 | lr 0.098795
2025-10-14 21:01:33,136 | INFO | Iter 4850/5004 | loss 0.0154 | lr 0.098791
2025-10-14 21:01:54,171 | INFO | Iter 4900/5004 | loss 0.0154 | lr 0.098787
2025-10-14 21:02:15,208 | INFO | Iter 4950/5004 | loss 0.0154 | lr 0.098783
2025-10-14 21:02:36,234 | INFO | Iter 5000/5004 | loss 0.0154 | lr 0.098779
2025-10-14 21:03:24,177 | INFO | Epoch 11/90 | Train loss 0.0154 | Val acc@1 47.82 | acc@5 74.13 | LR 0.098779
2025-10-14 21:03:47,307 | INFO | Iter 50/5004 | loss 0.0156 | lr 0.098775
2025-10-14 21:04:08,345 | INFO | Iter 100/5004 | loss 0.0152 | lr 0.098771
2025-10-14 21:04:29,382 | INFO | Iter 150/5004 | loss 0.0153 | lr 0.098767
2025-10-14 21:04:50,418 | INFO | Iter 200/5004 | loss 0.0154 | lr 0.098763
2025-10-14 21:05:11,455 | INFO | Iter 250/5004 | loss 0.0154 | lr 0.098759
2025-10-14 21:05:32,493 | INFO | Iter 300/5004 | loss 0.0153 | lr 0.098755
2025-10-14 21:05:53,532 | INFO | Iter 350/5004 | loss 0.0154 | lr 0.098751
2025-10-14 21:06:14,572 | INFO | Iter 400/5004 | loss 0.0154 | lr 0.098747
2025-10-14 21:06:35,610 | INFO | Iter 450/5004 | loss 0.0153 | lr 0.098742
2025-10-14 21:06:56,647 | INFO | Iter 500/5004 | loss 0.0153 | lr 0.098738
2025-10-14 21:07:17,684 | INFO | Iter 550/5004 | loss 0.0153 | lr 0.098734
2025-10-14 21:07:38,723 | INFO | Iter 600/5004 | loss 0.0153 | lr 0.098730
2025-10-14 21:07:59,761 | INFO | Iter 650/5004 | loss 0.0153 | lr 0.098726
2025-10-14 21:08:20,799 | INFO | Iter 700/5004 | loss 0.0153 | lr 0.098722
2025-10-14 21:08:41,835 | INFO | Iter 750/5004 | loss 0.0153 | lr 0.098718
2025-10-14 21:09:02,872 | INFO | Iter 800/5004 | loss 0.0154 | lr 0.098713
2025-10-14 21:09:23,911 | INFO | Iter 850/5004 | loss 0.0153 | lr 0.098709
2025-10-14 21:09:44,947 | INFO | Iter 900/5004 | loss 0.0153 | lr 0.098705
2025-10-14 21:10:05,988 | INFO | Iter 950/5004 | loss 0.0153 | lr 0.098701
2025-10-14 21:10:27,026 | INFO | Iter 1000/5004 | loss 0.0154 | lr 0.098697
2025-10-14 21:10:48,065 | INFO | Iter 1050/5004 | loss 0.0153 | lr 0.098693
2025-10-14 21:11:09,103 | INFO | Iter 1100/5004 | loss 0.0153 | lr 0.098688
2025-10-14 21:11:30,142 | INFO | Iter 1150/5004 | loss 0.0153 | lr 0.098684
2025-10-14 21:11:51,184 | INFO | Iter 1200/5004 | loss 0.0153 | lr 0.098680
2025-10-14 21:12:12,221 | INFO | Iter 1250/5004 | loss 0.0153 | lr 0.098676
2025-10-14 21:12:33,257 | INFO | Iter 1300/5004 | loss 0.0153 | lr 0.098671
2025-10-14 21:12:54,297 | INFO | Iter 1350/5004 | loss 0.0153 | lr 0.098667
2025-10-14 21:13:15,337 | INFO | Iter 1400/5004 | loss 0.0153 | lr 0.098663
2025-10-14 21:13:36,374 | INFO | Iter 1450/5004 | loss 0.0153 | lr 0.098659
2025-10-14 21:13:57,411 | INFO | Iter 1500/5004 | loss 0.0153 | lr 0.098655
2025-10-14 21:14:18,450 | INFO | Iter 1550/5004 | loss 0.0153 | lr 0.098650
2025-10-14 21:14:39,490 | INFO | Iter 1600/5004 | loss 0.0153 | lr 0.098646
2025-10-14 21:15:00,527 | INFO | Iter 1650/5004 | loss 0.0153 | lr 0.098642
2025-10-14 21:15:21,564 | INFO | Iter 1700/5004 | loss 0.0153 | lr 0.098637
2025-10-14 21:15:42,601 | INFO | Iter 1750/5004 | loss 0.0153 | lr 0.098633
2025-10-14 21:16:03,639 | INFO | Iter 1800/5004 | loss 0.0153 | lr 0.098629
2025-10-14 21:16:24,675 | INFO | Iter 1850/5004 | loss 0.0153 | lr 0.098625
2025-10-14 21:16:45,714 | INFO | Iter 1900/5004 | loss 0.0153 | lr 0.098620
2025-10-14 21:17:06,754 | INFO | Iter 1950/5004 | loss 0.0153 | lr 0.098616
2025-10-14 21:17:27,791 | INFO | Iter 2000/5004 | loss 0.0153 | lr 0.098612
2025-10-14 21:17:48,829 | INFO | Iter 2050/5004 | loss 0.0153 | lr 0.098607
2025-10-14 21:18:09,868 | INFO | Iter 2100/5004 | loss 0.0153 | lr 0.098603
2025-10-14 21:18:30,902 | INFO | Iter 2150/5004 | loss 0.0153 | lr 0.098599
2025-10-14 21:18:51,939 | INFO | Iter 2200/5004 | loss 0.0153 | lr 0.098594
2025-10-14 21:19:12,978 | INFO | Iter 2250/5004 | loss 0.0153 | lr 0.098590
2025-10-14 21:19:34,013 | INFO | Iter 2300/5004 | loss 0.0153 | lr 0.098586
2025-10-14 21:19:55,051 | INFO | Iter 2350/5004 | loss 0.0153 | lr 0.098581
2025-10-14 21:20:16,089 | INFO | Iter 2400/5004 | loss 0.0153 | lr 0.098577
2025-10-14 21:20:37,127 | INFO | Iter 2450/5004 | loss 0.0153 | lr 0.098572
2025-10-14 21:20:58,164 | INFO | Iter 2500/5004 | loss 0.0153 | lr 0.098568
2025-10-14 21:21:19,205 | INFO | Iter 2550/5004 | loss 0.0153 | lr 0.098564
2025-10-14 21:21:40,245 | INFO | Iter 2600/5004 | loss 0.0153 | lr 0.098559
2025-10-14 21:22:01,284 | INFO | Iter 2650/5004 | loss 0.0153 | lr 0.098555
2025-10-14 21:22:22,323 | INFO | Iter 2700/5004 | loss 0.0152 | lr 0.098551
2025-10-14 21:22:43,360 | INFO | Iter 2750/5004 | loss 0.0153 | lr 0.098546
2025-10-14 21:23:04,400 | INFO | Iter 2800/5004 | loss 0.0153 | lr 0.098542
2025-10-14 21:23:25,438 | INFO | Iter 2850/5004 | loss 0.0153 | lr 0.098537
2025-10-14 21:23:46,477 | INFO | Iter 2900/5004 | loss 0.0152 | lr 0.098533
2025-10-14 21:24:07,516 | INFO | Iter 2950/5004 | loss 0.0152 | lr 0.098528
2025-10-14 21:24:28,553 | INFO | Iter 3000/5004 | loss 0.0152 | lr 0.098524
2025-10-14 21:24:49,589 | INFO | Iter 3050/5004 | loss 0.0152 | lr 0.098519
2025-10-14 21:25:10,628 | INFO | Iter 3100/5004 | loss 0.0152 | lr 0.098515
2025-10-14 21:25:31,668 | INFO | Iter 3150/5004 | loss 0.0152 | lr 0.098511
2025-10-14 21:25:52,708 | INFO | Iter 3200/5004 | loss 0.0153 | lr 0.098506
2025-10-14 21:26:13,744 | INFO | Iter 3250/5004 | loss 0.0153 | lr 0.098502
2025-10-14 21:26:34,782 | INFO | Iter 3300/5004 | loss 0.0152 | lr 0.098497
2025-10-14 21:26:55,820 | INFO | Iter 3350/5004 | loss 0.0153 | lr 0.098493
2025-10-14 21:27:16,859 | INFO | Iter 3400/5004 | loss 0.0153 | lr 0.098488
2025-10-14 21:27:37,897 | INFO | Iter 3450/5004 | loss 0.0153 | lr 0.098484
2025-10-14 21:27:58,935 | INFO | Iter 3500/5004 | loss 0.0153 | lr 0.098479
2025-10-14 21:28:19,971 | INFO | Iter 3550/5004 | loss 0.0153 | lr 0.098475
2025-10-14 21:28:41,010 | INFO | Iter 3600/5004 | loss 0.0153 | lr 0.098470
2025-10-14 21:29:02,049 | INFO | Iter 3650/5004 | loss 0.0153 | lr 0.098465
2025-10-14 21:29:23,085 | INFO | Iter 3700/5004 | loss 0.0153 | lr 0.098461
2025-10-14 21:29:44,123 | INFO | Iter 3750/5004 | loss 0.0153 | lr 0.098456
2025-10-14 21:30:05,162 | INFO | Iter 3800/5004 | loss 0.0153 | lr 0.098452
2025-10-14 21:30:26,202 | INFO | Iter 3850/5004 | loss 0.0153 | lr 0.098447
2025-10-14 21:30:47,236 | INFO | Iter 3900/5004 | loss 0.0153 | lr 0.098443
2025-10-14 21:31:08,276 | INFO | Iter 3950/5004 | loss 0.0153 | lr 0.098438
2025-10-14 21:31:29,315 | INFO | Iter 4000/5004 | loss 0.0153 | lr 0.098434
2025-10-14 21:31:50,352 | INFO | Iter 4050/5004 | loss 0.0153 | lr 0.098429
2025-10-14 21:32:11,391 | INFO | Iter 4100/5004 | loss 0.0153 | lr 0.098424
2025-10-14 21:32:32,429 | INFO | Iter 4150/5004 | loss 0.0153 | lr 0.098420
2025-10-14 21:32:53,466 | INFO | Iter 4200/5004 | loss 0.0153 | lr 0.098415
2025-10-14 21:33:14,504 | INFO | Iter 4250/5004 | loss 0.0153 | lr 0.098410
2025-10-14 21:33:35,541 | INFO | Iter 4300/5004 | loss 0.0153 | lr 0.098406
2025-10-14 21:33:56,580 | INFO | Iter 4350/5004 | loss 0.0153 | lr 0.098401
2025-10-14 21:34:17,616 | INFO | Iter 4400/5004 | loss 0.0153 | lr 0.098397
2025-10-14 21:34:38,651 | INFO | Iter 4450/5004 | loss 0.0153 | lr 0.098392
2025-10-14 21:34:59,687 | INFO | Iter 4500/5004 | loss 0.0153 | lr 0.098387
2025-10-14 21:35:20,726 | INFO | Iter 4550/5004 | loss 0.0153 | lr 0.098383
2025-10-14 21:35:41,768 | INFO | Iter 4600/5004 | loss 0.0153 | lr 0.098378
2025-10-14 21:36:02,805 | INFO | Iter 4650/5004 | loss 0.0153 | lr 0.098373
2025-10-14 21:36:23,844 | INFO | Iter 4700/5004 | loss 0.0153 | lr 0.098369
2025-10-14 21:36:44,883 | INFO | Iter 4750/5004 | loss 0.0153 | lr 0.098364
2025-10-14 21:37:05,918 | INFO | Iter 4800/5004 | loss 0.0153 | lr 0.098359
2025-10-14 21:37:26,954 | INFO | Iter 4850/5004 | loss 0.0153 | lr 0.098355
2025-10-14 21:37:47,991 | INFO | Iter 4900/5004 | loss 0.0153 | lr 0.098350
2025-10-14 21:38:09,026 | INFO | Iter 4950/5004 | loss 0.0153 | lr 0.098345
2025-10-14 21:38:30,051 | INFO | Iter 5000/5004 | loss 0.0153 | lr 0.098340
2025-10-14 21:39:20,741 | INFO | Epoch 12/90 | Train loss 0.0153 | Val acc@1 50.16 | acc@5 76.75 | LR 0.098340
2025-10-14 21:39:43,734 | INFO | Iter 50/5004 | loss 0.0151 | lr 0.098336
2025-10-14 21:40:04,772 | INFO | Iter 100/5004 | loss 0.0150 | lr 0.098331
2025-10-14 21:40:25,807 | INFO | Iter 150/5004 | loss 0.0150 | lr 0.098326
2025-10-14 21:40:46,843 | INFO | Iter 200/5004 | loss 0.0151 | lr 0.098322
2025-10-14 21:41:07,881 | INFO | Iter 250/5004 | loss 0.0151 | lr 0.098317
2025-10-14 21:41:28,920 | INFO | Iter 300/5004 | loss 0.0151 | lr 0.098312
2025-10-14 21:41:49,959 | INFO | Iter 350/5004 | loss 0.0151 | lr 0.098307
2025-10-14 21:42:10,998 | INFO | Iter 400/5004 | loss 0.0152 | lr 0.098303
2025-10-14 21:42:32,034 | INFO | Iter 450/5004 | loss 0.0153 | lr 0.098298
2025-10-14 21:42:53,072 | INFO | Iter 500/5004 | loss 0.0153 | lr 0.098293
2025-10-14 21:43:14,111 | INFO | Iter 550/5004 | loss 0.0153 | lr 0.098288
2025-10-14 21:43:35,150 | INFO | Iter 600/5004 | loss 0.0153 | lr 0.098283
2025-10-14 21:43:56,190 | INFO | Iter 650/5004 | loss 0.0153 | lr 0.098279
2025-10-14 21:44:17,231 | INFO | Iter 700/5004 | loss 0.0153 | lr 0.098274
2025-10-14 21:44:38,269 | INFO | Iter 750/5004 | loss 0.0152 | lr 0.098269
2025-10-14 21:44:59,307 | INFO | Iter 800/5004 | loss 0.0152 | lr 0.098264
2025-10-14 21:45:20,346 | INFO | Iter 850/5004 | loss 0.0153 | lr 0.098259
2025-10-14 21:45:41,388 | INFO | Iter 900/5004 | loss 0.0153 | lr 0.098254
2025-10-14 21:46:02,427 | INFO | Iter 950/5004 | loss 0.0153 | lr 0.098250
2025-10-14 21:46:23,463 | INFO | Iter 1000/5004 | loss 0.0153 | lr 0.098245
2025-10-14 21:46:44,503 | INFO | Iter 1050/5004 | loss 0.0153 | lr 0.098240
2025-10-14 21:47:05,541 | INFO | Iter 1100/5004 | loss 0.0153 | lr 0.098235
2025-10-14 21:47:26,579 | INFO | Iter 1150/5004 | loss 0.0153 | lr 0.098230
2025-10-14 21:47:47,617 | INFO | Iter 1200/5004 | loss 0.0152 | lr 0.098225
2025-10-14 21:48:08,655 | INFO | Iter 1250/5004 | loss 0.0152 | lr 0.098220
2025-10-14 21:48:29,695 | INFO | Iter 1300/5004 | loss 0.0152 | lr 0.098216
2025-10-14 21:48:50,734 | INFO | Iter 1350/5004 | loss 0.0152 | lr 0.098211
2025-10-14 21:49:11,771 | INFO | Iter 1400/5004 | loss 0.0152 | lr 0.098206
2025-10-14 21:49:32,808 | INFO | Iter 1450/5004 | loss 0.0152 | lr 0.098201
2025-10-14 21:49:53,845 | INFO | Iter 1500/5004 | loss 0.0152 | lr 0.098196
2025-10-14 21:50:14,882 | INFO | Iter 1550/5004 | loss 0.0152 | lr 0.098191
2025-10-14 21:50:35,918 | INFO | Iter 1600/5004 | loss 0.0152 | lr 0.098186
2025-10-14 21:50:56,956 | INFO | Iter 1650/5004 | loss 0.0152 | lr 0.098181
2025-10-14 21:51:17,990 | INFO | Iter 1700/5004 | loss 0.0152 | lr 0.098176
2025-10-14 21:51:39,026 | INFO | Iter 1750/5004 | loss 0.0152 | lr 0.098171
2025-10-14 21:52:00,062 | INFO | Iter 1800/5004 | loss 0.0152 | lr 0.098166
2025-10-14 21:52:21,101 | INFO | Iter 1850/5004 | loss 0.0152 | lr 0.098161
2025-10-14 21:52:42,140 | INFO | Iter 1900/5004 | loss 0.0152 | lr 0.098156
2025-10-14 21:53:03,178 | INFO | Iter 1950/5004 | loss 0.0152 | lr 0.098151
2025-10-14 21:53:24,215 | INFO | Iter 2000/5004 | loss 0.0152 | lr 0.098146
2025-10-14 21:53:45,255 | INFO | Iter 2050/5004 | loss 0.0152 | lr 0.098142
2025-10-14 21:54:06,294 | INFO | Iter 2100/5004 | loss 0.0151 | lr 0.098137
2025-10-14 21:54:27,330 | INFO | Iter 2150/5004 | loss 0.0151 | lr 0.098132
2025-10-14 21:54:48,369 | INFO | Iter 2200/5004 | loss 0.0151 | lr 0.098127
2025-10-14 21:55:09,406 | INFO | Iter 2250/5004 | loss 0.0151 | lr 0.098122
2025-10-14 21:55:30,444 | INFO | Iter 2300/5004 | loss 0.0151 | lr 0.098116
2025-10-14 21:55:51,485 | INFO | Iter 2350/5004 | loss 0.0151 | lr 0.098111
2025-10-14 21:56:12,522 | INFO | Iter 2400/5004 | loss 0.0151 | lr 0.098106
2025-10-14 21:56:33,561 | INFO | Iter 2450/5004 | loss 0.0151 | lr 0.098101
2025-10-14 21:56:54,601 | INFO | Iter 2500/5004 | loss 0.0151 | lr 0.098096
2025-10-14 21:57:15,641 | INFO | Iter 2550/5004 | loss 0.0151 | lr 0.098091
2025-10-14 21:57:36,680 | INFO | Iter 2600/5004 | loss 0.0151 | lr 0.098086
2025-10-14 21:57:57,719 | INFO | Iter 2650/5004 | loss 0.0151 | lr 0.098081
2025-10-14 21:58:18,756 | INFO | Iter 2700/5004 | loss 0.0151 | lr 0.098076
2025-10-14 21:58:39,793 | INFO | Iter 2750/5004 | loss 0.0151 | lr 0.098071
2025-10-14 21:59:00,830 | INFO | Iter 2800/5004 | loss 0.0151 | lr 0.098066
2025-10-14 21:59:21,868 | INFO | Iter 2850/5004 | loss 0.0151 | lr 0.098061
2025-10-14 21:59:42,906 | INFO | Iter 2900/5004 | loss 0.0151 | lr 0.098056
2025-10-14 22:00:03,943 | INFO | Iter 2950/5004 | loss 0.0151 | lr 0.098051
2025-10-14 22:00:24,976 | INFO | Iter 3000/5004 | loss 0.0151 | lr 0.098046
2025-10-14 22:00:46,015 | INFO | Iter 3050/5004 | loss 0.0151 | lr 0.098040
2025-10-14 22:01:07,054 | INFO | Iter 3100/5004 | loss 0.0151 | lr 0.098035
2025-10-14 22:01:28,092 | INFO | Iter 3150/5004 | loss 0.0151 | lr 0.098030
2025-10-14 22:01:49,131 | INFO | Iter 3200/5004 | loss 0.0151 | lr 0.098025
2025-10-14 22:02:10,169 | INFO | Iter 3250/5004 | loss 0.0151 | lr 0.098020
2025-10-14 22:02:31,207 | INFO | Iter 3300/5004 | loss 0.0151 | lr 0.098015
2025-10-14 22:02:52,247 | INFO | Iter 3350/5004 | loss 0.0151 | lr 0.098010
2025-10-14 22:03:13,286 | INFO | Iter 3400/5004 | loss 0.0151 | lr 0.098004
2025-10-14 22:03:34,324 | INFO | Iter 3450/5004 | loss 0.0151 | lr 0.097999
2025-10-14 22:03:55,361 | INFO | Iter 3500/5004 | loss 0.0151 | lr 0.097994
2025-10-14 22:04:16,400 | INFO | Iter 3550/5004 | loss 0.0151 | lr 0.097989
2025-10-14 22:04:37,439 | INFO | Iter 3600/5004 | loss 0.0151 | lr 0.097984
2025-10-14 22:04:58,476 | INFO | Iter 3650/5004 | loss 0.0151 | lr 0.097979
2025-10-14 22:05:19,516 | INFO | Iter 3700/5004 | loss 0.0151 | lr 0.097973
2025-10-14 22:05:40,554 | INFO | Iter 3750/5004 | loss 0.0151 | lr 0.097968
2025-10-14 22:06:01,594 | INFO | Iter 3800/5004 | loss 0.0151 | lr 0.097963
2025-10-14 22:06:22,633 | INFO | Iter 3850/5004 | loss 0.0151 | lr 0.097958
2025-10-14 22:06:43,673 | INFO | Iter 3900/5004 | loss 0.0151 | lr 0.097952
2025-10-14 22:07:04,709 | INFO | Iter 3950/5004 | loss 0.0151 | lr 0.097947
2025-10-14 22:07:25,748 | INFO | Iter 4000/5004 | loss 0.0151 | lr 0.097942
2025-10-14 22:07:46,787 | INFO | Iter 4050/5004 | loss 0.0151 | lr 0.097937
2025-10-14 22:08:07,827 | INFO | Iter 4100/5004 | loss 0.0151 | lr 0.097932
2025-10-14 22:08:28,866 | INFO | Iter 4150/5004 | loss 0.0151 | lr 0.097926
2025-10-14 22:08:49,905 | INFO | Iter 4200/5004 | loss 0.0151 | lr 0.097921
2025-10-14 22:09:10,943 | INFO | Iter 4250/5004 | loss 0.0151 | lr 0.097916
2025-10-14 22:09:31,981 | INFO | Iter 4300/5004 | loss 0.0151 | lr 0.097910
2025-10-14 22:09:53,020 | INFO | Iter 4350/5004 | loss 0.0151 | lr 0.097905
2025-10-14 22:10:14,059 | INFO | Iter 4400/5004 | loss 0.0151 | lr 0.097900
2025-10-14 22:10:35,099 | INFO | Iter 4450/5004 | loss 0.0151 | lr 0.097895
2025-10-14 22:10:56,134 | INFO | Iter 4500/5004 | loss 0.0151 | lr 0.097889
2025-10-14 22:11:17,172 | INFO | Iter 4550/5004 | loss 0.0151 | lr 0.097884
2025-10-14 22:11:38,208 | INFO | Iter 4600/5004 | loss 0.0151 | lr 0.097879
2025-10-14 22:11:59,245 | INFO | Iter 4650/5004 | loss 0.0151 | lr 0.097873
2025-10-14 22:12:20,282 | INFO | Iter 4700/5004 | loss 0.0151 | lr 0.097868
2025-10-14 22:12:41,321 | INFO | Iter 4750/5004 | loss 0.0151 | lr 0.097863
2025-10-14 22:13:02,352 | INFO | Iter 4800/5004 | loss 0.0151 | lr 0.097857
2025-10-14 22:13:23,391 | INFO | Iter 4850/5004 | loss 0.0151 | lr 0.097852
2025-10-14 22:13:44,428 | INFO | Iter 4900/5004 | loss 0.0151 | lr 0.097847
2025-10-14 22:14:05,463 | INFO | Iter 4950/5004 | loss 0.0151 | lr 0.097841
2025-10-14 22:14:26,488 | INFO | Iter 5000/5004 | loss 0.0151 | lr 0.097836
2025-10-14 22:15:14,786 | INFO | Epoch 13/90 | Train loss 0.0151 | Val acc@1 48.33 | acc@5 75.12 | LR 0.097836
2025-10-14 22:15:37,927 | INFO | Iter 50/5004 | loss 0.0155 | lr 0.097830
2025-10-14 22:15:58,962 | INFO | Iter 100/5004 | loss 0.0150 | lr 0.097825
2025-10-14 22:16:20,001 | INFO | Iter 150/5004 | loss 0.0152 | lr 0.097820
2025-10-14 22:16:41,036 | INFO | Iter 200/5004 | loss 0.0151 | lr 0.097814
2025-10-14 22:17:02,076 | INFO | Iter 250/5004 | loss 0.0151 | lr 0.097809
2025-10-14 22:17:23,114 | INFO | Iter 300/5004 | loss 0.0152 | lr 0.097803
2025-10-14 22:17:44,152 | INFO | Iter 350/5004 | loss 0.0152 | lr 0.097798
2025-10-14 22:18:05,193 | INFO | Iter 400/5004 | loss 0.0153 | lr 0.097793
2025-10-14 22:18:26,231 | INFO | Iter 450/5004 | loss 0.0153 | lr 0.097787
2025-10-14 22:18:47,271 | INFO | Iter 500/5004 | loss 0.0152 | lr 0.097782
2025-10-14 22:19:08,309 | INFO | Iter 550/5004 | loss 0.0152 | lr 0.097776
2025-10-14 22:19:29,347 | INFO | Iter 600/5004 | loss 0.0152 | lr 0.097771
2025-10-14 22:19:50,385 | INFO | Iter 650/5004 | loss 0.0152 | lr 0.097765
2025-10-14 22:20:11,424 | INFO | Iter 700/5004 | loss 0.0152 | lr 0.097760
2025-10-14 22:20:32,464 | INFO | Iter 750/5004 | loss 0.0152 | lr 0.097754
2025-10-14 22:20:53,504 | INFO | Iter 800/5004 | loss 0.0152 | lr 0.097749
2025-10-14 22:21:14,542 | INFO | Iter 850/5004 | loss 0.0152 | lr 0.097744
2025-10-14 22:21:35,581 | INFO | Iter 900/5004 | loss 0.0152 | lr 0.097738
2025-10-14 22:21:56,620 | INFO | Iter 950/5004 | loss 0.0152 | lr 0.097733
2025-10-14 22:22:17,658 | INFO | Iter 1000/5004 | loss 0.0152 | lr 0.097727
2025-10-14 22:22:38,697 | INFO | Iter 1050/5004 | loss 0.0151 | lr 0.097722
2025-10-14 22:22:59,733 | INFO | Iter 1100/5004 | loss 0.0152 | lr 0.097716
2025-10-14 22:23:20,772 | INFO | Iter 1150/5004 | loss 0.0152 | lr 0.097711
2025-10-14 22:23:41,810 | INFO | Iter 1200/5004 | loss 0.0152 | lr 0.097705
2025-10-14 22:24:02,849 | INFO | Iter 1250/5004 | loss 0.0152 | lr 0.097699
2025-10-14 22:24:23,888 | INFO | Iter 1300/5004 | loss 0.0152 | lr 0.097694
2025-10-14 22:24:44,927 | INFO | Iter 1350/5004 | loss 0.0152 | lr 0.097688
2025-10-14 22:25:05,965 | INFO | Iter 1400/5004 | loss 0.0152 | lr 0.097683
2025-10-14 22:25:27,003 | INFO | Iter 1450/5004 | loss 0.0152 | lr 0.097677
2025-10-14 22:25:48,039 | INFO | Iter 1500/5004 | loss 0.0152 | lr 0.097672
2025-10-14 22:26:09,077 | INFO | Iter 1550/5004 | loss 0.0152 | lr 0.097666
2025-10-14 22:26:30,114 | INFO | Iter 1600/5004 | loss 0.0152 | lr 0.097661
2025-10-14 22:26:51,153 | INFO | Iter 1650/5004 | loss 0.0152 | lr 0.097655
2025-10-14 22:27:12,192 | INFO | Iter 1700/5004 | loss 0.0152 | lr 0.097649
2025-10-14 22:27:33,232 | INFO | Iter 1750/5004 | loss 0.0152 | lr 0.097644
2025-10-14 22:27:54,269 | INFO | Iter 1800/5004 | loss 0.0152 | lr 0.097638
2025-10-14 22:28:15,309 | INFO | Iter 1850/5004 | loss 0.0152 | lr 0.097633
2025-10-14 22:28:36,349 | INFO | Iter 1900/5004 | loss 0.0152 | lr 0.097627
2025-10-14 22:28:57,387 | INFO | Iter 1950/5004 | loss 0.0152 | lr 0.097621
2025-10-14 22:29:18,427 | INFO | Iter 2000/5004 | loss 0.0152 | lr 0.097616
2025-10-14 22:29:39,465 | INFO | Iter 2050/5004 | loss 0.0152 | lr 0.097610
2025-10-14 22:30:00,507 | INFO | Iter 2100/5004 | loss 0.0152 | lr 0.097604
2025-10-14 22:30:21,546 | INFO | Iter 2150/5004 | loss 0.0152 | lr 0.097599
2025-10-14 22:30:42,583 | INFO | Iter 2200/5004 | loss 0.0152 | lr 0.097593
2025-10-14 22:31:03,618 | INFO | Iter 2250/5004 | loss 0.0152 | lr 0.097587
2025-10-14 22:31:24,659 | INFO | Iter 2300/5004 | loss 0.0152 | lr 0.097582
2025-10-14 22:31:45,697 | INFO | Iter 2350/5004 | loss 0.0152 | lr 0.097576
2025-10-14 22:32:06,736 | INFO | Iter 2400/5004 | loss 0.0152 | lr 0.097570
2025-10-14 22:32:27,775 | INFO | Iter 2450/5004 | loss 0.0152 | lr 0.097565
2025-10-14 22:32:48,813 | INFO | Iter 2500/5004 | loss 0.0152 | lr 0.097559
2025-10-14 22:33:09,851 | INFO | Iter 2550/5004 | loss 0.0152 | lr 0.097553
2025-10-14 22:33:30,889 | INFO | Iter 2600/5004 | loss 0.0152 | lr 0.097548
2025-10-14 22:33:51,929 | INFO | Iter 2650/5004 | loss 0.0152 | lr 0.097542
2025-10-14 22:34:12,968 | INFO | Iter 2700/5004 | loss 0.0152 | lr 0.097536
2025-10-14 22:34:34,007 | INFO | Iter 2750/5004 | loss 0.0152 | lr 0.097530
2025-10-14 22:34:55,046 | INFO | Iter 2800/5004 | loss 0.0152 | lr 0.097525
2025-10-14 22:35:16,081 | INFO | Iter 2850/5004 | loss 0.0151 | lr 0.097519
2025-10-14 22:35:37,118 | INFO | Iter 2900/5004 | loss 0.0151 | lr 0.097513
2025-10-14 22:35:58,157 | INFO | Iter 2950/5004 | loss 0.0151 | lr 0.097507
2025-10-14 22:36:19,195 | INFO | Iter 3000/5004 | loss 0.0151 | lr 0.097502
2025-10-14 22:36:40,234 | INFO | Iter 3050/5004 | loss 0.0151 | lr 0.097496
2025-10-14 22:37:01,272 | INFO | Iter 3100/5004 | loss 0.0151 | lr 0.097490
2025-10-14 22:37:22,311 | INFO | Iter 3150/5004 | loss 0.0151 | lr 0.097484
2025-10-14 22:37:43,347 | INFO | Iter 3200/5004 | loss 0.0151 | lr 0.097479
2025-10-14 22:38:04,386 | INFO | Iter 3250/5004 | loss 0.0151 | lr 0.097473
2025-10-14 22:38:25,425 | INFO | Iter 3300/5004 | loss 0.0151 | lr 0.097467
2025-10-14 22:38:46,465 | INFO | Iter 3350/5004 | loss 0.0151 | lr 0.097461
2025-10-14 22:39:07,503 | INFO | Iter 3400/5004 | loss 0.0151 | lr 0.097455
2025-10-14 22:39:28,544 | INFO | Iter 3450/5004 | loss 0.0151 | lr 0.097450
2025-10-14 22:39:49,582 | INFO | Iter 3500/5004 | loss 0.0151 | lr 0.097444
2025-10-14 22:40:10,621 | INFO | Iter 3550/5004 | loss 0.0151 | lr 0.097438
2025-10-14 22:40:31,660 | INFO | Iter 3600/5004 | loss 0.0151 | lr 0.097432
2025-10-14 22:40:52,700 | INFO | Iter 3650/5004 | loss 0.0151 | lr 0.097426
2025-10-14 22:41:13,737 | INFO | Iter 3700/5004 | loss 0.0151 | lr 0.097420
2025-10-14 22:41:34,775 | INFO | Iter 3750/5004 | loss 0.0151 | lr 0.097415
2025-10-14 22:41:55,814 | INFO | Iter 3800/5004 | loss 0.0151 | lr 0.097409
2025-10-14 22:42:16,852 | INFO | Iter 3850/5004 | loss 0.0151 | lr 0.097403
2025-10-14 22:42:37,890 | INFO | Iter 3900/5004 | loss 0.0151 | lr 0.097397
2025-10-14 22:42:58,928 | INFO | Iter 3950/5004 | loss 0.0151 | lr 0.097391
2025-10-14 22:43:19,966 | INFO | Iter 4000/5004 | loss 0.0151 | lr 0.097385
2025-10-14 22:43:41,003 | INFO | Iter 4050/5004 | loss 0.0151 | lr 0.097379
2025-10-14 22:44:02,041 | INFO | Iter 4100/5004 | loss 0.0151 | lr 0.097373
2025-10-14 22:44:23,079 | INFO | Iter 4150/5004 | loss 0.0151 | lr 0.097367
2025-10-14 22:44:44,119 | INFO | Iter 4200/5004 | loss 0.0151 | lr 0.097361
2025-10-14 22:45:05,155 | INFO | Iter 4250/5004 | loss 0.0151 | lr 0.097356
2025-10-14 22:45:26,194 | INFO | Iter 4300/5004 | loss 0.0151 | lr 0.097350
2025-10-14 22:45:47,232 | INFO | Iter 4350/5004 | loss 0.0151 | lr 0.097344
2025-10-14 22:46:08,270 | INFO | Iter 4400/5004 | loss 0.0151 | lr 0.097338
2025-10-14 22:46:29,308 | INFO | Iter 4450/5004 | loss 0.0151 | lr 0.097332
2025-10-14 22:46:50,347 | INFO | Iter 4500/5004 | loss 0.0151 | lr 0.097326
2025-10-14 22:47:11,385 | INFO | Iter 4550/5004 | loss 0.0151 | lr 0.097320
2025-10-14 22:47:32,423 | INFO | Iter 4600/5004 | loss 0.0151 | lr 0.097314
2025-10-14 22:47:53,462 | INFO | Iter 4650/5004 | loss 0.0151 | lr 0.097308
2025-10-14 22:48:14,501 | INFO | Iter 4700/5004 | loss 0.0151 | lr 0.097302
2025-10-14 22:48:35,538 | INFO | Iter 4750/5004 | loss 0.0151 | lr 0.097296
2025-10-14 22:48:56,573 | INFO | Iter 4800/5004 | loss 0.0151 | lr 0.097290
2025-10-14 22:49:17,610 | INFO | Iter 4850/5004 | loss 0.0151 | lr 0.097284
2025-10-14 22:49:38,647 | INFO | Iter 4900/5004 | loss 0.0151 | lr 0.097278
2025-10-14 22:49:59,685 | INFO | Iter 4950/5004 | loss 0.0151 | lr 0.097272
2025-10-14 22:50:20,712 | INFO | Iter 5000/5004 | loss 0.0151 | lr 0.097266
2025-10-14 22:51:11,578 | INFO | Epoch 14/90 | Train loss 0.0151 | Val acc@1 51.19 | acc@5 77.30 | LR 0.097266
2025-10-14 22:51:34,670 | INFO | Iter 50/5004 | loss 0.0150 | lr 0.097260
2025-10-14 22:51:55,709 | INFO | Iter 100/5004 | loss 0.0149 | lr 0.097254
2025-10-14 22:52:16,746 | INFO | Iter 150/5004 | loss 0.0148 | lr 0.097248
2025-10-14 22:52:37,781 | INFO | Iter 200/5004 | loss 0.0148 | lr 0.097242
2025-10-14 22:52:58,819 | INFO | Iter 250/5004 | loss 0.0147 | lr 0.097236
2025-10-14 22:53:19,859 | INFO | Iter 300/5004 | loss 0.0147 | lr 0.097230
2025-10-14 22:53:40,900 | INFO | Iter 350/5004 | loss 0.0147 | lr 0.097224
2025-10-14 22:54:01,940 | INFO | Iter 400/5004 | loss 0.0148 | lr 0.097218
2025-10-14 22:54:22,978 | INFO | Iter 450/5004 | loss 0.0148 | lr 0.097212
2025-10-14 22:54:44,018 | INFO | Iter 500/5004 | loss 0.0149 | lr 0.097205
2025-10-14 22:55:05,058 | INFO | Iter 550/5004 | loss 0.0149 | lr 0.097199
2025-10-14 22:55:26,097 | INFO | Iter 600/5004 | loss 0.0148 | lr 0.097193
2025-10-14 22:55:47,136 | INFO | Iter 650/5004 | loss 0.0149 | lr 0.097187
2025-10-14 22:56:08,176 | INFO | Iter 700/5004 | loss 0.0150 | lr 0.097181
2025-10-14 22:56:29,216 | INFO | Iter 750/5004 | loss 0.0149 | lr 0.097175
2025-10-14 22:56:50,254 | INFO | Iter 800/5004 | loss 0.0149 | lr 0.097169
2025-10-14 22:57:11,289 | INFO | Iter 850/5004 | loss 0.0150 | lr 0.097163
2025-10-14 22:57:32,327 | INFO | Iter 900/5004 | loss 0.0149 | lr 0.097157
2025-10-14 22:57:53,364 | INFO | Iter 950/5004 | loss 0.0149 | lr 0.097150
2025-10-14 22:58:14,401 | INFO | Iter 1000/5004 | loss 0.0149 | lr 0.097144
2025-10-14 22:58:35,438 | INFO | Iter 1050/5004 | loss 0.0149 | lr 0.097138
2025-10-14 22:58:56,479 | INFO | Iter 1100/5004 | loss 0.0149 | lr 0.097132
2025-10-14 22:59:17,517 | INFO | Iter 1150/5004 | loss 0.0150 | lr 0.097126
2025-10-14 22:59:38,557 | INFO | Iter 1200/5004 | loss 0.0149 | lr 0.097120
2025-10-14 22:59:59,595 | INFO | Iter 1250/5004 | loss 0.0149 | lr 0.097113
2025-10-14 23:00:20,633 | INFO | Iter 1300/5004 | loss 0.0150 | lr 0.097107
2025-10-14 23:00:41,671 | INFO | Iter 1350/5004 | loss 0.0150 | lr 0.097101
2025-10-14 23:01:02,710 | INFO | Iter 1400/5004 | loss 0.0149 | lr 0.097095
2025-10-14 23:01:23,749 | INFO | Iter 1450/5004 | loss 0.0150 | lr 0.097089
2025-10-14 23:01:44,787 | INFO | Iter 1500/5004 | loss 0.0150 | lr 0.097082
2025-10-14 23:02:05,826 | INFO | Iter 1550/5004 | loss 0.0150 | lr 0.097076
2025-10-14 23:02:26,864 | INFO | Iter 1600/5004 | loss 0.0150 | lr 0.097070
2025-10-14 23:02:47,904 | INFO | Iter 1650/5004 | loss 0.0150 | lr 0.097064
2025-10-14 23:03:08,943 | INFO | Iter 1700/5004 | loss 0.0150 | lr 0.097057
2025-10-14 23:03:29,983 | INFO | Iter 1750/5004 | loss 0.0150 | lr 0.097051
2025-10-14 23:03:51,022 | INFO | Iter 1800/5004 | loss 0.0150 | lr 0.097045
2025-10-14 23:04:12,059 | INFO | Iter 1850/5004 | loss 0.0150 | lr 0.097039
2025-10-14 23:04:33,100 | INFO | Iter 1900/5004 | loss 0.0150 | lr 0.097032
2025-10-14 23:04:54,140 | INFO | Iter 1950/5004 | loss 0.0150 | lr 0.097026
2025-10-14 23:05:15,178 | INFO | Iter 2000/5004 | loss 0.0150 | lr 0.097020
2025-10-14 23:05:36,216 | INFO | Iter 2050/5004 | loss 0.0150 | lr 0.097014
2025-10-14 23:05:57,253 | INFO | Iter 2100/5004 | loss 0.0150 | lr 0.097007
2025-10-14 23:06:18,292 | INFO | Iter 2150/5004 | loss 0.0150 | lr 0.097001
2025-10-14 23:06:39,331 | INFO | Iter 2200/5004 | loss 0.0150 | lr 0.096995
2025-10-14 23:07:00,369 | INFO | Iter 2250/5004 | loss 0.0149 | lr 0.096988
2025-10-14 23:07:21,407 | INFO | Iter 2300/5004 | loss 0.0150 | lr 0.096982
2025-10-14 23:07:42,445 | INFO | Iter 2350/5004 | loss 0.0149 | lr 0.096976
2025-10-14 23:08:03,483 | INFO | Iter 2400/5004 | loss 0.0150 | lr 0.096969
2025-10-14 23:08:24,522 | INFO | Iter 2450/5004 | loss 0.0150 | lr 0.096963
2025-10-14 23:08:45,562 | INFO | Iter 2500/5004 | loss 0.0150 | lr 0.096957
2025-10-14 23:09:06,601 | INFO | Iter 2550/5004 | loss 0.0149 | lr 0.096950
2025-10-14 23:09:27,634 | INFO | Iter 2600/5004 | loss 0.0150 | lr 0.096944
2025-10-14 23:09:48,674 | INFO | Iter 2650/5004 | loss 0.0150 | lr 0.096938
2025-10-14 23:10:09,714 | INFO | Iter 2700/5004 | loss 0.0150 | lr 0.096931
2025-10-14 23:10:30,754 | INFO | Iter 2750/5004 | loss 0.0150 | lr 0.096925
2025-10-14 23:10:51,793 | INFO | Iter 2800/5004 | loss 0.0150 | lr 0.096919
2025-10-14 23:11:12,831 | INFO | Iter 2850/5004 | loss 0.0150 | lr 0.096912
2025-10-14 23:11:33,871 | INFO | Iter 2900/5004 | loss 0.0150 | lr 0.096906
2025-10-14 23:11:54,912 | INFO | Iter 2950/5004 | loss 0.0150 | lr 0.096899
2025-10-14 23:12:15,950 | INFO | Iter 3000/5004 | loss 0.0150 | lr 0.096893
2025-10-14 23:12:36,990 | INFO | Iter 3050/5004 | loss 0.0150 | lr 0.096887
2025-10-14 23:12:58,027 | INFO | Iter 3100/5004 | loss 0.0150 | lr 0.096880
2025-10-14 23:13:19,065 | INFO | Iter 3150/5004 | loss 0.0150 | lr 0.096874
2025-10-14 23:13:40,103 | INFO | Iter 3200/5004 | loss 0.0150 | lr 0.096867
2025-10-14 23:14:01,145 | INFO | Iter 3250/5004 | loss 0.0150 | lr 0.096861
2025-10-14 23:14:22,183 | INFO | Iter 3300/5004 | loss 0.0150 | lr 0.096854
2025-10-14 23:14:43,222 | INFO | Iter 3350/5004 | loss 0.0150 | lr 0.096848
2025-10-14 23:15:04,259 | INFO | Iter 3400/5004 | loss 0.0150 | lr 0.096842
2025-10-14 23:15:25,299 | INFO | Iter 3450/5004 | loss 0.0150 | lr 0.096835
2025-10-14 23:15:46,338 | INFO | Iter 3500/5004 | loss 0.0150 | lr 0.096829
2025-10-14 23:16:07,373 | INFO | Iter 3550/5004 | loss 0.0150 | lr 0.096822
2025-10-14 23:16:28,411 | INFO | Iter 3600/5004 | loss 0.0150 | lr 0.096816
2025-10-14 23:16:49,448 | INFO | Iter 3650/5004 | loss 0.0150 | lr 0.096809
2025-10-14 23:17:10,488 | INFO | Iter 3700/5004 | loss 0.0150 | lr 0.096803
2025-10-14 23:17:31,526 | INFO | Iter 3750/5004 | loss 0.0150 | lr 0.096796
2025-10-14 23:17:52,565 | INFO | Iter 3800/5004 | loss 0.0150 | lr 0.096790
2025-10-14 23:18:13,602 | INFO | Iter 3850/5004 | loss 0.0150 | lr 0.096783
2025-10-14 23:18:34,640 | INFO | Iter 3900/5004 | loss 0.0150 | lr 0.096777
2025-10-14 23:18:55,678 | INFO | Iter 3950/5004 | loss 0.0150 | lr 0.096770
2025-10-14 23:19:16,717 | INFO | Iter 4000/5004 | loss 0.0150 | lr 0.096764
2025-10-14 23:19:37,754 | INFO | Iter 4050/5004 | loss 0.0150 | lr 0.096757
2025-10-14 23:19:58,792 | INFO | Iter 4100/5004 | loss 0.0150 | lr 0.096751
2025-10-14 23:20:19,834 | INFO | Iter 4150/5004 | loss 0.0150 | lr 0.096744
2025-10-14 23:20:40,872 | INFO | Iter 4200/5004 | loss 0.0150 | lr 0.096737
2025-10-14 23:21:01,910 | INFO | Iter 4250/5004 | loss 0.0150 | lr 0.096731
2025-10-14 23:21:22,949 | INFO | Iter 4300/5004 | loss 0.0150 | lr 0.096724
2025-10-14 23:21:43,988 | INFO | Iter 4350/5004 | loss 0.0150 | lr 0.096718
2025-10-14 23:22:05,026 | INFO | Iter 4400/5004 | loss 0.0150 | lr 0.096711
2025-10-14 23:22:26,063 | INFO | Iter 4450/5004 | loss 0.0150 | lr 0.096705
2025-10-14 23:22:47,102 | INFO | Iter 4500/5004 | loss 0.0150 | lr 0.096698
2025-10-14 23:23:08,140 | INFO | Iter 4550/5004 | loss 0.0150 | lr 0.096691
2025-10-14 23:23:29,176 | INFO | Iter 4600/5004 | loss 0.0150 | lr 0.096685
2025-10-14 23:23:50,218 | INFO | Iter 4650/5004 | loss 0.0150 | lr 0.096678
2025-10-14 23:24:11,259 | INFO | Iter 4700/5004 | loss 0.0150 | lr 0.096672
2025-10-14 23:24:32,295 | INFO | Iter 4750/5004 | loss 0.0150 | lr 0.096665
2025-10-14 23:24:53,330 | INFO | Iter 4800/5004 | loss 0.0150 | lr 0.096658
2025-10-14 23:25:14,365 | INFO | Iter 4850/5004 | loss 0.0150 | lr 0.096652
2025-10-14 23:25:35,402 | INFO | Iter 4900/5004 | loss 0.0150 | lr 0.096645
2025-10-14 23:25:56,436 | INFO | Iter 4950/5004 | loss 0.0150 | lr 0.096638
2025-10-14 23:26:17,462 | INFO | Iter 5000/5004 | loss 0.0150 | lr 0.096632
2025-10-14 23:27:06,088 | INFO | Epoch 15/90 | Train loss 0.0150 | Val acc@1 50.42 | acc@5 76.44 | LR 0.096632
2025-10-14 23:27:29,278 | INFO | Iter 50/5004 | loss 0.0158 | lr 0.096625
2025-10-14 23:27:50,313 | INFO | Iter 100/5004 | loss 0.0152 | lr 0.096618
2025-10-14 23:28:11,347 | INFO | Iter 150/5004 | loss 0.0150 | lr 0.096612
2025-10-14 23:28:32,384 | INFO | Iter 200/5004 | loss 0.0150 | lr 0.096605
2025-10-14 23:28:53,421 | INFO | Iter 250/5004 | loss 0.0149 | lr 0.096598
2025-10-14 23:29:14,461 | INFO | Iter 300/5004 | loss 0.0149 | lr 0.096592
2025-10-14 23:29:35,501 | INFO | Iter 350/5004 | loss 0.0150 | lr 0.096585
2025-10-14 23:29:56,541 | INFO | Iter 400/5004 | loss 0.0149 | lr 0.096578
2025-10-14 23:30:17,579 | INFO | Iter 450/5004 | loss 0.0150 | lr 0.096571
2025-10-14 23:30:38,616 | INFO | Iter 500/5004 | loss 0.0149 | lr 0.096565
2025-10-14 23:30:59,654 | INFO | Iter 550/5004 | loss 0.0150 | lr 0.096558
2025-10-14 23:31:20,693 | INFO | Iter 600/5004 | loss 0.0150 | lr 0.096551
2025-10-14 23:31:41,729 | INFO | Iter 650/5004 | loss 0.0150 | lr 0.096544
2025-10-14 23:32:02,769 | INFO | Iter 700/5004 | loss 0.0150 | lr 0.096538
2025-10-14 23:32:23,809 | INFO | Iter 750/5004 | loss 0.0150 | lr 0.096531
2025-10-14 23:32:44,846 | INFO | Iter 800/5004 | loss 0.0149 | lr 0.096524
2025-10-14 23:33:05,885 | INFO | Iter 850/5004 | loss 0.0149 | lr 0.096517
2025-10-14 23:33:26,923 | INFO | Iter 900/5004 | loss 0.0149 | lr 0.096511
2025-10-14 23:33:47,959 | INFO | Iter 950/5004 | loss 0.0149 | lr 0.096504
2025-10-14 23:34:09,001 | INFO | Iter 1000/5004 | loss 0.0149 | lr 0.096497
2025-10-14 23:34:30,040 | INFO | Iter 1050/5004 | loss 0.0149 | lr 0.096490
2025-10-14 23:34:51,077 | INFO | Iter 1100/5004 | loss 0.0150 | lr 0.096484
2025-10-14 23:35:12,116 | INFO | Iter 1150/5004 | loss 0.0150 | lr 0.096477
2025-10-14 23:35:33,154 | INFO | Iter 1200/5004 | loss 0.0150 | lr 0.096470
2025-10-14 23:35:54,190 | INFO | Iter 1250/5004 | loss 0.0150 | lr 0.096463
2025-10-14 23:36:15,231 | INFO | Iter 1300/5004 | loss 0.0150 | lr 0.096456
2025-10-14 23:36:36,267 | INFO | Iter 1350/5004 | loss 0.0150 | lr 0.096449
2025-10-14 23:36:57,306 | INFO | Iter 1400/5004 | loss 0.0150 | lr 0.096443
2025-10-14 23:37:18,346 | INFO | Iter 1450/5004 | loss 0.0150 | lr 0.096436
2025-10-14 23:37:39,384 | INFO | Iter 1500/5004 | loss 0.0150 | lr 0.096429
2025-10-14 23:38:00,420 | INFO | Iter 1550/5004 | loss 0.0150 | lr 0.096422
2025-10-14 23:38:21,458 | INFO | Iter 1600/5004 | loss 0.0150 | lr 0.096415
2025-10-14 23:38:42,495 | INFO | Iter 1650/5004 | loss 0.0150 | lr 0.096408
2025-10-14 23:39:03,534 | INFO | Iter 1700/5004 | loss 0.0150 | lr 0.096401
2025-10-14 23:39:24,574 | INFO | Iter 1750/5004 | loss 0.0150 | lr 0.096395
2025-10-14 23:39:45,613 | INFO | Iter 1800/5004 | loss 0.0150 | lr 0.096388
2025-10-14 23:40:06,651 | INFO | Iter 1850/5004 | loss 0.0149 | lr 0.096381
2025-10-14 23:40:27,689 | INFO | Iter 1900/5004 | loss 0.0149 | lr 0.096374
2025-10-14 23:40:48,727 | INFO | Iter 1950/5004 | loss 0.0149 | lr 0.096367
2025-10-14 23:41:09,763 | INFO | Iter 2000/5004 | loss 0.0149 | lr 0.096360
2025-10-14 23:41:30,804 | INFO | Iter 2050/5004 | loss 0.0149 | lr 0.096353
2025-10-14 23:41:51,842 | INFO | Iter 2100/5004 | loss 0.0149 | lr 0.096346
2025-10-14 23:42:12,881 | INFO | Iter 2150/5004 | loss 0.0149 | lr 0.096339
2025-10-14 23:42:33,918 | INFO | Iter 2200/5004 | loss 0.0149 | lr 0.096332
2025-10-14 23:42:54,954 | INFO | Iter 2250/5004 | loss 0.0149 | lr 0.096325
2025-10-14 23:43:15,991 | INFO | Iter 2300/5004 | loss 0.0149 | lr 0.096318
2025-10-14 23:43:37,028 | INFO | Iter 2350/5004 | loss 0.0149 | lr 0.096311
2025-10-14 23:43:58,067 | INFO | Iter 2400/5004 | loss 0.0149 | lr 0.096305
2025-10-14 23:44:19,107 | INFO | Iter 2450/5004 | loss 0.0149 | lr 0.096298
2025-10-14 23:44:40,144 | INFO | Iter 2500/5004 | loss 0.0149 | lr 0.096291
2025-10-14 23:45:01,181 | INFO | Iter 2550/5004 | loss 0.0149 | lr 0.096284
2025-10-14 23:45:22,220 | INFO | Iter 2600/5004 | loss 0.0149 | lr 0.096277
2025-10-14 23:45:43,257 | INFO | Iter 2650/5004 | loss 0.0149 | lr 0.096270
2025-10-14 23:46:04,296 | INFO | Iter 2700/5004 | loss 0.0149 | lr 0.096263
2025-10-14 23:46:25,334 | INFO | Iter 2750/5004 | loss 0.0149 | lr 0.096256
2025-10-14 23:46:46,370 | INFO | Iter 2800/5004 | loss 0.0149 | lr 0.096249
2025-10-14 23:47:07,405 | INFO | Iter 2850/5004 | loss 0.0149 | lr 0.096242
2025-10-14 23:47:28,444 | INFO | Iter 2900/5004 | loss 0.0149 | lr 0.096235
2025-10-14 23:47:49,481 | INFO | Iter 2950/5004 | loss 0.0149 | lr 0.096228
2025-10-14 23:48:10,522 | INFO | Iter 3000/5004 | loss 0.0149 | lr 0.096220
2025-10-14 23:48:31,558 | INFO | Iter 3050/5004 | loss 0.0149 | lr 0.096213
2025-10-14 23:48:52,596 | INFO | Iter 3100/5004 | loss 0.0149 | lr 0.096206
2025-10-14 23:49:13,635 | INFO | Iter 3150/5004 | loss 0.0149 | lr 0.096199
2025-10-14 23:49:34,673 | INFO | Iter 3200/5004 | loss 0.0149 | lr 0.096192
2025-10-14 23:49:55,712 | INFO | Iter 3250/5004 | loss 0.0149 | lr 0.096185
2025-10-14 23:50:16,750 | INFO | Iter 3300/5004 | loss 0.0149 | lr 0.096178
2025-10-14 23:50:37,787 | INFO | Iter 3350/5004 | loss 0.0149 | lr 0.096171
2025-10-14 23:50:58,824 | INFO | Iter 3400/5004 | loss 0.0149 | lr 0.096164
2025-10-14 23:51:19,864 | INFO | Iter 3450/5004 | loss 0.0149 | lr 0.096157
2025-10-14 23:51:40,899 | INFO | Iter 3500/5004 | loss 0.0149 | lr 0.096150
2025-10-14 23:52:01,936 | INFO | Iter 3550/5004 | loss 0.0149 | lr 0.096143
2025-10-14 23:52:22,976 | INFO | Iter 3600/5004 | loss 0.0149 | lr 0.096136
2025-10-14 23:52:44,013 | INFO | Iter 3650/5004 | loss 0.0149 | lr 0.096128
2025-10-14 23:53:05,050 | INFO | Iter 3700/5004 | loss 0.0149 | lr 0.096121
2025-10-14 23:53:26,088 | INFO | Iter 3750/5004 | loss 0.0149 | lr 0.096114
2025-10-14 23:53:47,125 | INFO | Iter 3800/5004 | loss 0.0149 | lr 0.096107
2025-10-14 23:54:08,163 | INFO | Iter 3850/5004 | loss 0.0149 | lr 0.096100
2025-10-14 23:54:29,205 | INFO | Iter 3900/5004 | loss 0.0149 | lr 0.096093
2025-10-14 23:54:50,243 | INFO | Iter 3950/5004 | loss 0.0149 | lr 0.096086
2025-10-14 23:55:11,282 | INFO | Iter 4000/5004 | loss 0.0149 | lr 0.096078
2025-10-14 23:55:32,320 | INFO | Iter 4050/5004 | loss 0.0149 | lr 0.096071
2025-10-14 23:55:53,360 | INFO | Iter 4100/5004 | loss 0.0149 | lr 0.096064
2025-10-14 23:56:14,397 | INFO | Iter 4150/5004 | loss 0.0149 | lr 0.096057
2025-10-14 23:56:35,435 | INFO | Iter 4200/5004 | loss 0.0149 | lr 0.096050
2025-10-14 23:56:56,474 | INFO | Iter 4250/5004 | loss 0.0149 | lr 0.096042
2025-10-14 23:57:17,513 | INFO | Iter 4300/5004 | loss 0.0149 | lr 0.096035
2025-10-14 23:57:38,550 | INFO | Iter 4350/5004 | loss 0.0149 | lr 0.096028
2025-10-14 23:57:59,586 | INFO | Iter 4400/5004 | loss 0.0149 | lr 0.096021
2025-10-14 23:58:20,625 | INFO | Iter 4450/5004 | loss 0.0149 | lr 0.096014
2025-10-14 23:58:41,662 | INFO | Iter 4500/5004 | loss 0.0149 | lr 0.096006
2025-10-14 23:59:02,701 | INFO | Iter 4550/5004 | loss 0.0149 | lr 0.095999
2025-10-14 23:59:23,740 | INFO | Iter 4600/5004 | loss 0.0149 | lr 0.095992
2025-10-14 23:59:44,777 | INFO | Iter 4650/5004 | loss 0.0149 | lr 0.095985
2025-10-15 00:00:05,817 | INFO | Iter 4700/5004 | loss 0.0149 | lr 0.095977
2025-10-15 00:00:26,855 | INFO | Iter 4750/5004 | loss 0.0149 | lr 0.095970
2025-10-15 00:00:47,886 | INFO | Iter 4800/5004 | loss 0.0149 | lr 0.095963
2025-10-15 00:01:08,925 | INFO | Iter 4850/5004 | loss 0.0149 | lr 0.095956
2025-10-15 00:01:29,961 | INFO | Iter 4900/5004 | loss 0.0149 | lr 0.095948
2025-10-15 00:01:50,997 | INFO | Iter 4950/5004 | loss 0.0149 | lr 0.095941
2025-10-15 00:02:12,024 | INFO | Iter 5000/5004 | loss 0.0149 | lr 0.095934
2025-10-15 00:03:02,505 | INFO | Epoch 16/90 | Train loss 0.0149 | Val acc@1 51.92 | acc@5 78.09 | LR 0.095934
2025-10-15 00:03:25,094 | INFO | Iter 50/5004 | loss 0.0155 | lr 0.095926
2025-10-15 00:03:46,132 | INFO | Iter 100/5004 | loss 0.0151 | lr 0.095919
2025-10-15 00:04:07,173 | INFO | Iter 150/5004 | loss 0.0152 | lr 0.095912
2025-10-15 00:04:28,212 | INFO | Iter 200/5004 | loss 0.0152 | lr 0.095905
2025-10-15 00:04:49,253 | INFO | Iter 250/5004 | loss 0.0151 | lr 0.095897
2025-10-15 00:05:10,294 | INFO | Iter 300/5004 | loss 0.0151 | lr 0.095890
2025-10-15 00:05:31,329 | INFO | Iter 350/5004 | loss 0.0150 | lr 0.095883
2025-10-15 00:05:52,370 | INFO | Iter 400/5004 | loss 0.0150 | lr 0.095875
2025-10-15 00:06:13,409 | INFO | Iter 450/5004 | loss 0.0151 | lr 0.095868
2025-10-15 00:06:34,447 | INFO | Iter 500/5004 | loss 0.0150 | lr 0.095860
2025-10-15 00:06:55,484 | INFO | Iter 550/5004 | loss 0.0149 | lr 0.095853
2025-10-15 00:07:16,522 | INFO | Iter 600/5004 | loss 0.0149 | lr 0.095846
2025-10-15 00:07:37,562 | INFO | Iter 650/5004 | loss 0.0149 | lr 0.095838
2025-10-15 00:07:58,601 | INFO | Iter 700/5004 | loss 0.0149 | lr 0.095831
2025-10-15 00:08:19,640 | INFO | Iter 750/5004 | loss 0.0149 | lr 0.095824
2025-10-15 00:08:40,683 | INFO | Iter 800/5004 | loss 0.0148 | lr 0.095816
2025-10-15 00:09:01,723 | INFO | Iter 850/5004 | loss 0.0148 | lr 0.095809
2025-10-15 00:09:22,764 | INFO | Iter 900/5004 | loss 0.0149 | lr 0.095801
2025-10-15 00:09:43,804 | INFO | Iter 950/5004 | loss 0.0149 | lr 0.095794
2025-10-15 00:10:04,843 | INFO | Iter 1000/5004 | loss 0.0149 | lr 0.095787
2025-10-15 00:10:25,882 | INFO | Iter 1050/5004 | loss 0.0149 | lr 0.095779
2025-10-15 00:10:46,920 | INFO | Iter 1100/5004 | loss 0.0149 | lr 0.095772
2025-10-15 00:11:07,960 | INFO | Iter 1150/5004 | loss 0.0149 | lr 0.095764
2025-10-15 00:11:28,999 | INFO | Iter 1200/5004 | loss 0.0149 | lr 0.095757
2025-10-15 00:11:50,037 | INFO | Iter 1250/5004 | loss 0.0149 | lr 0.095749
2025-10-15 00:12:11,071 | INFO | Iter 1300/5004 | loss 0.0149 | lr 0.095742
2025-10-15 00:12:32,107 | INFO | Iter 1350/5004 | loss 0.0149 | lr 0.095735
2025-10-15 00:12:53,145 | INFO | Iter 1400/5004 | loss 0.0149 | lr 0.095727
2025-10-15 00:13:14,185 | INFO | Iter 1450/5004 | loss 0.0149 | lr 0.095720
2025-10-15 00:13:35,222 | INFO | Iter 1500/5004 | loss 0.0149 | lr 0.095712
2025-10-15 00:13:56,259 | INFO | Iter 1550/5004 | loss 0.0149 | lr 0.095705
2025-10-15 00:14:17,299 | INFO | Iter 1600/5004 | loss 0.0149 | lr 0.095697
2025-10-15 00:14:38,337 | INFO | Iter 1650/5004 | loss 0.0149 | lr 0.095690
2025-10-15 00:14:59,375 | INFO | Iter 1700/5004 | loss 0.0149 | lr 0.095682
2025-10-15 00:15:20,412 | INFO | Iter 1750/5004 | loss 0.0149 | lr 0.095675
2025-10-15 00:15:41,451 | INFO | Iter 1800/5004 | loss 0.0149 | lr 0.095667
2025-10-15 00:16:02,492 | INFO | Iter 1850/5004 | loss 0.0150 | lr 0.095660
2025-10-15 00:16:23,530 | INFO | Iter 1900/5004 | loss 0.0149 | lr 0.095652
2025-10-15 00:16:44,570 | INFO | Iter 1950/5004 | loss 0.0149 | lr 0.095645
2025-10-15 00:17:05,608 | INFO | Iter 2000/5004 | loss 0.0149 | lr 0.095637
2025-10-15 00:17:26,645 | INFO | Iter 2050/5004 | loss 0.0149 | lr 0.095629
2025-10-15 00:17:47,684 | INFO | Iter 2100/5004 | loss 0.0149 | lr 0.095622
2025-10-15 00:18:08,722 | INFO | Iter 2150/5004 | loss 0.0149 | lr 0.095614
2025-10-15 00:18:29,760 | INFO | Iter 2200/5004 | loss 0.0149 | lr 0.095607
2025-10-15 00:18:50,798 | INFO | Iter 2250/5004 | loss 0.0149 | lr 0.095599
2025-10-15 00:19:11,838 | INFO | Iter 2300/5004 | loss 0.0149 | lr 0.095592
2025-10-15 00:19:32,875 | INFO | Iter 2350/5004 | loss 0.0149 | lr 0.095584
2025-10-15 00:19:53,914 | INFO | Iter 2400/5004 | loss 0.0149 | lr 0.095576
2025-10-15 00:20:14,952 | INFO | Iter 2450/5004 | loss 0.0149 | lr 0.095569
2025-10-15 00:20:35,991 | INFO | Iter 2500/5004 | loss 0.0149 | lr 0.095561
2025-10-15 00:20:57,029 | INFO | Iter 2550/5004 | loss 0.0149 | lr 0.095554
2025-10-15 00:21:18,067 | INFO | Iter 2600/5004 | loss 0.0149 | lr 0.095546
2025-10-15 00:21:39,103 | INFO | Iter 2650/5004 | loss 0.0149 | lr 0.095538
2025-10-15 00:22:00,142 | INFO | Iter 2700/5004 | loss 0.0149 | lr 0.095531
2025-10-15 00:22:21,182 | INFO | Iter 2750/5004 | loss 0.0149 | lr 0.095523
2025-10-15 00:22:42,221 | INFO | Iter 2800/5004 | loss 0.0149 | lr 0.095515
2025-10-15 00:23:03,259 | INFO | Iter 2850/5004 | loss 0.0149 | lr 0.095508
2025-10-15 00:23:24,299 | INFO | Iter 2900/5004 | loss 0.0149 | lr 0.095500
2025-10-15 00:23:45,337 | INFO | Iter 2950/5004 | loss 0.0149 | lr 0.095493
2025-10-15 00:24:06,375 | INFO | Iter 3000/5004 | loss 0.0149 | lr 0.095485
2025-10-15 00:24:27,413 | INFO | Iter 3050/5004 | loss 0.0149 | lr 0.095477
2025-10-15 00:24:48,448 | INFO | Iter 3100/5004 | loss 0.0149 | lr 0.095470
2025-10-15 00:25:09,484 | INFO | Iter 3150/5004 | loss 0.0148 | lr 0.095462
2025-10-15 00:25:30,522 | INFO | Iter 3200/5004 | loss 0.0148 | lr 0.095454
2025-10-15 00:25:51,559 | INFO | Iter 3250/5004 | loss 0.0148 | lr 0.095446
2025-10-15 00:26:12,596 | INFO | Iter 3300/5004 | loss 0.0149 | lr 0.095439
2025-10-15 00:26:33,634 | INFO | Iter 3350/5004 | loss 0.0149 | lr 0.095431
2025-10-15 00:26:54,672 | INFO | Iter 3400/5004 | loss 0.0149 | lr 0.095423
2025-10-15 00:27:15,713 | INFO | Iter 3450/5004 | loss 0.0149 | lr 0.095416
2025-10-15 00:27:36,747 | INFO | Iter 3500/5004 | loss 0.0149 | lr 0.095408
2025-10-15 00:27:57,784 | INFO | Iter 3550/5004 | loss 0.0148 | lr 0.095400
2025-10-15 00:28:18,822 | INFO | Iter 3600/5004 | loss 0.0148 | lr 0.095392
2025-10-15 00:28:39,860 | INFO | Iter 3650/5004 | loss 0.0148 | lr 0.095385
2025-10-15 00:29:00,898 | INFO | Iter 3700/5004 | loss 0.0148 | lr 0.095377
2025-10-15 00:29:21,937 | INFO | Iter 3750/5004 | loss 0.0148 | lr 0.095369
2025-10-15 00:29:42,978 | INFO | Iter 3800/5004 | loss 0.0148 | lr 0.095361
2025-10-15 00:30:04,017 | INFO | Iter 3850/5004 | loss 0.0148 | lr 0.095354
2025-10-15 00:30:25,057 | INFO | Iter 3900/5004 | loss 0.0148 | lr 0.095346
2025-10-15 00:30:46,093 | INFO | Iter 3950/5004 | loss 0.0148 | lr 0.095338
2025-10-15 00:31:07,132 | INFO | Iter 4000/5004 | loss 0.0148 | lr 0.095330
2025-10-15 00:31:28,170 | INFO | Iter 4050/5004 | loss 0.0148 | lr 0.095322
2025-10-15 00:31:49,211 | INFO | Iter 4100/5004 | loss 0.0148 | lr 0.095315
2025-10-15 00:32:10,253 | INFO | Iter 4150/5004 | loss 0.0148 | lr 0.095307
2025-10-15 00:32:31,291 | INFO | Iter 4200/5004 | loss 0.0148 | lr 0.095299
2025-10-15 00:32:52,331 | INFO | Iter 4250/5004 | loss 0.0148 | lr 0.095291
2025-10-15 00:33:13,368 | INFO | Iter 4300/5004 | loss 0.0148 | lr 0.095283
2025-10-15 00:33:34,406 | INFO | Iter 4350/5004 | loss 0.0148 | lr 0.095276
2025-10-15 00:33:55,448 | INFO | Iter 4400/5004 | loss 0.0148 | lr 0.095268
2025-10-15 00:34:16,488 | INFO | Iter 4450/5004 | loss 0.0148 | lr 0.095260
2025-10-15 00:34:37,528 | INFO | Iter 4500/5004 | loss 0.0148 | lr 0.095252
2025-10-15 00:34:58,569 | INFO | Iter 4550/5004 | loss 0.0148 | lr 0.095244
2025-10-15 00:35:19,607 | INFO | Iter 4600/5004 | loss 0.0148 | lr 0.095236
2025-10-15 00:35:40,645 | INFO | Iter 4650/5004 | loss 0.0148 | lr 0.095228
2025-10-15 00:36:01,683 | INFO | Iter 4700/5004 | loss 0.0149 | lr 0.095221
2025-10-15 00:36:22,722 | INFO | Iter 4750/5004 | loss 0.0148 | lr 0.095213
2025-10-15 00:36:43,755 | INFO | Iter 4800/5004 | loss 0.0148 | lr 0.095205
2025-10-15 00:37:04,792 | INFO | Iter 4850/5004 | loss 0.0148 | lr 0.095197
2025-10-15 00:37:25,830 | INFO | Iter 4900/5004 | loss 0.0148 | lr 0.095189
2025-10-15 00:37:46,865 | INFO | Iter 4950/5004 | loss 0.0148 | lr 0.095181
2025-10-15 00:38:07,891 | INFO | Iter 5000/5004 | loss 0.0148 | lr 0.095173
2025-10-15 00:38:55,509 | INFO | Epoch 17/90 | Train loss 0.0148 | Val acc@1 51.36 | acc@5 77.43 | LR 0.095173
2025-10-15 00:39:18,162 | INFO | Iter 50/5004 | loss 0.0151 | lr 0.095165
2025-10-15 00:39:39,198 | INFO | Iter 100/5004 | loss 0.0151 | lr 0.095157
2025-10-15 00:40:00,234 | INFO | Iter 150/5004 | loss 0.0151 | lr 0.095149
2025-10-15 00:40:21,271 | INFO | Iter 200/5004 | loss 0.0150 | lr 0.095141
2025-10-15 00:40:42,310 | INFO | Iter 250/5004 | loss 0.0150 | lr 0.095134
2025-10-15 00:41:03,348 | INFO | Iter 300/5004 | loss 0.0149 | lr 0.095126
2025-10-15 00:41:24,384 | INFO | Iter 350/5004 | loss 0.0149 | lr 0.095118
2025-10-15 00:41:45,419 | INFO | Iter 400/5004 | loss 0.0150 | lr 0.095110
2025-10-15 00:42:06,458 | INFO | Iter 450/5004 | loss 0.0149 | lr 0.095102
2025-10-15 00:42:27,496 | INFO | Iter 500/5004 | loss 0.0150 | lr 0.095094
2025-10-15 00:42:48,536 | INFO | Iter 550/5004 | loss 0.0151 | lr 0.095086
2025-10-15 00:43:09,574 | INFO | Iter 600/5004 | loss 0.0151 | lr 0.095078
2025-10-15 00:43:30,613 | INFO | Iter 650/5004 | loss 0.0151 | lr 0.095070
2025-10-15 00:43:51,654 | INFO | Iter 700/5004 | loss 0.0151 | lr 0.095062
2025-10-15 00:44:12,692 | INFO | Iter 750/5004 | loss 0.0151 | lr 0.095054
2025-10-15 00:44:33,730 | INFO | Iter 800/5004 | loss 0.0151 | lr 0.095046
2025-10-15 00:44:54,770 | INFO | Iter 850/5004 | loss 0.0151 | lr 0.095038
2025-10-15 00:45:15,809 | INFO | Iter 900/5004 | loss 0.0151 | lr 0.095030
2025-10-15 00:45:36,848 | INFO | Iter 950/5004 | loss 0.0151 | lr 0.095022
2025-10-15 00:45:57,885 | INFO | Iter 1000/5004 | loss 0.0151 | lr 0.095014
2025-10-15 00:46:18,924 | INFO | Iter 1050/5004 | loss 0.0150 | lr 0.095006
2025-10-15 00:46:39,963 | INFO | Iter 1100/5004 | loss 0.0150 | lr 0.094998
2025-10-15 00:47:01,002 | INFO | Iter 1150/5004 | loss 0.0150 | lr 0.094989
2025-10-15 00:47:22,043 | INFO | Iter 1200/5004 | loss 0.0151 | lr 0.094981
2025-10-15 00:47:43,080 | INFO | Iter 1250/5004 | loss 0.0150 | lr 0.094973
2025-10-15 00:48:04,120 | INFO | Iter 1300/5004 | loss 0.0150 | lr 0.094965
2025-10-15 00:48:25,160 | INFO | Iter 1350/5004 | loss 0.0150 | lr 0.094957
2025-10-15 00:48:46,202 | INFO | Iter 1400/5004 | loss 0.0150 | lr 0.094949
2025-10-15 00:49:07,240 | INFO | Iter 1450/5004 | loss 0.0150 | lr 0.094941
2025-10-15 00:49:28,276 | INFO | Iter 1500/5004 | loss 0.0150 | lr 0.094933
2025-10-15 00:49:49,316 | INFO | Iter 1550/5004 | loss 0.0150 | lr 0.094925
2025-10-15 00:50:10,355 | INFO | Iter 1600/5004 | loss 0.0150 | lr 0.094917
2025-10-15 00:50:31,395 | INFO | Iter 1650/5004 | loss 0.0150 | lr 0.094909
2025-10-15 00:50:52,434 | INFO | Iter 1700/5004 | loss 0.0150 | lr 0.094901
2025-10-15 00:51:13,473 | INFO | Iter 1750/5004 | loss 0.0150 | lr 0.094892
2025-10-15 00:51:34,512 | INFO | Iter 1800/5004 | loss 0.0150 | lr 0.094884
2025-10-15 00:51:55,550 | INFO | Iter 1850/5004 | loss 0.0150 | lr 0.094876
2025-10-15 00:52:16,585 | INFO | Iter 1900/5004 | loss 0.0150 | lr 0.094868
2025-10-15 00:52:37,624 | INFO | Iter 1950/5004 | loss 0.0149 | lr 0.094860
2025-10-15 00:52:58,661 | INFO | Iter 2000/5004 | loss 0.0149 | lr 0.094852
2025-10-15 00:53:19,701 | INFO | Iter 2050/5004 | loss 0.0149 | lr 0.094843
2025-10-15 00:53:40,738 | INFO | Iter 2100/5004 | loss 0.0149 | lr 0.094835
2025-10-15 00:54:01,775 | INFO | Iter 2150/5004 | loss 0.0149 | lr 0.094827
2025-10-15 00:54:22,813 | INFO | Iter 2200/5004 | loss 0.0149 | lr 0.094819
2025-10-15 00:54:43,849 | INFO | Iter 2250/5004 | loss 0.0149 | lr 0.094811
2025-10-15 00:55:04,888 | INFO | Iter 2300/5004 | loss 0.0149 | lr 0.094803
2025-10-15 00:55:25,927 | INFO | Iter 2350/5004 | loss 0.0149 | lr 0.094794
2025-10-15 00:55:46,963 | INFO | Iter 2400/5004 | loss 0.0149 | lr 0.094786
2025-10-15 00:56:08,000 | INFO | Iter 2450/5004 | loss 0.0149 | lr 0.094778
2025-10-15 00:56:29,038 | INFO | Iter 2500/5004 | loss 0.0149 | lr 0.094770
2025-10-15 00:56:50,077 | INFO | Iter 2550/5004 | loss 0.0149 | lr 0.094762
2025-10-15 00:57:11,114 | INFO | Iter 2600/5004 | loss 0.0149 | lr 0.094753
2025-10-15 00:57:32,151 | INFO | Iter 2650/5004 | loss 0.0149 | lr 0.094745
2025-10-15 00:57:53,188 | INFO | Iter 2700/5004 | loss 0.0149 | lr 0.094737
2025-10-15 00:58:14,224 | INFO | Iter 2750/5004 | loss 0.0149 | lr 0.094729
2025-10-15 00:58:35,261 | INFO | Iter 2800/5004 | loss 0.0149 | lr 0.094720
2025-10-15 00:58:56,299 | INFO | Iter 2850/5004 | loss 0.0149 | lr 0.094712
2025-10-15 00:59:17,332 | INFO | Iter 2900/5004 | loss 0.0149 | lr 0.094704
2025-10-15 00:59:38,370 | INFO | Iter 2950/5004 | loss 0.0149 | lr 0.094695
2025-10-15 00:59:59,411 | INFO | Iter 3000/5004 | loss 0.0149 | lr 0.094687
2025-10-15 01:00:20,449 | INFO | Iter 3050/5004 | loss 0.0149 | lr 0.094679
2025-10-15 01:00:41,488 | INFO | Iter 3100/5004 | loss 0.0149 | lr 0.094671
2025-10-15 01:01:02,525 | INFO | Iter 3150/5004 | loss 0.0149 | lr 0.094662
2025-10-15 01:01:23,564 | INFO | Iter 3200/5004 | loss 0.0149 | lr 0.094654
2025-10-15 01:01:44,601 | INFO | Iter 3250/5004 | loss 0.0149 | lr 0.094646
2025-10-15 01:02:05,639 | INFO | Iter 3300/5004 | loss 0.0149 | lr 0.094637
2025-10-15 01:02:26,675 | INFO | Iter 3350/5004 | loss 0.0149 | lr 0.094629
2025-10-15 01:02:47,713 | INFO | Iter 3400/5004 | loss 0.0149 | lr 0.094621
2025-10-15 01:03:08,749 | INFO | Iter 3450/5004 | loss 0.0149 | lr 0.094612
2025-10-15 01:03:29,787 | INFO | Iter 3500/5004 | loss 0.0149 | lr 0.094604
2025-10-15 01:03:50,825 | INFO | Iter 3550/5004 | loss 0.0149 | lr 0.094596
2025-10-15 01:04:11,863 | INFO | Iter 3600/5004 | loss 0.0149 | lr 0.094587
2025-10-15 01:04:32,900 | INFO | Iter 3650/5004 | loss 0.0149 | lr 0.094579
2025-10-15 01:04:53,938 | INFO | Iter 3700/5004 | loss 0.0149 | lr 0.094571
2025-10-15 01:05:14,974 | INFO | Iter 3750/5004 | loss 0.0149 | lr 0.094562
2025-10-15 01:05:36,012 | INFO | Iter 3800/5004 | loss 0.0149 | lr 0.094554
2025-10-15 01:05:57,051 | INFO | Iter 3850/5004 | loss 0.0149 | lr 0.094546
2025-10-15 01:06:18,090 | INFO | Iter 3900/5004 | loss 0.0149 | lr 0.094537
2025-10-15 01:06:39,128 | INFO | Iter 3950/5004 | loss 0.0148 | lr 0.094529
2025-10-15 01:07:00,165 | INFO | Iter 4000/5004 | loss 0.0148 | lr 0.094520
2025-10-15 01:07:21,208 | INFO | Iter 4050/5004 | loss 0.0149 | lr 0.094512
2025-10-15 01:07:42,247 | INFO | Iter 4100/5004 | loss 0.0149 | lr 0.094504
2025-10-15 01:08:03,285 | INFO | Iter 4150/5004 | loss 0.0149 | lr 0.094495
2025-10-15 01:08:24,324 | INFO | Iter 4200/5004 | loss 0.0149 | lr 0.094487
2025-10-15 01:08:45,363 | INFO | Iter 4250/5004 | loss 0.0149 | lr 0.094478
2025-10-15 01:09:06,402 | INFO | Iter 4300/5004 | loss 0.0149 | lr 0.094470
2025-10-15 01:09:27,440 | INFO | Iter 4350/5004 | loss 0.0149 | lr 0.094461
2025-10-15 01:09:48,477 | INFO | Iter 4400/5004 | loss 0.0149 | lr 0.094453
2025-10-15 01:10:09,519 | INFO | Iter 4450/5004 | loss 0.0149 | lr 0.094444
2025-10-15 01:10:30,557 | INFO | Iter 4500/5004 | loss 0.0149 | lr 0.094436
2025-10-15 01:10:51,595 | INFO | Iter 4550/5004 | loss 0.0149 | lr 0.094428
2025-10-15 01:11:12,633 | INFO | Iter 4600/5004 | loss 0.0149 | lr 0.094419
2025-10-15 01:11:33,672 | INFO | Iter 4650/5004 | loss 0.0149 | lr 0.094411
2025-10-15 01:11:54,711 | INFO | Iter 4700/5004 | loss 0.0149 | lr 0.094402
2025-10-15 01:12:15,750 | INFO | Iter 4750/5004 | loss 0.0149 | lr 0.094394
2025-10-15 01:12:36,786 | INFO | Iter 4800/5004 | loss 0.0149 | lr 0.094385
2025-10-15 01:12:57,820 | INFO | Iter 4850/5004 | loss 0.0149 | lr 0.094377
2025-10-15 01:13:18,859 | INFO | Iter 4900/5004 | loss 0.0149 | lr 0.094368
2025-10-15 01:13:39,890 | INFO | Iter 4950/5004 | loss 0.0149 | lr 0.094360
2025-10-15 01:14:00,916 | INFO | Iter 5000/5004 | loss 0.0149 | lr 0.094351
2025-10-15 01:14:48,642 | INFO | Epoch 18/90 | Train loss 0.0149 | Val acc@1 51.25 | acc@5 76.91 | LR 0.094351
2025-10-15 01:15:11,773 | INFO | Iter 50/5004 | loss 0.0148 | lr 0.094342
2025-10-15 01:15:32,808 | INFO | Iter 100/5004 | loss 0.0146 | lr 0.094334
2025-10-15 01:15:53,843 | INFO | Iter 150/5004 | loss 0.0146 | lr 0.094325
2025-10-15 01:16:14,878 | INFO | Iter 200/5004 | loss 0.0145 | lr 0.094317
2025-10-15 01:16:35,916 | INFO | Iter 250/5004 | loss 0.0144 | lr 0.094308
2025-10-15 01:16:56,953 | INFO | Iter 300/5004 | loss 0.0144 | lr 0.094300
2025-10-15 01:17:17,995 | INFO | Iter 350/5004 | loss 0.0146 | lr 0.094291
2025-10-15 01:17:39,031 | INFO | Iter 400/5004 | loss 0.0146 | lr 0.094283
2025-10-15 01:18:00,068 | INFO | Iter 450/5004 | loss 0.0146 | lr 0.094274
2025-10-15 01:18:21,105 | INFO | Iter 500/5004 | loss 0.0147 | lr 0.094265
2025-10-15 01:18:42,142 | INFO | Iter 550/5004 | loss 0.0147 | lr 0.094257
2025-10-15 01:19:03,182 | INFO | Iter 600/5004 | loss 0.0147 | lr 0.094248
2025-10-15 01:19:24,218 | INFO | Iter 650/5004 | loss 0.0147 | lr 0.094240
2025-10-15 01:19:45,255 | INFO | Iter 700/5004 | loss 0.0147 | lr 0.094231
2025-10-15 01:20:06,293 | INFO | Iter 750/5004 | loss 0.0147 | lr 0.094222
2025-10-15 01:20:27,331 | INFO | Iter 800/5004 | loss 0.0146 | lr 0.094214
2025-10-15 01:20:48,370 | INFO | Iter 850/5004 | loss 0.0146 | lr 0.094205
2025-10-15 01:21:09,410 | INFO | Iter 900/5004 | loss 0.0147 | lr 0.094197
2025-10-15 01:21:30,449 | INFO | Iter 950/5004 | loss 0.0146 | lr 0.094188
2025-10-15 01:21:51,485 | INFO | Iter 1000/5004 | loss 0.0147 | lr 0.094179
2025-10-15 01:22:12,521 | INFO | Iter 1050/5004 | loss 0.0147 | lr 0.094171
2025-10-15 01:22:33,560 | INFO | Iter 1100/5004 | loss 0.0147 | lr 0.094162
2025-10-15 01:22:54,600 | INFO | Iter 1150/5004 | loss 0.0147 | lr 0.094153
2025-10-15 01:23:15,640 | INFO | Iter 1200/5004 | loss 0.0147 | lr 0.094145
2025-10-15 01:23:36,678 | INFO | Iter 1250/5004 | loss 0.0147 | lr 0.094136
2025-10-15 01:23:57,714 | INFO | Iter 1300/5004 | loss 0.0147 | lr 0.094127
2025-10-15 01:24:18,750 | INFO | Iter 1350/5004 | loss 0.0147 | lr 0.094119
2025-10-15 01:24:39,788 | INFO | Iter 1400/5004 | loss 0.0147 | lr 0.094110
2025-10-15 01:25:00,826 | INFO | Iter 1450/5004 | loss 0.0147 | lr 0.094101
2025-10-15 01:25:21,864 | INFO | Iter 1500/5004 | loss 0.0147 | lr 0.094093
2025-10-15 01:25:42,903 | INFO | Iter 1550/5004 | loss 0.0147 | lr 0.094084
2025-10-15 01:26:03,941 | INFO | Iter 1600/5004 | loss 0.0147 | lr 0.094075
2025-10-15 01:26:24,978 | INFO | Iter 1650/5004 | loss 0.0147 | lr 0.094066
2025-10-15 01:26:46,015 | INFO | Iter 1700/5004 | loss 0.0147 | lr 0.094058
2025-10-15 01:27:07,051 | INFO | Iter 1750/5004 | loss 0.0147 | lr 0.094049
2025-10-15 01:27:28,089 | INFO | Iter 1800/5004 | loss 0.0147 | lr 0.094040
2025-10-15 01:27:49,128 | INFO | Iter 1850/5004 | loss 0.0147 | lr 0.094031
2025-10-15 01:28:10,165 | INFO | Iter 1900/5004 | loss 0.0147 | lr 0.094023
2025-10-15 01:28:31,200 | INFO | Iter 1950/5004 | loss 0.0147 | lr 0.094014
2025-10-15 01:28:52,237 | INFO | Iter 2000/5004 | loss 0.0147 | lr 0.094005
2025-10-15 01:29:13,276 | INFO | Iter 2050/5004 | loss 0.0147 | lr 0.093996
2025-10-15 01:29:34,317 | INFO | Iter 2100/5004 | loss 0.0147 | lr 0.093988
2025-10-15 01:29:55,356 | INFO | Iter 2150/5004 | loss 0.0147 | lr 0.093979
2025-10-15 01:30:16,396 | INFO | Iter 2200/5004 | loss 0.0147 | lr 0.093970
2025-10-15 01:30:37,433 | INFO | Iter 2250/5004 | loss 0.0147 | lr 0.093961
2025-10-15 01:30:58,471 | INFO | Iter 2300/5004 | loss 0.0147 | lr 0.093952
2025-10-15 01:31:19,511 | INFO | Iter 2350/5004 | loss 0.0147 | lr 0.093944
2025-10-15 01:31:40,549 | INFO | Iter 2400/5004 | loss 0.0147 | lr 0.093935
2025-10-15 01:32:01,585 | INFO | Iter 2450/5004 | loss 0.0147 | lr 0.093926
2025-10-15 01:32:22,626 | INFO | Iter 2500/5004 | loss 0.0147 | lr 0.093917
2025-10-15 01:32:43,664 | INFO | Iter 2550/5004 | loss 0.0148 | lr 0.093908
2025-10-15 01:33:04,703 | INFO | Iter 2600/5004 | loss 0.0148 | lr 0.093900
2025-10-15 01:33:25,741 | INFO | Iter 2650/5004 | loss 0.0147 | lr 0.093891
2025-10-15 01:33:46,777 | INFO | Iter 2700/5004 | loss 0.0147 | lr 0.093882
2025-10-15 01:34:07,812 | INFO | Iter 2750/5004 | loss 0.0147 | lr 0.093873
2025-10-15 01:34:28,849 | INFO | Iter 2800/5004 | loss 0.0147 | lr 0.093864
2025-10-15 01:34:49,889 | INFO | Iter 2850/5004 | loss 0.0147 | lr 0.093855
2025-10-15 01:35:10,928 | INFO | Iter 2900/5004 | loss 0.0148 | lr 0.093846
2025-10-15 01:35:31,965 | INFO | Iter 2950/5004 | loss 0.0148 | lr 0.093838
2025-10-15 01:35:53,002 | INFO | Iter 3000/5004 | loss 0.0148 | lr 0.093829
2025-10-15 01:36:14,039 | INFO | Iter 3050/5004 | loss 0.0148 | lr 0.093820
2025-10-15 01:36:35,079 | INFO | Iter 3100/5004 | loss 0.0148 | lr 0.093811
2025-10-15 01:36:56,116 | INFO | Iter 3150/5004 | loss 0.0148 | lr 0.093802
2025-10-15 01:37:17,154 | INFO | Iter 3200/5004 | loss 0.0148 | lr 0.093793
2025-10-15 01:37:38,193 | INFO | Iter 3250/5004 | loss 0.0148 | lr 0.093784
2025-10-15 01:37:59,231 | INFO | Iter 3300/5004 | loss 0.0148 | lr 0.093775
2025-10-15 01:38:20,269 | INFO | Iter 3350/5004 | loss 0.0148 | lr 0.093766
2025-10-15 01:38:41,307 | INFO | Iter 3400/5004 | loss 0.0148 | lr 0.093757
2025-10-15 01:39:02,344 | INFO | Iter 3450/5004 | loss 0.0148 | lr 0.093748
2025-10-15 01:39:23,383 | INFO | Iter 3500/5004 | loss 0.0148 | lr 0.093739
2025-10-15 01:39:44,425 | INFO | Iter 3550/5004 | loss 0.0148 | lr 0.093731
2025-10-15 01:40:05,463 | INFO | Iter 3600/5004 | loss 0.0148 | lr 0.093722
2025-10-15 01:40:26,503 | INFO | Iter 3650/5004 | loss 0.0148 | lr 0.093713
2025-10-15 01:40:47,542 | INFO | Iter 3700/5004 | loss 0.0148 | lr 0.093704
2025-10-15 01:41:08,580 | INFO | Iter 3750/5004 | loss 0.0148 | lr 0.093695
2025-10-15 01:41:29,618 | INFO | Iter 3800/5004 | loss 0.0148 | lr 0.093686
2025-10-15 01:41:50,655 | INFO | Iter 3850/5004 | loss 0.0148 | lr 0.093677
2025-10-15 01:42:11,694 | INFO | Iter 3900/5004 | loss 0.0148 | lr 0.093668
2025-10-15 01:42:32,733 | INFO | Iter 3950/5004 | loss 0.0148 | lr 0.093659
2025-10-15 01:42:53,770 | INFO | Iter 4000/5004 | loss 0.0148 | lr 0.093650
2025-10-15 01:43:14,809 | INFO | Iter 4050/5004 | loss 0.0148 | lr 0.093641
2025-10-15 01:43:35,845 | INFO | Iter 4100/5004 | loss 0.0148 | lr 0.093632
2025-10-15 01:43:56,884 | INFO | Iter 4150/5004 | loss 0.0148 | lr 0.093623
2025-10-15 01:44:17,923 | INFO | Iter 4200/5004 | loss 0.0148 | lr 0.093614
2025-10-15 01:44:38,963 | INFO | Iter 4250/5004 | loss 0.0147 | lr 0.093605
2025-10-15 01:45:00,000 | INFO | Iter 4300/5004 | loss 0.0147 | lr 0.093596
2025-10-15 01:45:21,040 | INFO | Iter 4350/5004 | loss 0.0147 | lr 0.093587
2025-10-15 01:45:42,076 | INFO | Iter 4400/5004 | loss 0.0147 | lr 0.093577
2025-10-15 01:46:03,114 | INFO | Iter 4450/5004 | loss 0.0147 | lr 0.093568
2025-10-15 01:46:24,152 | INFO | Iter 4500/5004 | loss 0.0147 | lr 0.093559
2025-10-15 01:46:45,190 | INFO | Iter 4550/5004 | loss 0.0147 | lr 0.093550
2025-10-15 01:47:06,234 | INFO | Iter 4600/5004 | loss 0.0147 | lr 0.093541
2025-10-15 01:47:27,272 | INFO | Iter 4650/5004 | loss 0.0147 | lr 0.093532
2025-10-15 01:47:48,306 | INFO | Iter 4700/5004 | loss 0.0147 | lr 0.093523
2025-10-15 01:48:09,346 | INFO | Iter 4750/5004 | loss 0.0147 | lr 0.093514
2025-10-15 01:48:30,379 | INFO | Iter 4800/5004 | loss 0.0147 | lr 0.093505
2025-10-15 01:48:51,415 | INFO | Iter 4850/5004 | loss 0.0147 | lr 0.093496
2025-10-15 01:49:12,453 | INFO | Iter 4900/5004 | loss 0.0147 | lr 0.093487
2025-10-15 01:49:33,487 | INFO | Iter 4950/5004 | loss 0.0147 | lr 0.093478
2025-10-15 01:49:54,514 | INFO | Iter 5000/5004 | loss 0.0147 | lr 0.093468
2025-10-15 01:50:44,774 | INFO | Epoch 19/90 | Train loss 0.0147 | Val acc@1 52.05 | acc@5 77.98 | LR 0.093468
2025-10-15 01:51:07,355 | INFO | Iter 50/5004 | loss 0.0151 | lr 0.093459
2025-10-15 01:51:28,389 | INFO | Iter 100/5004 | loss 0.0149 | lr 0.093450
2025-10-15 01:51:49,427 | INFO | Iter 150/5004 | loss 0.0151 | lr 0.093441
2025-10-15 01:52:10,463 | INFO | Iter 200/5004 | loss 0.0150 | lr 0.093432
2025-10-15 01:52:31,500 | INFO | Iter 250/5004 | loss 0.0149 | lr 0.093423
2025-10-15 01:52:52,540 | INFO | Iter 300/5004 | loss 0.0148 | lr 0.093414
2025-10-15 01:53:13,577 | INFO | Iter 350/5004 | loss 0.0148 | lr 0.093404
2025-10-15 01:53:34,615 | INFO | Iter 400/5004 | loss 0.0149 | lr 0.093395
2025-10-15 01:53:55,653 | INFO | Iter 450/5004 | loss 0.0149 | lr 0.093386
2025-10-15 01:54:16,691 | INFO | Iter 500/5004 | loss 0.0148 | lr 0.093377
2025-10-15 01:54:37,730 | INFO | Iter 550/5004 | loss 0.0148 | lr 0.093368
2025-10-15 01:54:58,768 | INFO | Iter 600/5004 | loss 0.0148 | lr 0.093358
2025-10-15 01:55:19,807 | INFO | Iter 650/5004 | loss 0.0148 | lr 0.093349
2025-10-15 01:55:40,845 | INFO | Iter 700/5004 | loss 0.0148 | lr 0.093340
2025-10-15 01:56:01,884 | INFO | Iter 750/5004 | loss 0.0148 | lr 0.093331
2025-10-15 01:56:22,924 | INFO | Iter 800/5004 | loss 0.0148 | lr 0.093322
2025-10-15 01:56:43,962 | INFO | Iter 850/5004 | loss 0.0148 | lr 0.093312
2025-10-15 01:57:05,000 | INFO | Iter 900/5004 | loss 0.0148 | lr 0.093303
2025-10-15 01:57:26,037 | INFO | Iter 950/5004 | loss 0.0148 | lr 0.093294
2025-10-15 01:57:47,075 | INFO | Iter 1000/5004 | loss 0.0148 | lr 0.093285
2025-10-15 01:58:08,114 | INFO | Iter 1050/5004 | loss 0.0148 | lr 0.093275
2025-10-15 01:58:29,152 | INFO | Iter 1100/5004 | loss 0.0148 | lr 0.093266
2025-10-15 01:58:50,189 | INFO | Iter 1150/5004 | loss 0.0147 | lr 0.093257
2025-10-15 01:59:11,222 | INFO | Iter 1200/5004 | loss 0.0147 | lr 0.093248
2025-10-15 01:59:32,259 | INFO | Iter 1250/5004 | loss 0.0147 | lr 0.093238
2025-10-15 01:59:53,297 | INFO | Iter 1300/5004 | loss 0.0147 | lr 0.093229
2025-10-15 02:00:14,337 | INFO | Iter 1350/5004 | loss 0.0147 | lr 0.093220
2025-10-15 02:00:35,377 | INFO | Iter 1400/5004 | loss 0.0147 | lr 0.093211
2025-10-15 02:00:56,416 | INFO | Iter 1450/5004 | loss 0.0148 | lr 0.093201
2025-10-15 02:01:17,454 | INFO | Iter 1500/5004 | loss 0.0148 | lr 0.093192
2025-10-15 02:01:38,491 | INFO | Iter 1550/5004 | loss 0.0147 | lr 0.093183
2025-10-15 02:01:59,528 | INFO | Iter 1600/5004 | loss 0.0148 | lr 0.093173
2025-10-15 02:02:20,567 | INFO | Iter 1650/5004 | loss 0.0148 | lr 0.093164
2025-10-15 02:02:41,607 | INFO | Iter 1700/5004 | loss 0.0148 | lr 0.093155
2025-10-15 02:03:02,647 | INFO | Iter 1750/5004 | loss 0.0148 | lr 0.093145
2025-10-15 02:03:23,687 | INFO | Iter 1800/5004 | loss 0.0148 | lr 0.093136
2025-10-15 02:03:44,727 | INFO | Iter 1850/5004 | loss 0.0148 | lr 0.093127
2025-10-15 02:04:05,768 | INFO | Iter 1900/5004 | loss 0.0148 | lr 0.093117
2025-10-15 02:04:26,805 | INFO | Iter 1950/5004 | loss 0.0148 | lr 0.093108
2025-10-15 02:04:47,843 | INFO | Iter 2000/5004 | loss 0.0148 | lr 0.093099
2025-10-15 02:05:08,880 | INFO | Iter 2050/5004 | loss 0.0148 | lr 0.093089
2025-10-15 02:05:29,916 | INFO | Iter 2100/5004 | loss 0.0148 | lr 0.093080
2025-10-15 02:05:50,952 | INFO | Iter 2150/5004 | loss 0.0148 | lr 0.093071
2025-10-15 02:06:11,988 | INFO | Iter 2200/5004 | loss 0.0148 | lr 0.093061
2025-10-15 02:06:33,025 | INFO | Iter 2250/5004 | loss 0.0148 | lr 0.093052
2025-10-15 02:06:54,061 | INFO | Iter 2300/5004 | loss 0.0148 | lr 0.093042
2025-10-15 02:07:15,100 | INFO | Iter 2350/5004 | loss 0.0148 | lr 0.093033
2025-10-15 02:07:36,137 | INFO | Iter 2400/5004 | loss 0.0148 | lr 0.093024
2025-10-15 02:07:57,172 | INFO | Iter 2450/5004 | loss 0.0148 | lr 0.093014
2025-10-15 02:08:18,208 | INFO | Iter 2500/5004 | loss 0.0148 | lr 0.093005
2025-10-15 02:08:39,249 | INFO | Iter 2550/5004 | loss 0.0148 | lr 0.092995
2025-10-15 02:09:00,285 | INFO | Iter 2600/5004 | loss 0.0148 | lr 0.092986
2025-10-15 02:09:21,322 | INFO | Iter 2650/5004 | loss 0.0148 | lr 0.092976
2025-10-15 02:09:42,362 | INFO | Iter 2700/5004 | loss 0.0148 | lr 0.092967
2025-10-15 02:10:03,403 | INFO | Iter 2750/5004 | loss 0.0148 | lr 0.092958
2025-10-15 02:10:24,440 | INFO | Iter 2800/5004 | loss 0.0148 | lr 0.092948
2025-10-15 02:10:45,478 | INFO | Iter 2850/5004 | loss 0.0148 | lr 0.092939
2025-10-15 02:11:06,516 | INFO | Iter 2900/5004 | loss 0.0148 | lr 0.092929
2025-10-15 02:11:27,553 | INFO | Iter 2950/5004 | loss 0.0148 | lr 0.092920
2025-10-15 02:11:48,590 | INFO | Iter 3000/5004 | loss 0.0148 | lr 0.092910
2025-10-15 02:12:09,629 | INFO | Iter 3050/5004 | loss 0.0148 | lr 0.092901
2025-10-15 02:12:30,667 | INFO | Iter 3100/5004 | loss 0.0148 | lr 0.092891
2025-10-15 02:12:51,705 | INFO | Iter 3150/5004 | loss 0.0148 | lr 0.092882
2025-10-15 02:13:12,740 | INFO | Iter 3200/5004 | loss 0.0148 | lr 0.092872
2025-10-15 02:13:33,778 | INFO | Iter 3250/5004 | loss 0.0148 | lr 0.092863
2025-10-15 02:13:54,817 | INFO | Iter 3300/5004 | loss 0.0148 | lr 0.092853
2025-10-15 02:14:15,854 | INFO | Iter 3350/5004 | loss 0.0148 | lr 0.092844
2025-10-15 02:14:36,893 | INFO | Iter 3400/5004 | loss 0.0148 | lr 0.092834
2025-10-15 02:14:57,930 | INFO | Iter 3450/5004 | loss 0.0148 | lr 0.092825
2025-10-15 02:15:18,968 | INFO | Iter 3500/5004 | loss 0.0148 | lr 0.092815
2025-10-15 02:15:40,005 | INFO | Iter 3550/5004 | loss 0.0148 | lr 0.092806
2025-10-15 02:16:01,042 | INFO | Iter 3600/5004 | loss 0.0148 | lr 0.092796
2025-10-15 02:16:22,080 | INFO | Iter 3650/5004 | loss 0.0148 | lr 0.092787
2025-10-15 02:16:43,116 | INFO | Iter 3700/5004 | loss 0.0148 | lr 0.092777
2025-10-15 02:17:04,154 | INFO | Iter 3750/5004 | loss 0.0148 | lr 0.092767
2025-10-15 02:17:25,192 | INFO | Iter 3800/5004 | loss 0.0148 | lr 0.092758
2025-10-15 02:17:46,228 | INFO | Iter 3850/5004 | loss 0.0148 | lr 0.092748
2025-10-15 02:18:07,266 | INFO | Iter 3900/5004 | loss 0.0148 | lr 0.092739
2025-10-15 02:18:28,302 | INFO | Iter 3950/5004 | loss 0.0148 | lr 0.092729
2025-10-15 02:18:49,339 | INFO | Iter 4000/5004 | loss 0.0148 | lr 0.092720
2025-10-15 02:19:10,380 | INFO | Iter 4050/5004 | loss 0.0148 | lr 0.092710
2025-10-15 02:19:31,417 | INFO | Iter 4100/5004 | loss 0.0148 | lr 0.092700
2025-10-15 02:19:52,455 | INFO | Iter 4150/5004 | loss 0.0148 | lr 0.092691
2025-10-15 02:20:13,494 | INFO | Iter 4200/5004 | loss 0.0148 | lr 0.092681
2025-10-15 02:20:34,535 | INFO | Iter 4250/5004 | loss 0.0148 | lr 0.092671
2025-10-15 02:20:55,573 | INFO | Iter 4300/5004 | loss 0.0148 | lr 0.092662
2025-10-15 02:21:16,610 | INFO | Iter 4350/5004 | loss 0.0148 | lr 0.092652
2025-10-15 02:21:37,650 | INFO | Iter 4400/5004 | loss 0.0148 | lr 0.092643
2025-10-15 02:21:58,687 | INFO | Iter 4450/5004 | loss 0.0148 | lr 0.092633
2025-10-15 02:22:19,725 | INFO | Iter 4500/5004 | loss 0.0148 | lr 0.092623
2025-10-15 02:22:40,761 | INFO | Iter 4550/5004 | loss 0.0148 | lr 0.092614
2025-10-15 02:23:01,799 | INFO | Iter 4600/5004 | loss 0.0148 | lr 0.092604
2025-10-15 02:23:22,838 | INFO | Iter 4650/5004 | loss 0.0148 | lr 0.092594
2025-10-15 02:23:43,876 | INFO | Iter 4700/5004 | loss 0.0148 | lr 0.092585
2025-10-15 02:24:04,914 | INFO | Iter 4750/5004 | loss 0.0148 | lr 0.092575
2025-10-15 02:24:25,948 | INFO | Iter 4800/5004 | loss 0.0148 | lr 0.092565
2025-10-15 02:24:46,983 | INFO | Iter 4850/5004 | loss 0.0148 | lr 0.092556
2025-10-15 02:25:08,020 | INFO | Iter 4900/5004 | loss 0.0148 | lr 0.092546
2025-10-15 02:25:29,055 | INFO | Iter 4950/5004 | loss 0.0148 | lr 0.092536
2025-10-15 02:25:50,081 | INFO | Iter 5000/5004 | loss 0.0148 | lr 0.092526
2025-10-15 02:26:40,730 | INFO | Epoch 20/90 | Train loss 0.0148 | Val acc@1 52.29 | acc@5 78.46 | LR 0.092526
2025-10-15 02:27:03,862 | INFO | Iter 50/5004 | loss 0.0145 | lr 0.092517
2025-10-15 02:27:24,900 | INFO | Iter 100/5004 | loss 0.0147 | lr 0.092507
2025-10-15 02:27:45,937 | INFO | Iter 150/5004 | loss 0.0146 | lr 0.092497
2025-10-15 02:28:06,972 | INFO | Iter 200/5004 | loss 0.0147 | lr 0.092488
2025-10-15 02:28:28,010 | INFO | Iter 250/5004 | loss 0.0146 | lr 0.092478
2025-10-15 02:28:49,048 | INFO | Iter 300/5004 | loss 0.0145 | lr 0.092468
2025-10-15 02:29:10,083 | INFO | Iter 350/5004 | loss 0.0146 | lr 0.092458
2025-10-15 02:29:31,120 | INFO | Iter 400/5004 | loss 0.0146 | lr 0.092449
2025-10-15 02:29:52,159 | INFO | Iter 450/5004 | loss 0.0146 | lr 0.092439
2025-10-15 02:30:13,197 | INFO | Iter 500/5004 | loss 0.0145 | lr 0.092429
2025-10-15 02:30:34,237 | INFO | Iter 550/5004 | loss 0.0146 | lr 0.092419
2025-10-15 02:30:55,277 | INFO | Iter 600/5004 | loss 0.0146 | lr 0.092410
2025-10-15 02:31:16,315 | INFO | Iter 650/5004 | loss 0.0146 | lr 0.092400
2025-10-15 02:31:37,353 | INFO | Iter 700/5004 | loss 0.0146 | lr 0.092390
2025-10-15 02:31:58,390 | INFO | Iter 750/5004 | loss 0.0146 | lr 0.092380
2025-10-15 02:32:19,427 | INFO | Iter 800/5004 | loss 0.0146 | lr 0.092370
2025-10-15 02:32:40,466 | INFO | Iter 850/5004 | loss 0.0146 | lr 0.092361
2025-10-15 02:33:01,505 | INFO | Iter 900/5004 | loss 0.0147 | lr 0.092351
2025-10-15 02:33:22,543 | INFO | Iter 950/5004 | loss 0.0146 | lr 0.092341
2025-10-15 02:33:43,577 | INFO | Iter 1000/5004 | loss 0.0146 | lr 0.092331
2025-10-15 02:34:04,615 | INFO | Iter 1050/5004 | loss 0.0146 | lr 0.092321
2025-10-15 02:34:25,657 | INFO | Iter 1100/5004 | loss 0.0147 | lr 0.092311
2025-10-15 02:34:46,692 | INFO | Iter 1150/5004 | loss 0.0147 | lr 0.092302
2025-10-15 02:35:07,729 | INFO | Iter 1200/5004 | loss 0.0147 | lr 0.092292
2025-10-15 02:35:28,767 | INFO | Iter 1250/5004 | loss 0.0147 | lr 0.092282
2025-10-15 02:35:49,807 | INFO | Iter 1300/5004 | loss 0.0147 | lr 0.092272
2025-10-15 02:36:10,849 | INFO | Iter 1350/5004 | loss 0.0147 | lr 0.092262
2025-10-15 02:36:31,887 | INFO | Iter 1400/5004 | loss 0.0147 | lr 0.092252
2025-10-15 02:36:52,925 | INFO | Iter 1450/5004 | loss 0.0147 | lr 0.092242
2025-10-15 02:37:13,960 | INFO | Iter 1500/5004 | loss 0.0147 | lr 0.092233
2025-10-15 02:37:34,998 | INFO | Iter 1550/5004 | loss 0.0147 | lr 0.092223
2025-10-15 02:37:56,038 | INFO | Iter 1600/5004 | loss 0.0146 | lr 0.092213
2025-10-15 02:38:17,075 | INFO | Iter 1650/5004 | loss 0.0147 | lr 0.092203
2025-10-15 02:38:38,112 | INFO | Iter 1700/5004 | loss 0.0147 | lr 0.092193
2025-10-15 02:38:59,151 | INFO | Iter 1750/5004 | loss 0.0147 | lr 0.092183
2025-10-15 02:39:20,191 | INFO | Iter 1800/5004 | loss 0.0147 | lr 0.092173
2025-10-15 02:39:41,229 | INFO | Iter 1850/5004 | loss 0.0147 | lr 0.092163
2025-10-15 02:40:02,266 | INFO | Iter 1900/5004 | loss 0.0147 | lr 0.092153
2025-10-15 02:40:23,305 | INFO | Iter 1950/5004 | loss 0.0147 | lr 0.092143
2025-10-15 02:40:44,344 | INFO | Iter 2000/5004 | loss 0.0147 | lr 0.092133
2025-10-15 02:41:05,383 | INFO | Iter 2050/5004 | loss 0.0147 | lr 0.092123
2025-10-15 02:41:26,423 | INFO | Iter 2100/5004 | loss 0.0147 | lr 0.092114
2025-10-15 02:41:47,462 | INFO | Iter 2150/5004 | loss 0.0147 | lr 0.092104
2025-10-15 02:42:08,500 | INFO | Iter 2200/5004 | loss 0.0147 | lr 0.092094
2025-10-15 02:42:29,538 | INFO | Iter 2250/5004 | loss 0.0147 | lr 0.092084
2025-10-15 02:42:50,579 | INFO | Iter 2300/5004 | loss 0.0147 | lr 0.092074
2025-10-15 02:43:11,617 | INFO | Iter 2350/5004 | loss 0.0147 | lr 0.092064
2025-10-15 02:43:32,650 | INFO | Iter 2400/5004 | loss 0.0147 | lr 0.092054
2025-10-15 02:43:53,689 | INFO | Iter 2450/5004 | loss 0.0147 | lr 0.092044
2025-10-15 02:44:14,726 | INFO | Iter 2500/5004 | loss 0.0147 | lr 0.092034
2025-10-15 02:44:35,766 | INFO | Iter 2550/5004 | loss 0.0147 | lr 0.092024
2025-10-15 02:44:56,805 | INFO | Iter 2600/5004 | loss 0.0147 | lr 0.092014
2025-10-15 02:45:17,842 | INFO | Iter 2650/5004 | loss 0.0147 | lr 0.092004
2025-10-15 02:45:38,878 | INFO | Iter 2700/5004 | loss 0.0147 | lr 0.091994
2025-10-15 02:45:59,914 | INFO | Iter 2750/5004 | loss 0.0147 | lr 0.091984
2025-10-15 02:46:20,951 | INFO | Iter 2800/5004 | loss 0.0147 | lr 0.091974
2025-10-15 02:46:41,988 | INFO | Iter 2850/5004 | loss 0.0147 | lr 0.091964
2025-10-15 02:47:03,025 | INFO | Iter 2900/5004 | loss 0.0147 | lr 0.091954
2025-10-15 02:47:24,064 | INFO | Iter 2950/5004 | loss 0.0147 | lr 0.091943
2025-10-15 02:47:45,106 | INFO | Iter 3000/5004 | loss 0.0147 | lr 0.091933
2025-10-15 02:48:06,143 | INFO | Iter 3050/5004 | loss 0.0147 | lr 0.091923
2025-10-15 02:48:27,182 | INFO | Iter 3100/5004 | loss 0.0147 | lr 0.091913
2025-10-15 02:48:48,224 | INFO | Iter 3150/5004 | loss 0.0147 | lr 0.091903
2025-10-15 02:49:09,261 | INFO | Iter 3200/5004 | loss 0.0147 | lr 0.091893
2025-10-15 02:49:30,298 | INFO | Iter 3250/5004 | loss 0.0147 | lr 0.091883
2025-10-15 02:49:51,339 | INFO | Iter 3300/5004 | loss 0.0147 | lr 0.091873
2025-10-15 02:50:12,377 | INFO | Iter 3350/5004 | loss 0.0147 | lr 0.091863
2025-10-15 02:50:33,414 | INFO | Iter 3400/5004 | loss 0.0147 | lr 0.091853
2025-10-15 02:50:54,454 | INFO | Iter 3450/5004 | loss 0.0147 | lr 0.091843
2025-10-15 02:51:15,495 | INFO | Iter 3500/5004 | loss 0.0147 | lr 0.091833
2025-10-15 02:51:36,537 | INFO | Iter 3550/5004 | loss 0.0147 | lr 0.091822
2025-10-15 02:51:57,573 | INFO | Iter 3600/5004 | loss 0.0147 | lr 0.091812
2025-10-15 02:52:18,612 | INFO | Iter 3650/5004 | loss 0.0147 | lr 0.091802
2025-10-15 02:52:39,654 | INFO | Iter 3700/5004 | loss 0.0147 | lr 0.091792
2025-10-15 02:53:00,690 | INFO | Iter 3750/5004 | loss 0.0147 | lr 0.091782
2025-10-15 02:53:21,729 | INFO | Iter 3800/5004 | loss 0.0147 | lr 0.091772
2025-10-15 02:53:42,767 | INFO | Iter 3850/5004 | loss 0.0147 | lr 0.091762
2025-10-15 02:54:03,805 | INFO | Iter 3900/5004 | loss 0.0147 | lr 0.091751
2025-10-15 02:54:24,844 | INFO | Iter 3950/5004 | loss 0.0147 | lr 0.091741
2025-10-15 02:54:45,882 | INFO | Iter 4000/5004 | loss 0.0147 | lr 0.091731
2025-10-15 02:55:06,920 | INFO | Iter 4050/5004 | loss 0.0147 | lr 0.091721
2025-10-15 02:55:27,957 | INFO | Iter 4100/5004 | loss 0.0147 | lr 0.091711
2025-10-15 02:55:48,994 | INFO | Iter 4150/5004 | loss 0.0147 | lr 0.091701
2025-10-15 02:56:10,034 | INFO | Iter 4200/5004 | loss 0.0147 | lr 0.091690
2025-10-15 02:56:31,074 | INFO | Iter 4250/5004 | loss 0.0147 | lr 0.091680
2025-10-15 02:56:52,116 | INFO | Iter 4300/5004 | loss 0.0147 | lr 0.091670
2025-10-15 02:57:13,152 | INFO | Iter 4350/5004 | loss 0.0147 | lr 0.091660
2025-10-15 02:57:34,189 | INFO | Iter 4400/5004 | loss 0.0147 | lr 0.091650
2025-10-15 02:57:55,228 | INFO | Iter 4450/5004 | loss 0.0147 | lr 0.091639
2025-10-15 02:58:16,261 | INFO | Iter 4500/5004 | loss 0.0147 | lr 0.091629
2025-10-15 02:58:37,301 | INFO | Iter 4550/5004 | loss 0.0147 | lr 0.091619
2025-10-15 02:58:58,339 | INFO | Iter 4600/5004 | loss 0.0147 | lr 0.091609
2025-10-15 02:59:19,378 | INFO | Iter 4650/5004 | loss 0.0147 | lr 0.091598
2025-10-15 02:59:40,415 | INFO | Iter 4700/5004 | loss 0.0147 | lr 0.091588
2025-10-15 03:00:01,453 | INFO | Iter 4750/5004 | loss 0.0147 | lr 0.091578
2025-10-15 03:00:22,487 | INFO | Iter 4800/5004 | loss 0.0147 | lr 0.091568
2025-10-15 03:00:43,524 | INFO | Iter 4850/5004 | loss 0.0147 | lr 0.091557
2025-10-15 03:01:04,561 | INFO | Iter 4900/5004 | loss 0.0147 | lr 0.091547
2025-10-15 03:01:25,597 | INFO | Iter 4950/5004 | loss 0.0147 | lr 0.091537
2025-10-15 03:01:46,622 | INFO | Iter 5000/5004 | loss 0.0147 | lr 0.091527
2025-10-15 03:02:36,723 | INFO | Epoch 21/90 | Train loss 0.0147 | Val acc@1 52.88 | acc@5 78.57 | LR 0.091527
/opt/pytorch/lib/python3.12/site-packages/torch/cuda/__init__.py:63: FutureWarning: The pynvml package is deprecated. Please install nvidia-ml-py instead. If you did not install pynvml directly, please report this to the maintainers of the package that installed pynvml for you.
  import pynvml  # type: ignore[import]
2025-10-15 05:23:52,666 | INFO | Device: cuda
2025-10-15 05:23:52,940 | INFO | Initializing ResNet-50 from scratch (weights=None)
/opt/pytorch/lib/python3.12/site-packages/webdataset/pipeline.py:176: UserWarning: .with_length() only sets the value of __len__ for compatibility with some training environments. It does not change the number of samples in an epoch.
  warnings.warn(
2025-10-15 05:23:53,207 | INFO | Using SGD (lr=0.10000, momentum=0.9, wd=0.0001)
2025-10-15 05:23:53,370 | INFO | Resumed from checkpoint_epoch_21.pth at epoch 22 (best acc1=54.98).
2025-10-15 05:24:31,377 | INFO | Iter 50/5004 | loss 0.0144 | lr 0.091499
2025-10-15 05:24:52,425 | INFO | Iter 100/5004 | loss 0.0147 | lr 0.091489
2025-10-15 05:25:13,471 | INFO | Iter 150/5004 | loss 0.0146 | lr 0.091478
2025-10-15 05:25:34,519 | INFO | Iter 200/5004 | loss 0.0146 | lr 0.091468
2025-10-15 05:25:55,579 | INFO | Iter 250/5004 | loss 0.0145 | lr 0.091458
2025-10-15 05:26:16,634 | INFO | Iter 300/5004 | loss 0.0145 | lr 0.091447
2025-10-15 05:26:37,684 | INFO | Iter 350/5004 | loss 0.0145 | lr 0.091437
2025-10-15 05:26:58,736 | INFO | Iter 400/5004 | loss 0.0145 | lr 0.091427
2025-10-15 05:27:19,790 | INFO | Iter 450/5004 | loss 0.0146 | lr 0.091416
2025-10-15 05:27:40,841 | INFO | Iter 500/5004 | loss 0.0146 | lr 0.091406
2025-10-15 05:28:01,892 | INFO | Iter 550/5004 | loss 0.0145 | lr 0.091396
2025-10-15 05:28:22,945 | INFO | Iter 600/5004 | loss 0.0145 | lr 0.091385
2025-10-15 05:28:43,996 | INFO | Iter 650/5004 | loss 0.0145 | lr 0.091375
2025-10-15 05:29:05,043 | INFO | Iter 700/5004 | loss 0.0145 | lr 0.091365
2025-10-15 05:29:26,095 | INFO | Iter 750/5004 | loss 0.0145 | lr 0.091354
2025-10-15 05:29:47,148 | INFO | Iter 800/5004 | loss 0.0145 | lr 0.091344
2025-10-15 05:30:08,200 | INFO | Iter 850/5004 | loss 0.0146 | lr 0.091333
2025-10-15 05:30:29,252 | INFO | Iter 900/5004 | loss 0.0146 | lr 0.091323
2025-10-15 05:30:50,303 | INFO | Iter 950/5004 | loss 0.0146 | lr 0.091313
2025-10-15 05:31:11,354 | INFO | Iter 1000/5004 | loss 0.0146 | lr 0.091302
2025-10-15 05:31:32,407 | INFO | Iter 1050/5004 | loss 0.0146 | lr 0.091292
2025-10-15 05:31:53,459 | INFO | Iter 1100/5004 | loss 0.0146 | lr 0.091281
2025-10-15 05:32:14,512 | INFO | Iter 1150/5004 | loss 0.0146 | lr 0.091271
2025-10-15 05:32:35,561 | INFO | Iter 1200/5004 | loss 0.0146 | lr 0.091261
2025-10-15 05:32:56,613 | INFO | Iter 1250/5004 | loss 0.0146 | lr 0.091250
2025-10-15 05:33:17,664 | INFO | Iter 1300/5004 | loss 0.0146 | lr 0.091240
2025-10-15 05:33:38,713 | INFO | Iter 1350/5004 | loss 0.0146 | lr 0.091229
2025-10-15 05:33:59,765 | INFO | Iter 1400/5004 | loss 0.0146 | lr 0.091219
2025-10-15 05:34:20,820 | INFO | Iter 1450/5004 | loss 0.0146 | lr 0.091208
2025-10-15 05:34:41,870 | INFO | Iter 1500/5004 | loss 0.0146 | lr 0.091198
2025-10-15 05:35:02,922 | INFO | Iter 1550/5004 | loss 0.0146 | lr 0.091187
2025-10-15 05:35:23,972 | INFO | Iter 1600/5004 | loss 0.0146 | lr 0.091177
2025-10-15 05:35:45,024 | INFO | Iter 1650/5004 | loss 0.0146 | lr 0.091167
2025-10-15 05:36:06,075 | INFO | Iter 1700/5004 | loss 0.0146 | lr 0.091156
2025-10-15 05:36:27,125 | INFO | Iter 1750/5004 | loss 0.0146 | lr 0.091146
2025-10-15 05:36:48,178 | INFO | Iter 1800/5004 | loss 0.0145 | lr 0.091135
2025-10-15 05:37:09,228 | INFO | Iter 1850/5004 | loss 0.0145 | lr 0.091125
2025-10-15 05:37:30,278 | INFO | Iter 1900/5004 | loss 0.0146 | lr 0.091114
2025-10-15 05:37:51,332 | INFO | Iter 1950/5004 | loss 0.0146 | lr 0.091104
2025-10-15 05:38:12,383 | INFO | Iter 2000/5004 | loss 0.0146 | lr 0.091093
2025-10-15 05:38:33,436 | INFO | Iter 2050/5004 | loss 0.0146 | lr 0.091082
2025-10-15 05:38:54,490 | INFO | Iter 2100/5004 | loss 0.0146 | lr 0.091072
2025-10-15 05:39:15,542 | INFO | Iter 2150/5004 | loss 0.0146 | lr 0.091061
2025-10-15 05:39:36,595 | INFO | Iter 2200/5004 | loss 0.0146 | lr 0.091051
2025-10-15 05:39:57,644 | INFO | Iter 2250/5004 | loss 0.0146 | lr 0.091040
2025-10-15 05:40:18,700 | INFO | Iter 2300/5004 | loss 0.0146 | lr 0.091030
2025-10-15 05:40:39,750 | INFO | Iter 2350/5004 | loss 0.0146 | lr 0.091019
2025-10-15 05:41:00,802 | INFO | Iter 2400/5004 | loss 0.0146 | lr 0.091009
2025-10-15 05:41:21,854 | INFO | Iter 2450/5004 | loss 0.0146 | lr 0.090998
2025-10-15 05:41:42,905 | INFO | Iter 2500/5004 | loss 0.0146 | lr 0.090988
2025-10-15 05:42:03,959 | INFO | Iter 2550/5004 | loss 0.0146 | lr 0.090977
2025-10-15 05:42:25,008 | INFO | Iter 2600/5004 | loss 0.0146 | lr 0.090966
2025-10-15 05:42:46,060 | INFO | Iter 2650/5004 | loss 0.0146 | lr 0.090956
2025-10-15 05:43:07,112 | INFO | Iter 2700/5004 | loss 0.0146 | lr 0.090945
2025-10-15 05:43:28,164 | INFO | Iter 2750/5004 | loss 0.0146 | lr 0.090935
2025-10-15 05:43:49,218 | INFO | Iter 2800/5004 | loss 0.0146 | lr 0.090924
2025-10-15 05:44:10,274 | INFO | Iter 2850/5004 | loss 0.0146 | lr 0.090913
2025-10-15 05:44:31,326 | INFO | Iter 2900/5004 | loss 0.0146 | lr 0.090903
2025-10-15 05:44:52,381 | INFO | Iter 2950/5004 | loss 0.0146 | lr 0.090892
2025-10-15 05:45:13,432 | INFO | Iter 3000/5004 | loss 0.0146 | lr 0.090882
2025-10-15 05:45:34,484 | INFO | Iter 3050/5004 | loss 0.0146 | lr 0.090871
2025-10-15 05:45:55,535 | INFO | Iter 3100/5004 | loss 0.0146 | lr 0.090860
2025-10-15 05:46:16,594 | INFO | Iter 3150/5004 | loss 0.0146 | lr 0.090850
2025-10-15 05:46:37,640 | INFO | Iter 3200/5004 | loss 0.0146 | lr 0.090839
2025-10-15 05:46:58,694 | INFO | Iter 3250/5004 | loss 0.0146 | lr 0.090828
2025-10-15 05:47:19,749 | INFO | Iter 3300/5004 | loss 0.0146 | lr 0.090818
2025-10-15 05:47:40,802 | INFO | Iter 3350/5004 | loss 0.0146 | lr 0.090807
2025-10-15 05:48:01,853 | INFO | Iter 3400/5004 | loss 0.0146 | lr 0.090796
2025-10-15 05:48:22,903 | INFO | Iter 3450/5004 | loss 0.0146 | lr 0.090786
2025-10-15 05:48:43,955 | INFO | Iter 3500/5004 | loss 0.0146 | lr 0.090775
2025-10-15 05:49:05,008 | INFO | Iter 3550/5004 | loss 0.0146 | lr 0.090764
2025-10-15 05:49:26,064 | INFO | Iter 3600/5004 | loss 0.0146 | lr 0.090754
2025-10-15 05:49:47,121 | INFO | Iter 3650/5004 | loss 0.0146 | lr 0.090743
2025-10-15 05:50:08,174 | INFO | Iter 3700/5004 | loss 0.0146 | lr 0.090732
2025-10-15 05:50:29,226 | INFO | Iter 3750/5004 | loss 0.0146 | lr 0.090721
2025-10-15 05:50:50,276 | INFO | Iter 3800/5004 | loss 0.0146 | lr 0.090711
2025-10-15 05:51:11,330 | INFO | Iter 3850/5004 | loss 0.0146 | lr 0.090700
2025-10-15 05:51:32,381 | INFO | Iter 3900/5004 | loss 0.0146 | lr 0.090689
2025-10-15 05:51:53,439 | INFO | Iter 3950/5004 | loss 0.0146 | lr 0.090679
2025-10-15 05:52:14,505 | INFO | Iter 4000/5004 | loss 0.0146 | lr 0.090668
2025-10-15 05:52:35,563 | INFO | Iter 4050/5004 | loss 0.0146 | lr 0.090657
2025-10-15 05:52:56,615 | INFO | Iter 4100/5004 | loss 0.0146 | lr 0.090646
2025-10-15 05:53:17,663 | INFO | Iter 4150/5004 | loss 0.0146 | lr 0.090636
2025-10-15 05:53:38,714 | INFO | Iter 4200/5004 | loss 0.0146 | lr 0.090625
2025-10-15 05:53:59,766 | INFO | Iter 4250/5004 | loss 0.0146 | lr 0.090614
2025-10-15 05:54:20,817 | INFO | Iter 4300/5004 | loss 0.0146 | lr 0.090603
2025-10-15 05:54:41,869 | INFO | Iter 4350/5004 | loss 0.0146 | lr 0.090592
2025-10-15 05:55:02,918 | INFO | Iter 4400/5004 | loss 0.0146 | lr 0.090582
2025-10-15 05:55:23,979 | INFO | Iter 4450/5004 | loss 0.0146 | lr 0.090571
2025-10-15 05:55:45,030 | INFO | Iter 4500/5004 | loss 0.0146 | lr 0.090560
2025-10-15 05:56:06,084 | INFO | Iter 4550/5004 | loss 0.0146 | lr 0.090549
2025-10-15 05:56:27,140 | INFO | Iter 4600/5004 | loss 0.0146 | lr 0.090538
2025-10-15 05:56:48,191 | INFO | Iter 4650/5004 | loss 0.0146 | lr 0.090528
2025-10-15 05:57:09,245 | INFO | Iter 4700/5004 | loss 0.0146 | lr 0.090517
2025-10-15 05:57:30,295 | INFO | Iter 4750/5004 | loss 0.0146 | lr 0.090506
2025-10-15 05:57:51,343 | INFO | Iter 4800/5004 | loss 0.0146 | lr 0.090495
2025-10-15 05:58:12,391 | INFO | Iter 4850/5004 | loss 0.0146 | lr 0.090484
2025-10-15 05:58:33,440 | INFO | Iter 4900/5004 | loss 0.0146 | lr 0.090474
2025-10-15 05:58:54,489 | INFO | Iter 4950/5004 | loss 0.0146 | lr 0.090463
2025-10-15 05:59:15,527 | INFO | Iter 5000/5004 | loss 0.0146 | lr 0.090452
2025-10-15 06:00:07,658 | INFO | Epoch 22/90 | Train loss 0.0146 | Val acc@1 53.05 | acc@5 78.90 | LR 0.090452
2025-10-15 06:00:30,259 | INFO | Iter 50/5004 | loss 0.0143 | lr 0.090441
2025-10-15 06:00:51,294 | INFO | Iter 100/5004 | loss 0.0143 | lr 0.090430
2025-10-15 06:01:12,330 | INFO | Iter 150/5004 | loss 0.0143 | lr 0.090419
2025-10-15 06:01:33,364 | INFO | Iter 200/5004 | loss 0.0144 | lr 0.090408
2025-10-15 06:01:54,401 | INFO | Iter 250/5004 | loss 0.0145 | lr 0.090397
2025-10-15 06:02:15,439 | INFO | Iter 300/5004 | loss 0.0146 | lr 0.090387
2025-10-15 06:02:36,478 | INFO | Iter 350/5004 | loss 0.0145 | lr 0.090376
2025-10-15 06:02:57,515 | INFO | Iter 400/5004 | loss 0.0145 | lr 0.090365
2025-10-15 06:03:18,551 | INFO | Iter 450/5004 | loss 0.0146 | lr 0.090354
2025-10-15 06:03:39,588 | INFO | Iter 500/5004 | loss 0.0146 | lr 0.090343
2025-10-15 06:04:00,627 | INFO | Iter 550/5004 | loss 0.0147 | lr 0.090332
2025-10-15 06:04:21,663 | INFO | Iter 600/5004 | loss 0.0147 | lr 0.090321
2025-10-15 06:04:42,698 | INFO | Iter 650/5004 | loss 0.0147 | lr 0.090310
2025-10-15 06:05:03,734 | INFO | Iter 700/5004 | loss 0.0147 | lr 0.090299
2025-10-15 06:05:24,770 | INFO | Iter 750/5004 | loss 0.0147 | lr 0.090288
2025-10-15 06:05:45,808 | INFO | Iter 800/5004 | loss 0.0147 | lr 0.090277
2025-10-15 06:06:06,846 | INFO | Iter 850/5004 | loss 0.0147 | lr 0.090267
2025-10-15 06:06:27,882 | INFO | Iter 900/5004 | loss 0.0147 | lr 0.090256
2025-10-15 06:06:48,918 | INFO | Iter 950/5004 | loss 0.0147 | lr 0.090245
2025-10-15 06:07:09,955 | INFO | Iter 1000/5004 | loss 0.0146 | lr 0.090234
2025-10-15 06:07:30,993 | INFO | Iter 1050/5004 | loss 0.0146 | lr 0.090223
2025-10-15 06:07:52,030 | INFO | Iter 1100/5004 | loss 0.0146 | lr 0.090212
2025-10-15 06:08:13,065 | INFO | Iter 1150/5004 | loss 0.0146 | lr 0.090201
2025-10-15 06:08:34,099 | INFO | Iter 1200/5004 | loss 0.0146 | lr 0.090190
2025-10-15 06:08:55,136 | INFO | Iter 1250/5004 | loss 0.0147 | lr 0.090179
2025-10-15 06:09:16,172 | INFO | Iter 1300/5004 | loss 0.0147 | lr 0.090168
2025-10-15 06:09:37,208 | INFO | Iter 1350/5004 | loss 0.0147 | lr 0.090157
2025-10-15 06:09:58,246 | INFO | Iter 1400/5004 | loss 0.0146 | lr 0.090146
2025-10-15 06:10:19,283 | INFO | Iter 1450/5004 | loss 0.0147 | lr 0.090135
2025-10-15 06:10:40,319 | INFO | Iter 1500/5004 | loss 0.0147 | lr 0.090124
2025-10-15 06:11:01,353 | INFO | Iter 1550/5004 | loss 0.0147 | lr 0.090113
2025-10-15 06:11:22,389 | INFO | Iter 1600/5004 | loss 0.0147 | lr 0.090102
2025-10-15 06:11:43,425 | INFO | Iter 1650/5004 | loss 0.0147 | lr 0.090091
2025-10-15 06:12:04,462 | INFO | Iter 1700/5004 | loss 0.0147 | lr 0.090080
2025-10-15 06:12:25,499 | INFO | Iter 1750/5004 | loss 0.0147 | lr 0.090069
2025-10-15 06:12:46,539 | INFO | Iter 1800/5004 | loss 0.0147 | lr 0.090058
2025-10-15 06:13:07,575 | INFO | Iter 1850/5004 | loss 0.0147 | lr 0.090046
2025-10-15 06:13:28,615 | INFO | Iter 1900/5004 | loss 0.0147 | lr 0.090035
2025-10-15 06:13:49,651 | INFO | Iter 1950/5004 | loss 0.0147 | lr 0.090024
2025-10-15 06:14:10,689 | INFO | Iter 2000/5004 | loss 0.0147 | lr 0.090013
2025-10-15 06:14:31,725 | INFO | Iter 2050/5004 | loss 0.0146 | lr 0.090002
2025-10-15 06:14:52,761 | INFO | Iter 2100/5004 | loss 0.0146 | lr 0.089991
2025-10-15 06:15:13,798 | INFO | Iter 2150/5004 | loss 0.0146 | lr 0.089980
2025-10-15 06:15:34,828 | INFO | Iter 2200/5004 | loss 0.0146 | lr 0.089969
2025-10-15 06:15:55,866 | INFO | Iter 2250/5004 | loss 0.0146 | lr 0.089958
2025-10-15 06:16:16,907 | INFO | Iter 2300/5004 | loss 0.0146 | lr 0.089947
2025-10-15 06:16:37,945 | INFO | Iter 2350/5004 | loss 0.0146 | lr 0.089936
2025-10-15 06:16:58,981 | INFO | Iter 2400/5004 | loss 0.0146 | lr 0.089925
2025-10-15 06:17:20,018 | INFO | Iter 2450/5004 | loss 0.0146 | lr 0.089913
2025-10-15 06:17:41,053 | INFO | Iter 2500/5004 | loss 0.0146 | lr 0.089902
2025-10-15 06:18:02,091 | INFO | Iter 2550/5004 | loss 0.0146 | lr 0.089891
2025-10-15 06:18:23,127 | INFO | Iter 2600/5004 | loss 0.0146 | lr 0.089880
2025-10-15 06:18:44,162 | INFO | Iter 2650/5004 | loss 0.0146 | lr 0.089869
2025-10-15 06:19:05,199 | INFO | Iter 2700/5004 | loss 0.0146 | lr 0.089858
2025-10-15 06:19:26,235 | INFO | Iter 2750/5004 | loss 0.0146 | lr 0.089847
2025-10-15 06:19:47,272 | INFO | Iter 2800/5004 | loss 0.0146 | lr 0.089835
2025-10-15 06:20:08,308 | INFO | Iter 2850/5004 | loss 0.0146 | lr 0.089824
2025-10-15 06:20:29,347 | INFO | Iter 2900/5004 | loss 0.0146 | lr 0.089813
2025-10-15 06:20:50,379 | INFO | Iter 2950/5004 | loss 0.0146 | lr 0.089802
2025-10-15 06:21:11,415 | INFO | Iter 3000/5004 | loss 0.0146 | lr 0.089791
2025-10-15 06:21:32,451 | INFO | Iter 3050/5004 | loss 0.0146 | lr 0.089780
2025-10-15 06:21:53,489 | INFO | Iter 3100/5004 | loss 0.0146 | lr 0.089768
2025-10-15 06:22:14,528 | INFO | Iter 3150/5004 | loss 0.0146 | lr 0.089757
2025-10-15 06:22:35,564 | INFO | Iter 3200/5004 | loss 0.0146 | lr 0.089746
2025-10-15 06:22:56,602 | INFO | Iter 3250/5004 | loss 0.0146 | lr 0.089735
2025-10-15 06:23:17,641 | INFO | Iter 3300/5004 | loss 0.0146 | lr 0.089724
2025-10-15 06:23:38,675 | INFO | Iter 3350/5004 | loss 0.0146 | lr 0.089712
2025-10-15 06:23:59,711 | INFO | Iter 3400/5004 | loss 0.0146 | lr 0.089701
2025-10-15 06:24:20,747 | INFO | Iter 3450/5004 | loss 0.0146 | lr 0.089690
2025-10-15 06:24:41,782 | INFO | Iter 3500/5004 | loss 0.0146 | lr 0.089679
2025-10-15 06:25:02,817 | INFO | Iter 3550/5004 | loss 0.0146 | lr 0.089667
2025-10-15 06:25:23,852 | INFO | Iter 3600/5004 | loss 0.0146 | lr 0.089656
2025-10-15 06:25:44,887 | INFO | Iter 3650/5004 | loss 0.0146 | lr 0.089645
2025-10-15 06:26:05,924 | INFO | Iter 3700/5004 | loss 0.0146 | lr 0.089634
2025-10-15 06:26:26,958 | INFO | Iter 3750/5004 | loss 0.0146 | lr 0.089622
2025-10-15 06:26:47,997 | INFO | Iter 3800/5004 | loss 0.0146 | lr 0.089611
2025-10-15 06:27:09,034 | INFO | Iter 3850/5004 | loss 0.0146 | lr 0.089600
2025-10-15 06:27:30,072 | INFO | Iter 3900/5004 | loss 0.0146 | lr 0.089589
2025-10-15 06:27:51,108 | INFO | Iter 3950/5004 | loss 0.0146 | lr 0.089577
2025-10-15 06:28:12,143 | INFO | Iter 4000/5004 | loss 0.0146 | lr 0.089566
2025-10-15 06:28:33,177 | INFO | Iter 4050/5004 | loss 0.0146 | lr 0.089555
2025-10-15 06:28:54,212 | INFO | Iter 4100/5004 | loss 0.0146 | lr 0.089543
2025-10-15 06:29:15,246 | INFO | Iter 4150/5004 | loss 0.0146 | lr 0.089532
2025-10-15 06:29:36,282 | INFO | Iter 4200/5004 | loss 0.0146 | lr 0.089521
2025-10-15 06:29:57,315 | INFO | Iter 4250/5004 | loss 0.0146 | lr 0.089510
2025-10-15 06:30:18,352 | INFO | Iter 4300/5004 | loss 0.0146 | lr 0.089498
2025-10-15 06:30:39,391 | INFO | Iter 4350/5004 | loss 0.0146 | lr 0.089487
2025-10-15 06:31:00,427 | INFO | Iter 4400/5004 | loss 0.0146 | lr 0.089476
2025-10-15 06:31:21,462 | INFO | Iter 4450/5004 | loss 0.0146 | lr 0.089464
2025-10-15 06:31:42,499 | INFO | Iter 4500/5004 | loss 0.0146 | lr 0.089453
2025-10-15 06:32:03,535 | INFO | Iter 4550/5004 | loss 0.0146 | lr 0.089442
2025-10-15 06:32:24,573 | INFO | Iter 4600/5004 | loss 0.0146 | lr 0.089430
2025-10-15 06:32:45,609 | INFO | Iter 4650/5004 | loss 0.0146 | lr 0.089419
2025-10-15 06:33:06,644 | INFO | Iter 4700/5004 | loss 0.0146 | lr 0.089407
2025-10-15 06:33:27,678 | INFO | Iter 4750/5004 | loss 0.0146 | lr 0.089396
2025-10-15 06:33:48,708 | INFO | Iter 4800/5004 | loss 0.0146 | lr 0.089385
2025-10-15 06:34:09,743 | INFO | Iter 4850/5004 | loss 0.0146 | lr 0.089373
2025-10-15 06:34:30,779 | INFO | Iter 4900/5004 | loss 0.0146 | lr 0.089362
2025-10-15 06:34:51,812 | INFO | Iter 4950/5004 | loss 0.0146 | lr 0.089351
2025-10-15 06:35:12,837 | INFO | Iter 5000/5004 | loss 0.0146 | lr 0.089339
2025-10-15 06:36:01,682 | INFO | Epoch 23/90 | Train loss 0.0146 | Val acc@1 50.79 | acc@5 76.77 | LR 0.089339
2025-10-15 06:36:24,814 | INFO | Iter 50/5004 | loss 0.0144 | lr 0.089328
2025-10-15 06:36:45,852 | INFO | Iter 100/5004 | loss 0.0145 | lr 0.089316
2025-10-15 06:37:06,891 | INFO | Iter 150/5004 | loss 0.0146 | lr 0.089305
2025-10-15 06:37:27,924 | INFO | Iter 200/5004 | loss 0.0146 | lr 0.089294
2025-10-15 06:37:48,960 | INFO | Iter 250/5004 | loss 0.0145 | lr 0.089282
2025-10-15 06:38:09,996 | INFO | Iter 300/5004 | loss 0.0145 | lr 0.089271
2025-10-15 06:38:31,034 | INFO | Iter 350/5004 | loss 0.0146 | lr 0.089259
2025-10-15 06:38:52,071 | INFO | Iter 400/5004 | loss 0.0145 | lr 0.089248
2025-10-15 06:39:13,111 | INFO | Iter 450/5004 | loss 0.0145 | lr 0.089236
2025-10-15 06:39:34,150 | INFO | Iter 500/5004 | loss 0.0145 | lr 0.089225
2025-10-15 06:39:55,186 | INFO | Iter 550/5004 | loss 0.0145 | lr 0.089213
2025-10-15 06:40:16,225 | INFO | Iter 600/5004 | loss 0.0145 | lr 0.089202
2025-10-15 06:40:37,262 | INFO | Iter 650/5004 | loss 0.0145 | lr 0.089191
2025-10-15 06:40:58,298 | INFO | Iter 700/5004 | loss 0.0145 | lr 0.089179
2025-10-15 06:41:19,335 | INFO | Iter 750/5004 | loss 0.0145 | lr 0.089168
2025-10-15 06:41:40,373 | INFO | Iter 800/5004 | loss 0.0145 | lr 0.089156
2025-10-15 06:42:01,409 | INFO | Iter 850/5004 | loss 0.0145 | lr 0.089145
2025-10-15 06:42:22,448 | INFO | Iter 900/5004 | loss 0.0144 | lr 0.089133
2025-10-15 06:42:43,486 | INFO | Iter 950/5004 | loss 0.0145 | lr 0.089122
2025-10-15 06:43:04,522 | INFO | Iter 1000/5004 | loss 0.0145 | lr 0.089110
2025-10-15 06:43:25,561 | INFO | Iter 1050/5004 | loss 0.0145 | lr 0.089099
2025-10-15 06:43:46,599 | INFO | Iter 1100/5004 | loss 0.0145 | lr 0.089087
2025-10-15 06:44:07,636 | INFO | Iter 1150/5004 | loss 0.0145 | lr 0.089076
2025-10-15 06:44:28,673 | INFO | Iter 1200/5004 | loss 0.0145 | lr 0.089064
2025-10-15 06:44:49,709 | INFO | Iter 1250/5004 | loss 0.0145 | lr 0.089053
2025-10-15 06:45:10,745 | INFO | Iter 1300/5004 | loss 0.0145 | lr 0.089041
2025-10-15 06:45:31,780 | INFO | Iter 1350/5004 | loss 0.0145 | lr 0.089030
2025-10-15 06:45:52,814 | INFO | Iter 1400/5004 | loss 0.0145 | lr 0.089018
2025-10-15 06:46:13,848 | INFO | Iter 1450/5004 | loss 0.0145 | lr 0.089006
2025-10-15 06:46:34,885 | INFO | Iter 1500/5004 | loss 0.0146 | lr 0.088995
2025-10-15 06:46:55,921 | INFO | Iter 1550/5004 | loss 0.0145 | lr 0.088983
2025-10-15 06:47:16,958 | INFO | Iter 1600/5004 | loss 0.0145 | lr 0.088972
2025-10-15 06:47:37,996 | INFO | Iter 1650/5004 | loss 0.0145 | lr 0.088960
2025-10-15 06:47:59,030 | INFO | Iter 1700/5004 | loss 0.0145 | lr 0.088949
2025-10-15 06:48:20,067 | INFO | Iter 1750/5004 | loss 0.0145 | lr 0.088937
2025-10-15 06:48:41,104 | INFO | Iter 1800/5004 | loss 0.0145 | lr 0.088925
2025-10-15 06:49:02,143 | INFO | Iter 1850/5004 | loss 0.0145 | lr 0.088914
2025-10-15 06:49:23,180 | INFO | Iter 1900/5004 | loss 0.0145 | lr 0.088902
2025-10-15 06:49:44,216 | INFO | Iter 1950/5004 | loss 0.0145 | lr 0.088891
2025-10-15 06:50:05,253 | INFO | Iter 2000/5004 | loss 0.0145 | lr 0.088879
2025-10-15 06:50:26,289 | INFO | Iter 2050/5004 | loss 0.0145 | lr 0.088867
2025-10-15 06:50:47,326 | INFO | Iter 2100/5004 | loss 0.0145 | lr 0.088856
2025-10-15 06:51:08,362 | INFO | Iter 2150/5004 | loss 0.0145 | lr 0.088844
2025-10-15 06:51:29,401 | INFO | Iter 2200/5004 | loss 0.0145 | lr 0.088833
2025-10-15 06:51:50,436 | INFO | Iter 2250/5004 | loss 0.0145 | lr 0.088821
2025-10-15 06:52:11,474 | INFO | Iter 2300/5004 | loss 0.0145 | lr 0.088809
2025-10-15 06:52:32,509 | INFO | Iter 2350/5004 | loss 0.0145 | lr 0.088798
2025-10-15 06:52:53,544 | INFO | Iter 2400/5004 | loss 0.0145 | lr 0.088786
2025-10-15 06:53:14,579 | INFO | Iter 2450/5004 | loss 0.0145 | lr 0.088774
2025-10-15 06:53:35,616 | INFO | Iter 2500/5004 | loss 0.0145 | lr 0.088763
2025-10-15 06:53:56,651 | INFO | Iter 2550/5004 | loss 0.0145 | lr 0.088751
2025-10-15 06:54:17,688 | INFO | Iter 2600/5004 | loss 0.0145 | lr 0.088739
2025-10-15 06:54:38,723 | INFO | Iter 2650/5004 | loss 0.0145 | lr 0.088728
2025-10-15 06:54:59,757 | INFO | Iter 2700/5004 | loss 0.0145 | lr 0.088716
2025-10-15 06:55:20,794 | INFO | Iter 2750/5004 | loss 0.0145 | lr 0.088704
2025-10-15 06:55:41,829 | INFO | Iter 2800/5004 | loss 0.0145 | lr 0.088693
2025-10-15 06:56:02,865 | INFO | Iter 2850/5004 | loss 0.0145 | lr 0.088681
2025-10-15 06:56:23,902 | INFO | Iter 2900/5004 | loss 0.0145 | lr 0.088669
2025-10-15 06:56:44,938 | INFO | Iter 2950/5004 | loss 0.0145 | lr 0.088657
2025-10-15 06:57:05,979 | INFO | Iter 3000/5004 | loss 0.0145 | lr 0.088646
2025-10-15 06:57:27,015 | INFO | Iter 3050/5004 | loss 0.0145 | lr 0.088634
2025-10-15 06:57:48,053 | INFO | Iter 3100/5004 | loss 0.0145 | lr 0.088622
2025-10-15 06:58:09,089 | INFO | Iter 3150/5004 | loss 0.0145 | lr 0.088611
2025-10-15 06:58:30,129 | INFO | Iter 3200/5004 | loss 0.0145 | lr 0.088599
2025-10-15 06:58:51,162 | INFO | Iter 3250/5004 | loss 0.0145 | lr 0.088587
2025-10-15 06:59:12,193 | INFO | Iter 3300/5004 | loss 0.0145 | lr 0.088575
2025-10-15 06:59:33,228 | INFO | Iter 3350/5004 | loss 0.0145 | lr 0.088564
2025-10-15 06:59:54,262 | INFO | Iter 3400/5004 | loss 0.0145 | lr 0.088552
2025-10-15 07:00:15,298 | INFO | Iter 3450/5004 | loss 0.0145 | lr 0.088540
2025-10-15 07:00:36,332 | INFO | Iter 3500/5004 | loss 0.0145 | lr 0.088528
2025-10-15 07:00:57,368 | INFO | Iter 3550/5004 | loss 0.0145 | lr 0.088517
2025-10-15 07:01:18,404 | INFO | Iter 3600/5004 | loss 0.0145 | lr 0.088505
2025-10-15 07:01:39,442 | INFO | Iter 3650/5004 | loss 0.0145 | lr 0.088493
2025-10-15 07:02:00,478 | INFO | Iter 3700/5004 | loss 0.0145 | lr 0.088481
2025-10-15 07:02:21,515 | INFO | Iter 3750/5004 | loss 0.0145 | lr 0.088469
2025-10-15 07:02:42,552 | INFO | Iter 3800/5004 | loss 0.0145 | lr 0.088458
2025-10-15 07:03:03,588 | INFO | Iter 3850/5004 | loss 0.0145 | lr 0.088446
2025-10-15 07:03:24,626 | INFO | Iter 3900/5004 | loss 0.0145 | lr 0.088434
2025-10-15 07:03:45,661 | INFO | Iter 3950/5004 | loss 0.0145 | lr 0.088422
2025-10-15 07:04:06,696 | INFO | Iter 4000/5004 | loss 0.0145 | lr 0.088410
2025-10-15 07:04:27,733 | INFO | Iter 4050/5004 | loss 0.0145 | lr 0.088399
2025-10-15 07:04:48,769 | INFO | Iter 4100/5004 | loss 0.0145 | lr 0.088387
2025-10-15 07:05:09,804 | INFO | Iter 4150/5004 | loss 0.0145 | lr 0.088375
2025-10-15 07:05:30,839 | INFO | Iter 4200/5004 | loss 0.0145 | lr 0.088363
2025-10-15 07:05:51,873 | INFO | Iter 4250/5004 | loss 0.0145 | lr 0.088351
2025-10-15 07:06:12,911 | INFO | Iter 4300/5004 | loss 0.0145 | lr 0.088339
2025-10-15 07:06:33,945 | INFO | Iter 4350/5004 | loss 0.0145 | lr 0.088327
2025-10-15 07:06:54,981 | INFO | Iter 4400/5004 | loss 0.0145 | lr 0.088316
2025-10-15 07:07:16,017 | INFO | Iter 4450/5004 | loss 0.0145 | lr 0.088304
2025-10-15 07:07:37,054 | INFO | Iter 4500/5004 | loss 0.0145 | lr 0.088292
2025-10-15 07:07:58,089 | INFO | Iter 4550/5004 | loss 0.0145 | lr 0.088280
2025-10-15 07:08:19,128 | INFO | Iter 4600/5004 | loss 0.0145 | lr 0.088268
2025-10-15 07:08:40,162 | INFO | Iter 4650/5004 | loss 0.0145 | lr 0.088256
2025-10-15 07:09:01,199 | INFO | Iter 4700/5004 | loss 0.0145 | lr 0.088244
2025-10-15 07:09:22,235 | INFO | Iter 4750/5004 | loss 0.0145 | lr 0.088232
2025-10-15 07:09:43,265 | INFO | Iter 4800/5004 | loss 0.0145 | lr 0.088221
2025-10-15 07:10:04,297 | INFO | Iter 4850/5004 | loss 0.0145 | lr 0.088209
2025-10-15 07:10:25,334 | INFO | Iter 4900/5004 | loss 0.0145 | lr 0.088197
2025-10-15 07:10:46,368 | INFO | Iter 4950/5004 | loss 0.0145 | lr 0.088185
2025-10-15 07:11:07,390 | INFO | Iter 5000/5004 | loss 0.0145 | lr 0.088173
2025-10-15 07:11:56,532 | INFO | Epoch 24/90 | Train loss 0.0145 | Val acc@1 52.91 | acc@5 78.63 | LR 0.088173
2025-10-15 07:12:19,610 | INFO | Iter 50/5004 | loss 0.0142 | lr 0.088161
2025-10-15 07:12:40,643 | INFO | Iter 100/5004 | loss 0.0149 | lr 0.088149
2025-10-15 07:13:01,676 | INFO | Iter 150/5004 | loss 0.0148 | lr 0.088137
2025-10-15 07:13:22,711 | INFO | Iter 200/5004 | loss 0.0147 | lr 0.088125
2025-10-15 07:13:43,748 | INFO | Iter 250/5004 | loss 0.0147 | lr 0.088113
2025-10-15 07:14:04,786 | INFO | Iter 300/5004 | loss 0.0147 | lr 0.088101
2025-10-15 07:14:25,818 | INFO | Iter 350/5004 | loss 0.0146 | lr 0.088089
2025-10-15 07:14:46,854 | INFO | Iter 400/5004 | loss 0.0146 | lr 0.088077
2025-10-15 07:15:07,892 | INFO | Iter 450/5004 | loss 0.0145 | lr 0.088065
2025-10-15 07:15:28,931 | INFO | Iter 500/5004 | loss 0.0144 | lr 0.088053
2025-10-15 07:15:49,964 | INFO | Iter 550/5004 | loss 0.0145 | lr 0.088041
2025-10-15 07:16:10,998 | INFO | Iter 600/5004 | loss 0.0144 | lr 0.088029
2025-10-15 07:16:32,031 | INFO | Iter 650/5004 | loss 0.0145 | lr 0.088017
2025-10-15 07:16:53,063 | INFO | Iter 700/5004 | loss 0.0144 | lr 0.088005
2025-10-15 07:17:14,098 | INFO | Iter 750/5004 | loss 0.0144 | lr 0.087993
2025-10-15 07:17:35,131 | INFO | Iter 800/5004 | loss 0.0144 | lr 0.087981
2025-10-15 07:17:56,163 | INFO | Iter 850/5004 | loss 0.0144 | lr 0.087969
2025-10-15 07:18:17,197 | INFO | Iter 900/5004 | loss 0.0144 | lr 0.087957
2025-10-15 07:18:38,232 | INFO | Iter 950/5004 | loss 0.0144 | lr 0.087945
2025-10-15 07:18:59,266 | INFO | Iter 1000/5004 | loss 0.0144 | lr 0.087933
2025-10-15 07:19:20,301 | INFO | Iter 1050/5004 | loss 0.0144 | lr 0.087921
2025-10-15 07:19:41,337 | INFO | Iter 1100/5004 | loss 0.0144 | lr 0.087909
2025-10-15 07:20:02,371 | INFO | Iter 1150/5004 | loss 0.0144 | lr 0.087897
2025-10-15 07:20:23,404 | INFO | Iter 1200/5004 | loss 0.0144 | lr 0.087885
2025-10-15 07:20:44,439 | INFO | Iter 1250/5004 | loss 0.0144 | lr 0.087873
2025-10-15 07:21:05,472 | INFO | Iter 1300/5004 | loss 0.0144 | lr 0.087861
2025-10-15 07:21:26,505 | INFO | Iter 1350/5004 | loss 0.0144 | lr 0.087849
2025-10-15 07:21:47,537 | INFO | Iter 1400/5004 | loss 0.0144 | lr 0.087837
2025-10-15 07:22:08,573 | INFO | Iter 1450/5004 | loss 0.0144 | lr 0.087825
2025-10-15 07:22:29,605 | INFO | Iter 1500/5004 | loss 0.0144 | lr 0.087813
2025-10-15 07:22:50,638 | INFO | Iter 1550/5004 | loss 0.0145 | lr 0.087801
2025-10-15 07:23:11,675 | INFO | Iter 1600/5004 | loss 0.0145 | lr 0.087789
2025-10-15 07:23:32,707 | INFO | Iter 1650/5004 | loss 0.0145 | lr 0.087777
2025-10-15 07:23:53,739 | INFO | Iter 1700/5004 | loss 0.0145 | lr 0.087764
2025-10-15 07:24:14,770 | INFO | Iter 1750/5004 | loss 0.0145 | lr 0.087752
2025-10-15 07:24:35,806 | INFO | Iter 1800/5004 | loss 0.0145 | lr 0.087740
2025-10-15 07:24:56,839 | INFO | Iter 1850/5004 | loss 0.0145 | lr 0.087728
2025-10-15 07:25:17,871 | INFO | Iter 1900/5004 | loss 0.0145 | lr 0.087716
2025-10-15 07:25:38,903 | INFO | Iter 1950/5004 | loss 0.0145 | lr 0.087704
2025-10-15 07:25:59,938 | INFO | Iter 2000/5004 | loss 0.0145 | lr 0.087692
2025-10-15 07:26:20,971 | INFO | Iter 2050/5004 | loss 0.0145 | lr 0.087680
2025-10-15 07:26:42,004 | INFO | Iter 2100/5004 | loss 0.0144 | lr 0.087667
2025-10-15 07:27:03,038 | INFO | Iter 2150/5004 | loss 0.0144 | lr 0.087655
2025-10-15 07:27:24,071 | INFO | Iter 2200/5004 | loss 0.0144 | lr 0.087643
2025-10-15 07:27:45,107 | INFO | Iter 2250/5004 | loss 0.0144 | lr 0.087631
2025-10-15 07:28:06,140 | INFO | Iter 2300/5004 | loss 0.0145 | lr 0.087619
2025-10-15 07:28:27,170 | INFO | Iter 2350/5004 | loss 0.0145 | lr 0.087607
2025-10-15 07:28:48,202 | INFO | Iter 2400/5004 | loss 0.0145 | lr 0.087594
2025-10-15 07:29:09,234 | INFO | Iter 2450/5004 | loss 0.0145 | lr 0.087582
2025-10-15 07:29:30,267 | INFO | Iter 2500/5004 | loss 0.0145 | lr 0.087570
2025-10-15 07:29:51,303 | INFO | Iter 2550/5004 | loss 0.0145 | lr 0.087558
2025-10-15 07:30:12,334 | INFO | Iter 2600/5004 | loss 0.0145 | lr 0.087546
2025-10-15 07:30:33,364 | INFO | Iter 2650/5004 | loss 0.0145 | lr 0.087534
2025-10-15 07:30:54,398 | INFO | Iter 2700/5004 | loss 0.0145 | lr 0.087521
2025-10-15 07:31:15,437 | INFO | Iter 2750/5004 | loss 0.0145 | lr 0.087509
2025-10-15 07:31:36,468 | INFO | Iter 2800/5004 | loss 0.0145 | lr 0.087497
2025-10-15 07:31:57,501 | INFO | Iter 2850/5004 | loss 0.0145 | lr 0.087485
2025-10-15 07:32:18,533 | INFO | Iter 2900/5004 | loss 0.0145 | lr 0.087472
2025-10-15 07:32:39,567 | INFO | Iter 2950/5004 | loss 0.0145 | lr 0.087460
2025-10-15 07:33:00,603 | INFO | Iter 3000/5004 | loss 0.0145 | lr 0.087448
2025-10-15 07:33:21,636 | INFO | Iter 3050/5004 | loss 0.0145 | lr 0.087436
2025-10-15 07:33:42,671 | INFO | Iter 3100/5004 | loss 0.0145 | lr 0.087424
2025-10-15 07:34:03,703 | INFO | Iter 3150/5004 | loss 0.0145 | lr 0.087411
2025-10-15 07:34:24,742 | INFO | Iter 3200/5004 | loss 0.0145 | lr 0.087399
2025-10-15 07:34:45,774 | INFO | Iter 3250/5004 | loss 0.0145 | lr 0.087387
2025-10-15 07:35:06,808 | INFO | Iter 3300/5004 | loss 0.0145 | lr 0.087375
2025-10-15 07:35:27,844 | INFO | Iter 3350/5004 | loss 0.0145 | lr 0.087362
2025-10-15 07:35:48,877 | INFO | Iter 3400/5004 | loss 0.0145 | lr 0.087350
2025-10-15 07:36:09,909 | INFO | Iter 3450/5004 | loss 0.0145 | lr 0.087338
2025-10-15 07:36:30,940 | INFO | Iter 3500/5004 | loss 0.0145 | lr 0.087325
2025-10-15 07:36:51,973 | INFO | Iter 3550/5004 | loss 0.0145 | lr 0.087313
2025-10-15 07:37:13,006 | INFO | Iter 3600/5004 | loss 0.0145 | lr 0.087301
2025-10-15 07:37:34,042 | INFO | Iter 3650/5004 | loss 0.0145 | lr 0.087289
2025-10-15 07:37:55,075 | INFO | Iter 3700/5004 | loss 0.0145 | lr 0.087276
2025-10-15 07:38:16,107 | INFO | Iter 3750/5004 | loss 0.0145 | lr 0.087264
2025-10-15 07:38:37,137 | INFO | Iter 3800/5004 | loss 0.0145 | lr 0.087252
2025-10-15 07:38:58,168 | INFO | Iter 3850/5004 | loss 0.0145 | lr 0.087239
2025-10-15 07:39:19,202 | INFO | Iter 3900/5004 | loss 0.0145 | lr 0.087227
2025-10-15 07:39:40,237 | INFO | Iter 3950/5004 | loss 0.0145 | lr 0.087215
2025-10-15 07:40:01,271 | INFO | Iter 4000/5004 | loss 0.0145 | lr 0.087202
2025-10-15 07:40:22,305 | INFO | Iter 4050/5004 | loss 0.0145 | lr 0.087190
2025-10-15 07:40:43,340 | INFO | Iter 4100/5004 | loss 0.0145 | lr 0.087178
2025-10-15 07:41:04,372 | INFO | Iter 4150/5004 | loss 0.0145 | lr 0.087165
2025-10-15 07:41:25,403 | INFO | Iter 4200/5004 | loss 0.0145 | lr 0.087153
2025-10-15 07:41:46,438 | INFO | Iter 4250/5004 | loss 0.0145 | lr 0.087141
2025-10-15 07:42:07,472 | INFO | Iter 4300/5004 | loss 0.0145 | lr 0.087128
2025-10-15 07:42:28,502 | INFO | Iter 4350/5004 | loss 0.0145 | lr 0.087116
2025-10-15 07:42:49,535 | INFO | Iter 4400/5004 | loss 0.0145 | lr 0.087103
2025-10-15 07:43:10,571 | INFO | Iter 4450/5004 | loss 0.0145 | lr 0.087091
2025-10-15 07:43:31,606 | INFO | Iter 4500/5004 | loss 0.0145 | lr 0.087079
2025-10-15 07:43:52,639 | INFO | Iter 4550/5004 | loss 0.0145 | lr 0.087066
2025-10-15 07:44:13,671 | INFO | Iter 4600/5004 | loss 0.0145 | lr 0.087054
2025-10-15 07:44:34,704 | INFO | Iter 4650/5004 | loss 0.0145 | lr 0.087042
2025-10-15 07:44:55,737 | INFO | Iter 4700/5004 | loss 0.0145 | lr 0.087029
2025-10-15 07:45:16,771 | INFO | Iter 4750/5004 | loss 0.0145 | lr 0.087017
2025-10-15 07:45:37,798 | INFO | Iter 4800/5004 | loss 0.0145 | lr 0.087004
2025-10-15 07:45:58,826 | INFO | Iter 4850/5004 | loss 0.0145 | lr 0.086992
2025-10-15 07:46:19,858 | INFO | Iter 4900/5004 | loss 0.0145 | lr 0.086979
2025-10-15 07:46:40,891 | INFO | Iter 4950/5004 | loss 0.0145 | lr 0.086967
2025-10-15 07:47:01,912 | INFO | Iter 5000/5004 | loss 0.0145 | lr 0.086955
2025-10-15 07:47:53,075 | INFO | Epoch 25/90 | Train loss 0.0145 | Val acc@1 55.35 | acc@5 80.14 | LR 0.086955
2025-10-15 07:48:16,207 | INFO | Iter 50/5004 | loss 0.0141 | lr 0.086942
2025-10-15 07:48:37,243 | INFO | Iter 100/5004 | loss 0.0143 | lr 0.086930
2025-10-15 07:48:58,276 | INFO | Iter 150/5004 | loss 0.0144 | lr 0.086917
2025-10-15 07:49:19,310 | INFO | Iter 200/5004 | loss 0.0141 | lr 0.086905
2025-10-15 07:49:40,344 | INFO | Iter 250/5004 | loss 0.0143 | lr 0.086892
2025-10-15 07:50:01,378 | INFO | Iter 300/5004 | loss 0.0142 | lr 0.086880
2025-10-15 07:50:22,413 | INFO | Iter 350/5004 | loss 0.0142 | lr 0.086867
2025-10-15 07:50:43,447 | INFO | Iter 400/5004 | loss 0.0143 | lr 0.086855
2025-10-15 07:51:04,484 | INFO | Iter 450/5004 | loss 0.0144 | lr 0.086842
2025-10-15 07:51:25,519 | INFO | Iter 500/5004 | loss 0.0144 | lr 0.086830
2025-10-15 07:51:46,554 | INFO | Iter 550/5004 | loss 0.0145 | lr 0.086817
2025-10-15 07:52:07,589 | INFO | Iter 600/5004 | loss 0.0144 | lr 0.086805
2025-10-15 07:52:28,621 | INFO | Iter 650/5004 | loss 0.0144 | lr 0.086792
2025-10-15 07:52:49,656 | INFO | Iter 700/5004 | loss 0.0144 | lr 0.086780
2025-10-15 07:53:10,690 | INFO | Iter 750/5004 | loss 0.0144 | lr 0.086767
2025-10-15 07:53:31,727 | INFO | Iter 800/5004 | loss 0.0144 | lr 0.086755
2025-10-15 07:53:52,760 | INFO | Iter 850/5004 | loss 0.0144 | lr 0.086742
2025-10-15 07:54:13,795 | INFO | Iter 900/5004 | loss 0.0145 | lr 0.086730
2025-10-15 07:54:34,831 | INFO | Iter 950/5004 | loss 0.0145 | lr 0.086717
2025-10-15 07:54:55,866 | INFO | Iter 1000/5004 | loss 0.0145 | lr 0.086705
2025-10-15 07:55:16,899 | INFO | Iter 1050/5004 | loss 0.0145 | lr 0.086692
2025-10-15 07:55:37,933 | INFO | Iter 1100/5004 | loss 0.0145 | lr 0.086680
2025-10-15 07:55:58,966 | INFO | Iter 1150/5004 | loss 0.0145 | lr 0.086667
2025-10-15 07:56:20,002 | INFO | Iter 1200/5004 | loss 0.0145 | lr 0.086655
2025-10-15 07:56:41,036 | INFO | Iter 1250/5004 | loss 0.0145 | lr 0.086642
2025-10-15 07:57:02,074 | INFO | Iter 1300/5004 | loss 0.0145 | lr 0.086629
2025-10-15 07:57:23,107 | INFO | Iter 1350/5004 | loss 0.0145 | lr 0.086617
2025-10-15 07:57:44,140 | INFO | Iter 1400/5004 | loss 0.0145 | lr 0.086604
2025-10-15 07:58:05,173 | INFO | Iter 1450/5004 | loss 0.0145 | lr 0.086592
2025-10-15 07:58:26,205 | INFO | Iter 1500/5004 | loss 0.0144 | lr 0.086579
2025-10-15 07:58:47,242 | INFO | Iter 1550/5004 | loss 0.0144 | lr 0.086567
2025-10-15 07:59:08,274 | INFO | Iter 1600/5004 | loss 0.0145 | lr 0.086554
2025-10-15 07:59:29,309 | INFO | Iter 1650/5004 | loss 0.0145 | lr 0.086541
2025-10-15 07:59:50,343 | INFO | Iter 1700/5004 | loss 0.0144 | lr 0.086529
2025-10-15 08:00:11,377 | INFO | Iter 1750/5004 | loss 0.0145 | lr 0.086516
2025-10-15 08:00:32,411 | INFO | Iter 1800/5004 | loss 0.0145 | lr 0.086504
2025-10-15 08:00:53,445 | INFO | Iter 1850/5004 | loss 0.0145 | lr 0.086491
2025-10-15 08:01:14,480 | INFO | Iter 1900/5004 | loss 0.0145 | lr 0.086478
2025-10-15 08:01:35,512 | INFO | Iter 1950/5004 | loss 0.0145 | lr 0.086466
2025-10-15 08:01:56,545 | INFO | Iter 2000/5004 | loss 0.0145 | lr 0.086453
2025-10-15 08:02:17,579 | INFO | Iter 2050/5004 | loss 0.0145 | lr 0.086440
2025-10-15 08:02:38,614 | INFO | Iter 2100/5004 | loss 0.0144 | lr 0.086428
2025-10-15 08:02:59,646 | INFO | Iter 2150/5004 | loss 0.0144 | lr 0.086415
2025-10-15 08:03:20,680 | INFO | Iter 2200/5004 | loss 0.0144 | lr 0.086402
2025-10-15 08:03:41,716 | INFO | Iter 2250/5004 | loss 0.0144 | lr 0.086390
2025-10-15 08:04:02,748 | INFO | Iter 2300/5004 | loss 0.0144 | lr 0.086377
2025-10-15 08:04:23,781 | INFO | Iter 2350/5004 | loss 0.0144 | lr 0.086364
2025-10-15 08:04:44,816 | INFO | Iter 2400/5004 | loss 0.0144 | lr 0.086352
2025-10-15 08:05:05,849 | INFO | Iter 2450/5004 | loss 0.0144 | lr 0.086339
2025-10-15 08:05:26,884 | INFO | Iter 2500/5004 | loss 0.0144 | lr 0.086326
2025-10-15 08:05:47,914 | INFO | Iter 2550/5004 | loss 0.0144 | lr 0.086314
2025-10-15 08:06:08,949 | INFO | Iter 2600/5004 | loss 0.0144 | lr 0.086301
2025-10-15 08:06:29,983 | INFO | Iter 2650/5004 | loss 0.0144 | lr 0.086288
2025-10-15 08:06:51,019 | INFO | Iter 2700/5004 | loss 0.0144 | lr 0.086276
2025-10-15 08:07:12,052 | INFO | Iter 2750/5004 | loss 0.0144 | lr 0.086263
2025-10-15 08:07:33,084 | INFO | Iter 2800/5004 | loss 0.0144 | lr 0.086250
2025-10-15 08:07:54,117 | INFO | Iter 2850/5004 | loss 0.0144 | lr 0.086237
2025-10-15 08:08:15,151 | INFO | Iter 2900/5004 | loss 0.0144 | lr 0.086225
2025-10-15 08:08:36,183 | INFO | Iter 2950/5004 | loss 0.0144 | lr 0.086212
2025-10-15 08:08:57,217 | INFO | Iter 3000/5004 | loss 0.0144 | lr 0.086199
2025-10-15 08:09:18,251 | INFO | Iter 3050/5004 | loss 0.0144 | lr 0.086187
2025-10-15 08:09:39,286 | INFO | Iter 3100/5004 | loss 0.0144 | lr 0.086174
2025-10-15 08:10:00,321 | INFO | Iter 3150/5004 | loss 0.0144 | lr 0.086161
2025-10-15 08:10:21,356 | INFO | Iter 3200/5004 | loss 0.0144 | lr 0.086148
2025-10-15 08:10:42,390 | INFO | Iter 3250/5004 | loss 0.0144 | lr 0.086136
2025-10-15 08:11:03,422 | INFO | Iter 3300/5004 | loss 0.0144 | lr 0.086123
2025-10-15 08:11:24,458 | INFO | Iter 3350/5004 | loss 0.0144 | lr 0.086110
2025-10-15 08:11:45,491 | INFO | Iter 3400/5004 | loss 0.0144 | lr 0.086097
2025-10-15 08:12:06,528 | INFO | Iter 3450/5004 | loss 0.0144 | lr 0.086084
2025-10-15 08:12:27,562 | INFO | Iter 3500/5004 | loss 0.0144 | lr 0.086072
2025-10-15 08:12:48,597 | INFO | Iter 3550/5004 | loss 0.0144 | lr 0.086059
2025-10-15 08:13:09,629 | INFO | Iter 3600/5004 | loss 0.0144 | lr 0.086046
2025-10-15 08:13:30,661 | INFO | Iter 3650/5004 | loss 0.0144 | lr 0.086033
2025-10-15 08:13:51,695 | INFO | Iter 3700/5004 | loss 0.0144 | lr 0.086020
2025-10-15 08:14:12,729 | INFO | Iter 3750/5004 | loss 0.0144 | lr 0.086008
2025-10-15 08:14:33,765 | INFO | Iter 3800/5004 | loss 0.0144 | lr 0.085995
2025-10-15 08:14:54,798 | INFO | Iter 3850/5004 | loss 0.0144 | lr 0.085982
2025-10-15 08:15:15,833 | INFO | Iter 3900/5004 | loss 0.0144 | lr 0.085969
2025-10-15 08:15:36,866 | INFO | Iter 3950/5004 | loss 0.0144 | lr 0.085956
2025-10-15 08:15:57,901 | INFO | Iter 4000/5004 | loss 0.0144 | lr 0.085944
2025-10-15 08:16:18,937 | INFO | Iter 4050/5004 | loss 0.0144 | lr 0.085931
2025-10-15 08:16:39,971 | INFO | Iter 4100/5004 | loss 0.0144 | lr 0.085918
2025-10-15 08:17:01,006 | INFO | Iter 4150/5004 | loss 0.0144 | lr 0.085905
2025-10-15 08:17:22,038 | INFO | Iter 4200/5004 | loss 0.0144 | lr 0.085892
2025-10-15 08:17:43,071 | INFO | Iter 4250/5004 | loss 0.0144 | lr 0.085879
2025-10-15 08:18:04,107 | INFO | Iter 4300/5004 | loss 0.0144 | lr 0.085866
2025-10-15 08:18:25,144 | INFO | Iter 4350/5004 | loss 0.0144 | lr 0.085854
2025-10-15 08:18:46,177 | INFO | Iter 4400/5004 | loss 0.0144 | lr 0.085841
2025-10-15 08:19:07,212 | INFO | Iter 4450/5004 | loss 0.0144 | lr 0.085828
2025-10-15 08:19:28,248 | INFO | Iter 4500/5004 | loss 0.0144 | lr 0.085815
2025-10-15 08:19:49,281 | INFO | Iter 4550/5004 | loss 0.0144 | lr 0.085802
2025-10-15 08:20:10,315 | INFO | Iter 4600/5004 | loss 0.0144 | lr 0.085789
2025-10-15 08:20:31,347 | INFO | Iter 4650/5004 | loss 0.0144 | lr 0.085776
2025-10-15 08:20:52,382 | INFO | Iter 4700/5004 | loss 0.0144 | lr 0.085763
2025-10-15 08:21:13,417 | INFO | Iter 4750/5004 | loss 0.0144 | lr 0.085750
2025-10-15 08:21:34,452 | INFO | Iter 4800/5004 | loss 0.0144 | lr 0.085738
2025-10-15 08:21:55,488 | INFO | Iter 4850/5004 | loss 0.0144 | lr 0.085725
2025-10-15 08:22:16,522 | INFO | Iter 4900/5004 | loss 0.0144 | lr 0.085712
2025-10-15 08:22:37,550 | INFO | Iter 4950/5004 | loss 0.0144 | lr 0.085699
2025-10-15 08:22:58,573 | INFO | Iter 5000/5004 | loss 0.0144 | lr 0.085686
2025-10-15 08:23:46,704 | INFO | Epoch 26/90 | Train loss 0.0144 | Val acc@1 55.33 | acc@5 80.25 | LR 0.085686
2025-10-15 08:24:09,570 | INFO | Iter 50/5004 | loss 0.0143 | lr 0.085673
2025-10-15 08:24:30,607 | INFO | Iter 100/5004 | loss 0.0140 | lr 0.085660
2025-10-15 08:24:51,639 | INFO | Iter 150/5004 | loss 0.0141 | lr 0.085647
2025-10-15 08:25:12,674 | INFO | Iter 200/5004 | loss 0.0139 | lr 0.085634
2025-10-15 08:25:33,710 | INFO | Iter 250/5004 | loss 0.0140 | lr 0.085621
2025-10-15 08:25:54,748 | INFO | Iter 300/5004 | loss 0.0141 | lr 0.085608
2025-10-15 08:26:15,784 | INFO | Iter 350/5004 | loss 0.0141 | lr 0.085595
2025-10-15 08:26:36,822 | INFO | Iter 400/5004 | loss 0.0142 | lr 0.085582
2025-10-15 08:26:57,858 | INFO | Iter 450/5004 | loss 0.0142 | lr 0.085569
2025-10-15 08:27:18,897 | INFO | Iter 500/5004 | loss 0.0141 | lr 0.085556
2025-10-15 08:27:39,935 | INFO | Iter 550/5004 | loss 0.0142 | lr 0.085543
2025-10-15 08:28:00,971 | INFO | Iter 600/5004 | loss 0.0142 | lr 0.085530
2025-10-15 08:28:22,004 | INFO | Iter 650/5004 | loss 0.0142 | lr 0.085517
2025-10-15 08:28:43,039 | INFO | Iter 700/5004 | loss 0.0142 | lr 0.085504
2025-10-15 08:29:04,078 | INFO | Iter 750/5004 | loss 0.0142 | lr 0.085491
2025-10-15 08:29:25,113 | INFO | Iter 800/5004 | loss 0.0142 | lr 0.085478
2025-10-15 08:29:46,150 | INFO | Iter 850/5004 | loss 0.0142 | lr 0.085465
2025-10-15 08:30:07,184 | INFO | Iter 900/5004 | loss 0.0142 | lr 0.085452
2025-10-15 08:30:28,221 | INFO | Iter 950/5004 | loss 0.0142 | lr 0.085439
2025-10-15 08:30:49,255 | INFO | Iter 1000/5004 | loss 0.0142 | lr 0.085426
2025-10-15 08:31:10,289 | INFO | Iter 1050/5004 | loss 0.0142 | lr 0.085413
2025-10-15 08:31:31,326 | INFO | Iter 1100/5004 | loss 0.0142 | lr 0.085400
2025-10-15 08:31:52,363 | INFO | Iter 1150/5004 | loss 0.0143 | lr 0.085387
2025-10-15 08:32:13,397 | INFO | Iter 1200/5004 | loss 0.0143 | lr 0.085374
2025-10-15 08:32:34,433 | INFO | Iter 1250/5004 | loss 0.0143 | lr 0.085361
2025-10-15 08:32:55,469 | INFO | Iter 1300/5004 | loss 0.0143 | lr 0.085348
2025-10-15 08:33:16,504 | INFO | Iter 1350/5004 | loss 0.0143 | lr 0.085335
2025-10-15 08:33:37,537 | INFO | Iter 1400/5004 | loss 0.0143 | lr 0.085322
2025-10-15 08:33:58,569 | INFO | Iter 1450/5004 | loss 0.0144 | lr 0.085309
2025-10-15 08:34:19,604 | INFO | Iter 1500/5004 | loss 0.0143 | lr 0.085296
2025-10-15 08:34:40,639 | INFO | Iter 1550/5004 | loss 0.0144 | lr 0.085283
2025-10-15 08:35:01,672 | INFO | Iter 1600/5004 | loss 0.0144 | lr 0.085269
2025-10-15 08:35:22,706 | INFO | Iter 1650/5004 | loss 0.0144 | lr 0.085256
2025-10-15 08:35:43,743 | INFO | Iter 1700/5004 | loss 0.0144 | lr 0.085243
2025-10-15 08:36:04,780 | INFO | Iter 1750/5004 | loss 0.0144 | lr 0.085230
2025-10-15 08:36:25,813 | INFO | Iter 1800/5004 | loss 0.0144 | lr 0.085217
2025-10-15 08:36:46,846 | INFO | Iter 1850/5004 | loss 0.0144 | lr 0.085204
2025-10-15 08:37:07,879 | INFO | Iter 1900/5004 | loss 0.0144 | lr 0.085191
2025-10-15 08:37:28,915 | INFO | Iter 1950/5004 | loss 0.0144 | lr 0.085178
2025-10-15 08:37:49,954 | INFO | Iter 2000/5004 | loss 0.0144 | lr 0.085165
2025-10-15 08:38:10,988 | INFO | Iter 2050/5004 | loss 0.0144 | lr 0.085151
2025-10-15 08:38:32,022 | INFO | Iter 2100/5004 | loss 0.0144 | lr 0.085138
2025-10-15 08:38:53,056 | INFO | Iter 2150/5004 | loss 0.0144 | lr 0.085125
2025-10-15 08:39:14,083 | INFO | Iter 2200/5004 | loss 0.0144 | lr 0.085112
2025-10-15 08:39:35,118 | INFO | Iter 2250/5004 | loss 0.0144 | lr 0.085099
2025-10-15 08:39:56,153 | INFO | Iter 2300/5004 | loss 0.0144 | lr 0.085086
2025-10-15 08:40:17,185 | INFO | Iter 2350/5004 | loss 0.0144 | lr 0.085073
2025-10-15 08:40:38,218 | INFO | Iter 2400/5004 | loss 0.0144 | lr 0.085059
2025-10-15 08:40:59,253 | INFO | Iter 2450/5004 | loss 0.0144 | lr 0.085046
2025-10-15 08:41:20,286 | INFO | Iter 2500/5004 | loss 0.0144 | lr 0.085033
2025-10-15 08:41:41,320 | INFO | Iter 2550/5004 | loss 0.0144 | lr 0.085020
2025-10-15 08:42:02,355 | INFO | Iter 2600/5004 | loss 0.0144 | lr 0.085007
2025-10-15 08:42:23,389 | INFO | Iter 2650/5004 | loss 0.0144 | lr 0.084994
2025-10-15 08:42:44,423 | INFO | Iter 2700/5004 | loss 0.0144 | lr 0.084980
2025-10-15 08:43:05,455 | INFO | Iter 2750/5004 | loss 0.0144 | lr 0.084967
2025-10-15 08:43:26,491 | INFO | Iter 2800/5004 | loss 0.0144 | lr 0.084954
2025-10-15 08:43:47,525 | INFO | Iter 2850/5004 | loss 0.0144 | lr 0.084941
2025-10-15 08:44:08,560 | INFO | Iter 2900/5004 | loss 0.0144 | lr 0.084928
2025-10-15 08:44:29,593 | INFO | Iter 2950/5004 | loss 0.0144 | lr 0.084914
2025-10-15 08:44:50,627 | INFO | Iter 3000/5004 | loss 0.0144 | lr 0.084901
2025-10-15 08:45:11,663 | INFO | Iter 3050/5004 | loss 0.0144 | lr 0.084888
2025-10-15 08:45:32,697 | INFO | Iter 3100/5004 | loss 0.0144 | lr 0.084875
2025-10-15 08:45:53,729 | INFO | Iter 3150/5004 | loss 0.0144 | lr 0.084861
2025-10-15 08:46:14,762 | INFO | Iter 3200/5004 | loss 0.0144 | lr 0.084848
2025-10-15 08:46:35,798 | INFO | Iter 3250/5004 | loss 0.0144 | lr 0.084835
2025-10-15 08:46:56,831 | INFO | Iter 3300/5004 | loss 0.0144 | lr 0.084822
2025-10-15 08:47:17,863 | INFO | Iter 3350/5004 | loss 0.0144 | lr 0.084808
2025-10-15 08:47:38,898 | INFO | Iter 3400/5004 | loss 0.0144 | lr 0.084795
2025-10-15 08:47:59,930 | INFO | Iter 3450/5004 | loss 0.0144 | lr 0.084782
2025-10-15 08:48:20,966 | INFO | Iter 3500/5004 | loss 0.0144 | lr 0.084769
2025-10-15 08:48:42,001 | INFO | Iter 3550/5004 | loss 0.0144 | lr 0.084755
2025-10-15 08:49:03,036 | INFO | Iter 3600/5004 | loss 0.0144 | lr 0.084742
2025-10-15 08:49:24,071 | INFO | Iter 3650/5004 | loss 0.0144 | lr 0.084729
2025-10-15 08:49:45,103 | INFO | Iter 3700/5004 | loss 0.0144 | lr 0.084716
2025-10-15 08:50:06,138 | INFO | Iter 3750/5004 | loss 0.0144 | lr 0.084702
2025-10-15 08:50:27,173 | INFO | Iter 3800/5004 | loss 0.0144 | lr 0.084689
2025-10-15 08:50:48,208 | INFO | Iter 3850/5004 | loss 0.0144 | lr 0.084676
2025-10-15 08:51:09,245 | INFO | Iter 3900/5004 | loss 0.0144 | lr 0.084662
2025-10-15 08:51:30,283 | INFO | Iter 3950/5004 | loss 0.0144 | lr 0.084649
2025-10-15 08:51:51,318 | INFO | Iter 4000/5004 | loss 0.0144 | lr 0.084636
2025-10-15 08:52:12,351 | INFO | Iter 4050/5004 | loss 0.0144 | lr 0.084622
2025-10-15 08:52:33,384 | INFO | Iter 4100/5004 | loss 0.0144 | lr 0.084609
2025-10-15 08:52:54,417 | INFO | Iter 4150/5004 | loss 0.0144 | lr 0.084596
2025-10-15 08:53:15,453 | INFO | Iter 4200/5004 | loss 0.0144 | lr 0.084582
2025-10-15 08:53:36,484 | INFO | Iter 4250/5004 | loss 0.0144 | lr 0.084569
2025-10-15 08:53:57,517 | INFO | Iter 4300/5004 | loss 0.0144 | lr 0.084556
2025-10-15 08:54:18,552 | INFO | Iter 4350/5004 | loss 0.0144 | lr 0.084542
2025-10-15 08:54:39,587 | INFO | Iter 4400/5004 | loss 0.0144 | lr 0.084529
2025-10-15 08:55:00,621 | INFO | Iter 4450/5004 | loss 0.0144 | lr 0.084516
2025-10-15 08:55:21,656 | INFO | Iter 4500/5004 | loss 0.0144 | lr 0.084502
2025-10-15 08:55:42,692 | INFO | Iter 4550/5004 | loss 0.0144 | lr 0.084489
2025-10-15 08:56:03,728 | INFO | Iter 4600/5004 | loss 0.0144 | lr 0.084476
2025-10-15 08:56:24,759 | INFO | Iter 4650/5004 | loss 0.0144 | lr 0.084462
2025-10-15 08:56:45,793 | INFO | Iter 4700/5004 | loss 0.0144 | lr 0.084449
2025-10-15 08:57:06,828 | INFO | Iter 4750/5004 | loss 0.0144 | lr 0.084435
2025-10-15 08:57:27,857 | INFO | Iter 4800/5004 | loss 0.0144 | lr 0.084422
2025-10-15 08:57:48,889 | INFO | Iter 4850/5004 | loss 0.0144 | lr 0.084409
2025-10-15 08:58:09,923 | INFO | Iter 4900/5004 | loss 0.0144 | lr 0.084395
2025-10-15 08:58:30,953 | INFO | Iter 4950/5004 | loss 0.0144 | lr 0.084382
2025-10-15 08:58:51,975 | INFO | Iter 5000/5004 | loss 0.0144 | lr 0.084368
2025-10-15 08:59:42,436 | INFO | Epoch 27/90 | Train loss 0.0144 | Val acc@1 55.48 | acc@5 80.53 | LR 0.084368
2025-10-15 09:00:05,434 | INFO | Iter 50/5004 | loss 0.0143 | lr 0.084355
2025-10-15 09:00:26,466 | INFO | Iter 100/5004 | loss 0.0143 | lr 0.084342
2025-10-15 09:00:47,498 | INFO | Iter 150/5004 | loss 0.0145 | lr 0.084328
2025-10-15 09:01:08,529 | INFO | Iter 200/5004 | loss 0.0146 | lr 0.084315
2025-10-15 09:01:29,561 | INFO | Iter 250/5004 | loss 0.0146 | lr 0.084301
2025-10-15 09:01:50,596 | INFO | Iter 300/5004 | loss 0.0146 | lr 0.084288
2025-10-15 09:02:11,633 | INFO | Iter 350/5004 | loss 0.0145 | lr 0.084274
2025-10-15 09:02:32,667 | INFO | Iter 400/5004 | loss 0.0146 | lr 0.084261
2025-10-15 09:02:53,701 | INFO | Iter 450/5004 | loss 0.0146 | lr 0.084248
2025-10-15 09:03:14,736 | INFO | Iter 500/5004 | loss 0.0145 | lr 0.084234
2025-10-15 09:03:35,770 | INFO | Iter 550/5004 | loss 0.0145 | lr 0.084221
2025-10-15 09:03:56,805 | INFO | Iter 600/5004 | loss 0.0145 | lr 0.084207
2025-10-15 09:04:17,838 | INFO | Iter 650/5004 | loss 0.0144 | lr 0.084194
2025-10-15 09:04:38,872 | INFO | Iter 700/5004 | loss 0.0145 | lr 0.084180
2025-10-15 09:04:59,905 | INFO | Iter 750/5004 | loss 0.0145 | lr 0.084167
2025-10-15 09:05:20,939 | INFO | Iter 800/5004 | loss 0.0145 | lr 0.084153
2025-10-15 09:05:41,975 | INFO | Iter 850/5004 | loss 0.0144 | lr 0.084140
2025-10-15 09:06:03,010 | INFO | Iter 900/5004 | loss 0.0144 | lr 0.084126
2025-10-15 09:06:24,045 | INFO | Iter 950/5004 | loss 0.0144 | lr 0.084113
2025-10-15 09:06:45,082 | INFO | Iter 1000/5004 | loss 0.0144 | lr 0.084099
2025-10-15 09:07:06,115 | INFO | Iter 1050/5004 | loss 0.0144 | lr 0.084086
2025-10-15 09:07:27,153 | INFO | Iter 1100/5004 | loss 0.0144 | lr 0.084072
2025-10-15 09:07:48,189 | INFO | Iter 1150/5004 | loss 0.0144 | lr 0.084059
2025-10-15 09:08:09,230 | INFO | Iter 1200/5004 | loss 0.0144 | lr 0.084045
2025-10-15 09:08:30,262 | INFO | Iter 1250/5004 | loss 0.0144 | lr 0.084032
2025-10-15 09:08:51,298 | INFO | Iter 1300/5004 | loss 0.0144 | lr 0.084018
2025-10-15 09:09:12,332 | INFO | Iter 1350/5004 | loss 0.0144 | lr 0.084005
2025-10-15 09:09:33,368 | INFO | Iter 1400/5004 | loss 0.0144 | lr 0.083991
2025-10-15 09:09:54,405 | INFO | Iter 1450/5004 | loss 0.0144 | lr 0.083978
2025-10-15 09:10:15,441 | INFO | Iter 1500/5004 | loss 0.0144 | lr 0.083964
2025-10-15 09:10:36,476 | INFO | Iter 1550/5004 | loss 0.0144 | lr 0.083950
2025-10-15 09:10:57,512 | INFO | Iter 1600/5004 | loss 0.0145 | lr 0.083937
2025-10-15 09:11:18,550 | INFO | Iter 1650/5004 | loss 0.0144 | lr 0.083923
2025-10-15 09:11:39,586 | INFO | Iter 1700/5004 | loss 0.0144 | lr 0.083910
2025-10-15 09:12:00,621 | INFO | Iter 1750/5004 | loss 0.0144 | lr 0.083896
2025-10-15 09:12:21,657 | INFO | Iter 1800/5004 | loss 0.0144 | lr 0.083883
2025-10-15 09:12:42,693 | INFO | Iter 1850/5004 | loss 0.0144 | lr 0.083869
2025-10-15 09:13:03,728 | INFO | Iter 1900/5004 | loss 0.0144 | lr 0.083855
2025-10-15 09:13:24,768 | INFO | Iter 1950/5004 | loss 0.0144 | lr 0.083842
2025-10-15 09:13:45,808 | INFO | Iter 2000/5004 | loss 0.0144 | lr 0.083828
2025-10-15 09:14:06,844 | INFO | Iter 2050/5004 | loss 0.0144 | lr 0.083815
2025-10-15 09:14:27,879 | INFO | Iter 2100/5004 | loss 0.0144 | lr 0.083801
2025-10-15 09:14:48,916 | INFO | Iter 2150/5004 | loss 0.0144 | lr 0.083787
2025-10-15 09:15:09,951 | INFO | Iter 2200/5004 | loss 0.0144 | lr 0.083774
2025-10-15 09:15:30,988 | INFO | Iter 2250/5004 | loss 0.0144 | lr 0.083760
2025-10-15 09:15:52,026 | INFO | Iter 2300/5004 | loss 0.0144 | lr 0.083747
2025-10-15 09:16:13,063 | INFO | Iter 2350/5004 | loss 0.0145 | lr 0.083733
2025-10-15 09:16:34,100 | INFO | Iter 2400/5004 | loss 0.0145 | lr 0.083719
2025-10-15 09:16:55,133 | INFO | Iter 2450/5004 | loss 0.0145 | lr 0.083706
2025-10-15 09:17:16,169 | INFO | Iter 2500/5004 | loss 0.0145 | lr 0.083692
2025-10-15 09:17:37,205 | INFO | Iter 2550/5004 | loss 0.0145 | lr 0.083678
2025-10-15 09:17:58,241 | INFO | Iter 2600/5004 | loss 0.0145 | lr 0.083665
2025-10-15 09:18:19,273 | INFO | Iter 2650/5004 | loss 0.0145 | lr 0.083651
2025-10-15 09:18:40,305 | INFO | Iter 2700/5004 | loss 0.0145 | lr 0.083637
2025-10-15 09:19:01,335 | INFO | Iter 2750/5004 | loss 0.0145 | lr 0.083624
2025-10-15 09:19:22,369 | INFO | Iter 2800/5004 | loss 0.0145 | lr 0.083610
2025-10-15 09:19:43,403 | INFO | Iter 2850/5004 | loss 0.0145 | lr 0.083596
2025-10-15 09:20:04,437 | INFO | Iter 2900/5004 | loss 0.0145 | lr 0.083583
2025-10-15 09:20:25,470 | INFO | Iter 2950/5004 | loss 0.0145 | lr 0.083569
2025-10-15 09:20:46,503 | INFO | Iter 3000/5004 | loss 0.0145 | lr 0.083555
2025-10-15 09:21:07,538 | INFO | Iter 3050/5004 | loss 0.0145 | lr 0.083542
2025-10-15 09:21:28,569 | INFO | Iter 3100/5004 | loss 0.0145 | lr 0.083528
2025-10-15 09:21:49,605 | INFO | Iter 3150/5004 | loss 0.0145 | lr 0.083514
2025-10-15 09:22:10,638 | INFO | Iter 3200/5004 | loss 0.0145 | lr 0.083501
2025-10-15 09:22:31,671 | INFO | Iter 3250/5004 | loss 0.0145 | lr 0.083487
2025-10-15 09:22:52,707 | INFO | Iter 3300/5004 | loss 0.0145 | lr 0.083473
2025-10-15 09:23:13,741 | INFO | Iter 3350/5004 | loss 0.0145 | lr 0.083459
2025-10-15 09:23:34,776 | INFO | Iter 3400/5004 | loss 0.0145 | lr 0.083446
2025-10-15 09:23:55,806 | INFO | Iter 3450/5004 | loss 0.0145 | lr 0.083432
2025-10-15 09:24:16,840 | INFO | Iter 3500/5004 | loss 0.0145 | lr 0.083418
2025-10-15 09:24:37,874 | INFO | Iter 3550/5004 | loss 0.0145 | lr 0.083405
2025-10-15 09:24:58,907 | INFO | Iter 3600/5004 | loss 0.0145 | lr 0.083391
2025-10-15 09:25:19,941 | INFO | Iter 3650/5004 | loss 0.0145 | lr 0.083377
2025-10-15 09:25:40,975 | INFO | Iter 3700/5004 | loss 0.0145 | lr 0.083363
2025-10-15 09:26:02,009 | INFO | Iter 3750/5004 | loss 0.0145 | lr 0.083350
2025-10-15 09:26:23,045 | INFO | Iter 3800/5004 | loss 0.0145 | lr 0.083336
2025-10-15 09:26:44,079 | INFO | Iter 3850/5004 | loss 0.0145 | lr 0.083322
2025-10-15 09:27:05,112 | INFO | Iter 3900/5004 | loss 0.0145 | lr 0.083308
2025-10-15 09:27:26,147 | INFO | Iter 3950/5004 | loss 0.0145 | lr 0.083294
2025-10-15 09:27:47,182 | INFO | Iter 4000/5004 | loss 0.0145 | lr 0.083281
2025-10-15 09:28:08,213 | INFO | Iter 4050/5004 | loss 0.0145 | lr 0.083267
2025-10-15 09:28:29,244 | INFO | Iter 4100/5004 | loss 0.0145 | lr 0.083253
2025-10-15 09:28:50,276 | INFO | Iter 4150/5004 | loss 0.0145 | lr 0.083239
2025-10-15 09:29:11,310 | INFO | Iter 4200/5004 | loss 0.0145 | lr 0.083226
2025-10-15 09:29:32,344 | INFO | Iter 4250/5004 | loss 0.0145 | lr 0.083212
2025-10-15 09:29:53,378 | INFO | Iter 4300/5004 | loss 0.0145 | lr 0.083198
2025-10-15 09:30:14,414 | INFO | Iter 4350/5004 | loss 0.0145 | lr 0.083184
2025-10-15 09:30:35,447 | INFO | Iter 4400/5004 | loss 0.0145 | lr 0.083170
2025-10-15 09:30:56,480 | INFO | Iter 4450/5004 | loss 0.0145 | lr 0.083156
2025-10-15 09:31:17,512 | INFO | Iter 4500/5004 | loss 0.0145 | lr 0.083143
2025-10-15 09:31:38,544 | INFO | Iter 4550/5004 | loss 0.0145 | lr 0.083129
2025-10-15 09:31:59,577 | INFO | Iter 4600/5004 | loss 0.0145 | lr 0.083115
2025-10-15 09:32:20,613 | INFO | Iter 4650/5004 | loss 0.0145 | lr 0.083101
2025-10-15 09:32:41,648 | INFO | Iter 4700/5004 | loss 0.0145 | lr 0.083087
2025-10-15 09:33:02,683 | INFO | Iter 4750/5004 | loss 0.0145 | lr 0.083073
2025-10-15 09:33:23,712 | INFO | Iter 4800/5004 | loss 0.0145 | lr 0.083060
2025-10-15 09:33:44,743 | INFO | Iter 4850/5004 | loss 0.0145 | lr 0.083046
2025-10-15 09:34:05,776 | INFO | Iter 4900/5004 | loss 0.0145 | lr 0.083032
2025-10-15 09:34:26,806 | INFO | Iter 4950/5004 | loss 0.0145 | lr 0.083018
2025-10-15 09:34:47,831 | INFO | Iter 5000/5004 | loss 0.0145 | lr 0.083004
2025-10-15 09:35:38,258 | INFO | Epoch 28/90 | Train loss 0.0145 | Val acc@1 55.51 | acc@5 80.43 | LR 0.083004
2025-10-15 09:36:01,122 | INFO | Iter 50/5004 | loss 0.0143 | lr 0.082990
2025-10-15 09:36:22,155 | INFO | Iter 100/5004 | loss 0.0145 | lr 0.082976
2025-10-15 09:36:43,188 | INFO | Iter 150/5004 | loss 0.0145 | lr 0.082963
2025-10-15 09:37:04,218 | INFO | Iter 200/5004 | loss 0.0144 | lr 0.082949
2025-10-15 09:37:25,252 | INFO | Iter 250/5004 | loss 0.0145 | lr 0.082935
2025-10-15 09:37:46,288 | INFO | Iter 300/5004 | loss 0.0145 | lr 0.082921
2025-10-15 09:38:07,322 | INFO | Iter 350/5004 | loss 0.0145 | lr 0.082907
2025-10-15 09:38:28,356 | INFO | Iter 400/5004 | loss 0.0144 | lr 0.082893
2025-10-15 09:38:49,385 | INFO | Iter 450/5004 | loss 0.0145 | lr 0.082879
2025-10-15 09:39:10,421 | INFO | Iter 500/5004 | loss 0.0145 | lr 0.082865
2025-10-15 09:39:31,457 | INFO | Iter 550/5004 | loss 0.0145 | lr 0.082851
2025-10-15 09:39:52,490 | INFO | Iter 600/5004 | loss 0.0145 | lr 0.082837
2025-10-15 09:40:13,523 | INFO | Iter 650/5004 | loss 0.0145 | lr 0.082823
2025-10-15 09:40:34,559 | INFO | Iter 700/5004 | loss 0.0145 | lr 0.082810
2025-10-15 09:40:55,594 | INFO | Iter 750/5004 | loss 0.0145 | lr 0.082796
2025-10-15 09:41:16,630 | INFO | Iter 800/5004 | loss 0.0145 | lr 0.082782
2025-10-15 09:41:37,664 | INFO | Iter 850/5004 | loss 0.0145 | lr 0.082768
2025-10-15 09:41:58,699 | INFO | Iter 900/5004 | loss 0.0144 | lr 0.082754
2025-10-15 09:42:19,736 | INFO | Iter 950/5004 | loss 0.0145 | lr 0.082740
2025-10-15 09:42:40,769 | INFO | Iter 1000/5004 | loss 0.0144 | lr 0.082726
2025-10-15 09:43:01,805 | INFO | Iter 1050/5004 | loss 0.0144 | lr 0.082712
2025-10-15 09:43:22,839 | INFO | Iter 1100/5004 | loss 0.0144 | lr 0.082698
2025-10-15 09:43:43,872 | INFO | Iter 1150/5004 | loss 0.0145 | lr 0.082684
2025-10-15 09:44:04,905 | INFO | Iter 1200/5004 | loss 0.0144 | lr 0.082670
2025-10-15 09:44:25,940 | INFO | Iter 1250/5004 | loss 0.0144 | lr 0.082656
2025-10-15 09:44:46,974 | INFO | Iter 1300/5004 | loss 0.0144 | lr 0.082642
2025-10-15 09:45:08,007 | INFO | Iter 1350/5004 | loss 0.0144 | lr 0.082628
2025-10-15 09:45:29,042 | INFO | Iter 1400/5004 | loss 0.0144 | lr 0.082614
2025-10-15 09:45:50,078 | INFO | Iter 1450/5004 | loss 0.0144 | lr 0.082600
2025-10-15 09:46:11,112 | INFO | Iter 1500/5004 | loss 0.0144 | lr 0.082586
2025-10-15 09:46:32,147 | INFO | Iter 1550/5004 | loss 0.0144 | lr 0.082572
2025-10-15 09:46:53,183 | INFO | Iter 1600/5004 | loss 0.0144 | lr 0.082558
2025-10-15 09:47:14,219 | INFO | Iter 1650/5004 | loss 0.0144 | lr 0.082544
2025-10-15 09:47:35,253 | INFO | Iter 1700/5004 | loss 0.0144 | lr 0.082530
2025-10-15 09:47:56,288 | INFO | Iter 1750/5004 | loss 0.0144 | lr 0.082516
2025-10-15 09:48:17,323 | INFO | Iter 1800/5004 | loss 0.0144 | lr 0.082502
2025-10-15 09:48:38,357 | INFO | Iter 1850/5004 | loss 0.0144 | lr 0.082488
2025-10-15 09:48:59,392 | INFO | Iter 1900/5004 | loss 0.0144 | lr 0.082474
2025-10-15 09:49:20,429 | INFO | Iter 1950/5004 | loss 0.0144 | lr 0.082460
2025-10-15 09:49:41,464 | INFO | Iter 2000/5004 | loss 0.0144 | lr 0.082446
2025-10-15 09:50:02,500 | INFO | Iter 2050/5004 | loss 0.0144 | lr 0.082432
2025-10-15 09:50:23,534 | INFO | Iter 2100/5004 | loss 0.0144 | lr 0.082418
2025-10-15 09:50:44,569 | INFO | Iter 2150/5004 | loss 0.0144 | lr 0.082404
2025-10-15 09:51:05,603 | INFO | Iter 2200/5004 | loss 0.0144 | lr 0.082390
2025-10-15 09:51:26,637 | INFO | Iter 2250/5004 | loss 0.0144 | lr 0.082375
2025-10-15 09:51:47,671 | INFO | Iter 2300/5004 | loss 0.0144 | lr 0.082361
2025-10-15 09:52:08,704 | INFO | Iter 2350/5004 | loss 0.0144 | lr 0.082347
2025-10-15 09:52:29,738 | INFO | Iter 2400/5004 | loss 0.0144 | lr 0.082333
2025-10-15 09:52:50,771 | INFO | Iter 2450/5004 | loss 0.0144 | lr 0.082319
2025-10-15 09:53:11,802 | INFO | Iter 2500/5004 | loss 0.0144 | lr 0.082305
2025-10-15 09:53:32,838 | INFO | Iter 2550/5004 | loss 0.0144 | lr 0.082291
2025-10-15 09:53:53,873 | INFO | Iter 2600/5004 | loss 0.0143 | lr 0.082277
2025-10-15 09:54:14,910 | INFO | Iter 2650/5004 | loss 0.0143 | lr 0.082263
2025-10-15 09:54:35,944 | INFO | Iter 2700/5004 | loss 0.0143 | lr 0.082249
2025-10-15 09:54:56,974 | INFO | Iter 2750/5004 | loss 0.0143 | lr 0.082235
2025-10-15 09:55:18,010 | INFO | Iter 2800/5004 | loss 0.0144 | lr 0.082220
2025-10-15 09:55:39,045 | INFO | Iter 2850/5004 | loss 0.0143 | lr 0.082206
2025-10-15 09:56:00,078 | INFO | Iter 2900/5004 | loss 0.0143 | lr 0.082192
2025-10-15 09:56:21,114 | INFO | Iter 2950/5004 | loss 0.0144 | lr 0.082178
2025-10-15 09:56:42,147 | INFO | Iter 3000/5004 | loss 0.0144 | lr 0.082164
2025-10-15 09:57:03,183 | INFO | Iter 3050/5004 | loss 0.0144 | lr 0.082150
2025-10-15 09:57:24,217 | INFO | Iter 3100/5004 | loss 0.0144 | lr 0.082136
2025-10-15 09:57:45,251 | INFO | Iter 3150/5004 | loss 0.0144 | lr 0.082121
2025-10-15 09:58:06,284 | INFO | Iter 3200/5004 | loss 0.0144 | lr 0.082107
2025-10-15 09:58:27,317 | INFO | Iter 3250/5004 | loss 0.0144 | lr 0.082093
2025-10-15 09:58:48,351 | INFO | Iter 3300/5004 | loss 0.0144 | lr 0.082079
2025-10-15 09:59:09,387 | INFO | Iter 3350/5004 | loss 0.0144 | lr 0.082065
2025-10-15 09:59:30,423 | INFO | Iter 3400/5004 | loss 0.0144 | lr 0.082051
2025-10-15 09:59:51,456 | INFO | Iter 3450/5004 | loss 0.0144 | lr 0.082036
2025-10-15 10:00:12,488 | INFO | Iter 3500/5004 | loss 0.0144 | lr 0.082022
2025-10-15 10:00:33,521 | INFO | Iter 3550/5004 | loss 0.0144 | lr 0.082008
2025-10-15 10:00:54,554 | INFO | Iter 3600/5004 | loss 0.0144 | lr 0.081994
2025-10-15 10:01:15,589 | INFO | Iter 3650/5004 | loss 0.0144 | lr 0.081980
2025-10-15 10:01:36,623 | INFO | Iter 3700/5004 | loss 0.0144 | lr 0.081966
2025-10-15 10:01:57,657 | INFO | Iter 3750/5004 | loss 0.0144 | lr 0.081951
2025-10-15 10:02:18,690 | INFO | Iter 3800/5004 | loss 0.0144 | lr 0.081937
2025-10-15 10:02:39,726 | INFO | Iter 3850/5004 | loss 0.0144 | lr 0.081923
2025-10-15 10:03:00,762 | INFO | Iter 3900/5004 | loss 0.0144 | lr 0.081909
2025-10-15 10:03:21,796 | INFO | Iter 3950/5004 | loss 0.0144 | lr 0.081894
2025-10-15 10:03:42,828 | INFO | Iter 4000/5004 | loss 0.0144 | lr 0.081880
2025-10-15 10:04:03,862 | INFO | Iter 4050/5004 | loss 0.0144 | lr 0.081866
2025-10-15 10:04:24,896 | INFO | Iter 4100/5004 | loss 0.0144 | lr 0.081852
2025-10-15 10:04:45,929 | INFO | Iter 4150/5004 | loss 0.0144 | lr 0.081838
2025-10-15 10:05:06,960 | INFO | Iter 4200/5004 | loss 0.0144 | lr 0.081823
2025-10-15 10:05:27,994 | INFO | Iter 4250/5004 | loss 0.0144 | lr 0.081809
2025-10-15 10:05:49,029 | INFO | Iter 4300/5004 | loss 0.0144 | lr 0.081795
2025-10-15 10:06:10,065 | INFO | Iter 4350/5004 | loss 0.0144 | lr 0.081781
2025-10-15 10:06:31,100 | INFO | Iter 4400/5004 | loss 0.0144 | lr 0.081766
2025-10-15 10:06:52,132 | INFO | Iter 4450/5004 | loss 0.0144 | lr 0.081752
2025-10-15 10:07:13,166 | INFO | Iter 4500/5004 | loss 0.0144 | lr 0.081738
2025-10-15 10:07:34,200 | INFO | Iter 4550/5004 | loss 0.0144 | lr 0.081724
2025-10-15 10:07:55,235 | INFO | Iter 4600/5004 | loss 0.0144 | lr 0.081709
2025-10-15 10:08:16,268 | INFO | Iter 4650/5004 | loss 0.0144 | lr 0.081695
2025-10-15 10:08:37,302 | INFO | Iter 4700/5004 | loss 0.0144 | lr 0.081681
2025-10-15 10:08:58,333 | INFO | Iter 4750/5004 | loss 0.0144 | lr 0.081666
2025-10-15 10:09:19,362 | INFO | Iter 4800/5004 | loss 0.0144 | lr 0.081652
2025-10-15 10:09:40,393 | INFO | Iter 4850/5004 | loss 0.0144 | lr 0.081638
2025-10-15 10:10:01,427 | INFO | Iter 4900/5004 | loss 0.0144 | lr 0.081624
2025-10-15 10:10:22,459 | INFO | Iter 4950/5004 | loss 0.0144 | lr 0.081609
2025-10-15 10:10:43,487 | INFO | Iter 5000/5004 | loss 0.0144 | lr 0.081595
2025-10-15 10:11:34,220 | INFO | Epoch 29/90 | Train loss 0.0144 | Val acc@1 56.82 | acc@5 81.40 | LR 0.081595
2025-10-15 10:11:57,326 | INFO | Iter 50/5004 | loss 0.0147 | lr 0.081581
2025-10-15 10:12:18,358 | INFO | Iter 100/5004 | loss 0.0146 | lr 0.081566
2025-10-15 10:12:39,391 | INFO | Iter 150/5004 | loss 0.0145 | lr 0.081552
2025-10-15 10:13:00,423 | INFO | Iter 200/5004 | loss 0.0145 | lr 0.081538
2025-10-15 10:13:21,457 | INFO | Iter 250/5004 | loss 0.0145 | lr 0.081523
2025-10-15 10:13:42,490 | INFO | Iter 300/5004 | loss 0.0145 | lr 0.081509
2025-10-15 10:14:03,523 | INFO | Iter 350/5004 | loss 0.0145 | lr 0.081495
2025-10-15 10:14:24,555 | INFO | Iter 400/5004 | loss 0.0145 | lr 0.081480
2025-10-15 10:14:45,587 | INFO | Iter 450/5004 | loss 0.0146 | lr 0.081466
2025-10-15 10:15:06,620 | INFO | Iter 500/5004 | loss 0.0145 | lr 0.081452
2025-10-15 10:15:27,651 | INFO | Iter 550/5004 | loss 0.0145 | lr 0.081437
2025-10-15 10:15:48,685 | INFO | Iter 600/5004 | loss 0.0145 | lr 0.081423
2025-10-15 10:16:09,720 | INFO | Iter 650/5004 | loss 0.0144 | lr 0.081408
2025-10-15 10:16:30,753 | INFO | Iter 700/5004 | loss 0.0144 | lr 0.081394
2025-10-15 10:16:51,787 | INFO | Iter 750/5004 | loss 0.0144 | lr 0.081380
2025-10-15 10:17:12,821 | INFO | Iter 800/5004 | loss 0.0143 | lr 0.081365
2025-10-15 10:17:33,856 | INFO | Iter 850/5004 | loss 0.0143 | lr 0.081351
2025-10-15 10:17:54,891 | INFO | Iter 900/5004 | loss 0.0144 | lr 0.081337
2025-10-15 10:18:15,925 | INFO | Iter 950/5004 | loss 0.0144 | lr 0.081322
2025-10-15 10:18:36,956 | INFO | Iter 1000/5004 | loss 0.0143 | lr 0.081308
2025-10-15 10:18:57,989 | INFO | Iter 1050/5004 | loss 0.0143 | lr 0.081293
2025-10-15 10:19:19,021 | INFO | Iter 1100/5004 | loss 0.0143 | lr 0.081279
2025-10-15 10:19:40,056 | INFO | Iter 1150/5004 | loss 0.0143 | lr 0.081265
2025-10-15 10:20:01,091 | INFO | Iter 1200/5004 | loss 0.0143 | lr 0.081250
2025-10-15 10:20:22,123 | INFO | Iter 1250/5004 | loss 0.0143 | lr 0.081236
2025-10-15 10:20:43,158 | INFO | Iter 1300/5004 | loss 0.0143 | lr 0.081221
2025-10-15 10:21:04,192 | INFO | Iter 1350/5004 | loss 0.0142 | lr 0.081207
2025-10-15 10:21:25,225 | INFO | Iter 1400/5004 | loss 0.0142 | lr 0.081192
2025-10-15 10:21:46,259 | INFO | Iter 1450/5004 | loss 0.0142 | lr 0.081178
2025-10-15 10:22:07,293 | INFO | Iter 1500/5004 | loss 0.0143 | lr 0.081164
2025-10-15 10:22:28,325 | INFO | Iter 1550/5004 | loss 0.0143 | lr 0.081149
2025-10-15 10:22:49,358 | INFO | Iter 1600/5004 | loss 0.0143 | lr 0.081135
2025-10-15 10:23:10,393 | INFO | Iter 1650/5004 | loss 0.0143 | lr 0.081120
2025-10-15 10:23:31,426 | INFO | Iter 1700/5004 | loss 0.0143 | lr 0.081106
2025-10-15 10:23:52,464 | INFO | Iter 1750/5004 | loss 0.0143 | lr 0.081091
2025-10-15 10:24:13,499 | INFO | Iter 1800/5004 | loss 0.0143 | lr 0.081077
2025-10-15 10:24:34,534 | INFO | Iter 1850/5004 | loss 0.0143 | lr 0.081062
2025-10-15 10:24:55,571 | INFO | Iter 1900/5004 | loss 0.0143 | lr 0.081048
2025-10-15 10:25:16,602 | INFO | Iter 1950/5004 | loss 0.0143 | lr 0.081033
2025-10-15 10:25:37,636 | INFO | Iter 2000/5004 | loss 0.0143 | lr 0.081019
2025-10-15 10:25:58,671 | INFO | Iter 2050/5004 | loss 0.0143 | lr 0.081005
2025-10-15 10:26:19,704 | INFO | Iter 2100/5004 | loss 0.0143 | lr 0.080990
2025-10-15 10:26:40,738 | INFO | Iter 2150/5004 | loss 0.0143 | lr 0.080976
2025-10-15 10:27:01,772 | INFO | Iter 2200/5004 | loss 0.0143 | lr 0.080961
2025-10-15 10:27:22,805 | INFO | Iter 2250/5004 | loss 0.0143 | lr 0.080947
2025-10-15 10:27:43,839 | INFO | Iter 2300/5004 | loss 0.0143 | lr 0.080932
2025-10-15 10:28:04,872 | INFO | Iter 2350/5004 | loss 0.0143 | lr 0.080918
2025-10-15 10:28:25,906 | INFO | Iter 2400/5004 | loss 0.0143 | lr 0.080903
2025-10-15 10:28:46,941 | INFO | Iter 2450/5004 | loss 0.0143 | lr 0.080889
2025-10-15 10:29:07,974 | INFO | Iter 2500/5004 | loss 0.0143 | lr 0.080874
2025-10-15 10:29:29,007 | INFO | Iter 2550/5004 | loss 0.0143 | lr 0.080859
2025-10-15 10:29:50,041 | INFO | Iter 2600/5004 | loss 0.0143 | lr 0.080845
2025-10-15 10:30:11,075 | INFO | Iter 2650/5004 | loss 0.0143 | lr 0.080830
2025-10-15 10:30:32,109 | INFO | Iter 2700/5004 | loss 0.0143 | lr 0.080816
2025-10-15 10:30:53,141 | INFO | Iter 2750/5004 | loss 0.0143 | lr 0.080801
2025-10-15 10:31:14,174 | INFO | Iter 2800/5004 | loss 0.0143 | lr 0.080787
2025-10-15 10:31:35,208 | INFO | Iter 2850/5004 | loss 0.0143 | lr 0.080772
2025-10-15 10:31:56,242 | INFO | Iter 2900/5004 | loss 0.0143 | lr 0.080758
2025-10-15 10:32:17,275 | INFO | Iter 2950/5004 | loss 0.0143 | lr 0.080743
2025-10-15 10:32:38,310 | INFO | Iter 3000/5004 | loss 0.0143 | lr 0.080729
2025-10-15 10:32:59,344 | INFO | Iter 3050/5004 | loss 0.0143 | lr 0.080714
2025-10-15 10:33:20,378 | INFO | Iter 3100/5004 | loss 0.0143 | lr 0.080699
2025-10-15 10:33:41,413 | INFO | Iter 3150/5004 | loss 0.0143 | lr 0.080685
2025-10-15 10:34:02,445 | INFO | Iter 3200/5004 | loss 0.0143 | lr 0.080670
2025-10-15 10:34:23,475 | INFO | Iter 3250/5004 | loss 0.0143 | lr 0.080656
2025-10-15 10:34:44,508 | INFO | Iter 3300/5004 | loss 0.0143 | lr 0.080641
2025-10-15 10:35:05,540 | INFO | Iter 3350/5004 | loss 0.0143 | lr 0.080626
2025-10-15 10:35:26,573 | INFO | Iter 3400/5004 | loss 0.0143 | lr 0.080612
2025-10-15 10:35:47,605 | INFO | Iter 3450/5004 | loss 0.0143 | lr 0.080597
2025-10-15 10:36:08,639 | INFO | Iter 3500/5004 | loss 0.0143 | lr 0.080583
2025-10-15 10:36:29,671 | INFO | Iter 3550/5004 | loss 0.0143 | lr 0.080568
2025-10-15 10:36:50,705 | INFO | Iter 3600/5004 | loss 0.0143 | lr 0.080553
2025-10-15 10:37:11,738 | INFO | Iter 3650/5004 | loss 0.0143 | lr 0.080539
2025-10-15 10:37:32,774 | INFO | Iter 3700/5004 | loss 0.0143 | lr 0.080524
2025-10-15 10:37:53,809 | INFO | Iter 3750/5004 | loss 0.0143 | lr 0.080510
2025-10-15 10:38:14,843 | INFO | Iter 3800/5004 | loss 0.0143 | lr 0.080495
2025-10-15 10:38:35,877 | INFO | Iter 3850/5004 | loss 0.0143 | lr 0.080480
2025-10-15 10:38:56,911 | INFO | Iter 3900/5004 | loss 0.0143 | lr 0.080466
2025-10-15 10:39:17,944 | INFO | Iter 3950/5004 | loss 0.0143 | lr 0.080451
2025-10-15 10:39:38,975 | INFO | Iter 4000/5004 | loss 0.0143 | lr 0.080436
2025-10-15 10:40:00,005 | INFO | Iter 4050/5004 | loss 0.0143 | lr 0.080422
2025-10-15 10:40:21,041 | INFO | Iter 4100/5004 | loss 0.0143 | lr 0.080407
2025-10-15 10:40:42,075 | INFO | Iter 4150/5004 | loss 0.0143 | lr 0.080392
2025-10-15 10:41:03,106 | INFO | Iter 4200/5004 | loss 0.0143 | lr 0.080378
2025-10-15 10:41:24,140 | INFO | Iter 4250/5004 | loss 0.0143 | lr 0.080363
2025-10-15 10:41:45,175 | INFO | Iter 4300/5004 | loss 0.0143 | lr 0.080348
2025-10-15 10:42:06,209 | INFO | Iter 4350/5004 | loss 0.0143 | lr 0.080334
2025-10-15 10:42:27,241 | INFO | Iter 4400/5004 | loss 0.0143 | lr 0.080319
2025-10-15 10:42:48,277 | INFO | Iter 4450/5004 | loss 0.0143 | lr 0.080304
2025-10-15 10:43:09,311 | INFO | Iter 4500/5004 | loss 0.0143 | lr 0.080290
2025-10-15 10:43:30,345 | INFO | Iter 4550/5004 | loss 0.0143 | lr 0.080275
2025-10-15 10:43:51,379 | INFO | Iter 4600/5004 | loss 0.0143 | lr 0.080260
2025-10-15 10:44:12,413 | INFO | Iter 4650/5004 | loss 0.0143 | lr 0.080246
2025-10-15 10:44:33,446 | INFO | Iter 4700/5004 | loss 0.0143 | lr 0.080231
2025-10-15 10:44:54,480 | INFO | Iter 4750/5004 | loss 0.0143 | lr 0.080216
2025-10-15 10:45:15,511 | INFO | Iter 4800/5004 | loss 0.0143 | lr 0.080201
2025-10-15 10:45:36,544 | INFO | Iter 4850/5004 | loss 0.0143 | lr 0.080187
2025-10-15 10:45:57,577 | INFO | Iter 4900/5004 | loss 0.0143 | lr 0.080172
2025-10-15 10:46:18,607 | INFO | Iter 4950/5004 | loss 0.0143 | lr 0.080157
2025-10-15 10:46:39,627 | INFO | Iter 5000/5004 | loss 0.0143 | lr 0.080143
2025-10-15 10:47:29,892 | INFO | Epoch 30/90 | Train loss 0.0143 | Val acc@1 55.42 | acc@5 80.32 | LR 0.080143
2025-10-15 10:47:53,007 | INFO | Iter 50/5004 | loss 0.0147 | lr 0.080128
2025-10-15 10:48:14,039 | INFO | Iter 100/5004 | loss 0.0144 | lr 0.080113
2025-10-15 10:48:35,069 | INFO | Iter 150/5004 | loss 0.0143 | lr 0.080098
2025-10-15 10:48:56,102 | INFO | Iter 200/5004 | loss 0.0143 | lr 0.080084
2025-10-15 10:49:17,135 | INFO | Iter 250/5004 | loss 0.0144 | lr 0.080069
2025-10-15 10:49:38,167 | INFO | Iter 300/5004 | loss 0.0143 | lr 0.080054
2025-10-15 10:49:59,199 | INFO | Iter 350/5004 | loss 0.0143 | lr 0.080039
2025-10-15 10:50:20,235 | INFO | Iter 400/5004 | loss 0.0143 | lr 0.080025
2025-10-15 10:50:41,267 | INFO | Iter 450/5004 | loss 0.0143 | lr 0.080010
2025-10-15 10:51:02,302 | INFO | Iter 500/5004 | loss 0.0144 | lr 0.079995
2025-10-15 10:51:23,337 | INFO | Iter 550/5004 | loss 0.0144 | lr 0.079980
2025-10-15 10:51:44,369 | INFO | Iter 600/5004 | loss 0.0144 | lr 0.079965
2025-10-15 10:52:05,404 | INFO | Iter 650/5004 | loss 0.0143 | lr 0.079951
2025-10-15 10:52:26,441 | INFO | Iter 700/5004 | loss 0.0143 | lr 0.079936
2025-10-15 10:52:47,474 | INFO | Iter 750/5004 | loss 0.0143 | lr 0.079921
2025-10-15 10:53:08,505 | INFO | Iter 800/5004 | loss 0.0143 | lr 0.079906
2025-10-15 10:53:29,541 | INFO | Iter 850/5004 | loss 0.0143 | lr 0.079891
2025-10-15 10:53:50,574 | INFO | Iter 900/5004 | loss 0.0143 | lr 0.079877
2025-10-15 10:54:11,609 | INFO | Iter 950/5004 | loss 0.0143 | lr 0.079862
2025-10-15 10:54:32,643 | INFO | Iter 1000/5004 | loss 0.0144 | lr 0.079847
2025-10-15 10:54:53,676 | INFO | Iter 1050/5004 | loss 0.0143 | lr 0.079832
2025-10-15 10:55:14,709 | INFO | Iter 1100/5004 | loss 0.0143 | lr 0.079817
2025-10-15 10:55:35,742 | INFO | Iter 1150/5004 | loss 0.0143 | lr 0.079803
2025-10-15 10:55:56,778 | INFO | Iter 1200/5004 | loss 0.0143 | lr 0.079788
2025-10-15 10:56:17,812 | INFO | Iter 1250/5004 | loss 0.0143 | lr 0.079773
2025-10-15 10:56:38,845 | INFO | Iter 1300/5004 | loss 0.0143 | lr 0.079758
2025-10-15 10:56:59,881 | INFO | Iter 1350/5004 | loss 0.0143 | lr 0.079743
2025-10-15 10:57:20,915 | INFO | Iter 1400/5004 | loss 0.0143 | lr 0.079728
2025-10-15 10:57:41,948 | INFO | Iter 1450/5004 | loss 0.0143 | lr 0.079714
2025-10-15 10:58:02,980 | INFO | Iter 1500/5004 | loss 0.0143 | lr 0.079699
2025-10-15 10:58:24,014 | INFO | Iter 1550/5004 | loss 0.0143 | lr 0.079684
2025-10-15 10:58:45,047 | INFO | Iter 1600/5004 | loss 0.0143 | lr 0.079669
2025-10-15 10:59:06,082 | INFO | Iter 1650/5004 | loss 0.0143 | lr 0.079654
2025-10-15 10:59:27,115 | INFO | Iter 1700/5004 | loss 0.0143 | lr 0.079639
2025-10-15 10:59:48,148 | INFO | Iter 1750/5004 | loss 0.0143 | lr 0.079624
2025-10-15 11:00:09,180 | INFO | Iter 1800/5004 | loss 0.0143 | lr 0.079610
2025-10-15 11:00:30,212 | INFO | Iter 1850/5004 | loss 0.0143 | lr 0.079595
2025-10-15 11:00:51,245 | INFO | Iter 1900/5004 | loss 0.0143 | lr 0.079580
2025-10-15 11:01:12,280 | INFO | Iter 1950/5004 | loss 0.0142 | lr 0.079565
2025-10-15 11:01:33,317 | INFO | Iter 2000/5004 | loss 0.0142 | lr 0.079550
2025-10-15 11:01:54,352 | INFO | Iter 2050/5004 | loss 0.0142 | lr 0.079535
2025-10-15 11:02:15,385 | INFO | Iter 2100/5004 | loss 0.0142 | lr 0.079520
2025-10-15 11:02:36,421 | INFO | Iter 2150/5004 | loss 0.0143 | lr 0.079505
2025-10-15 11:02:57,453 | INFO | Iter 2200/5004 | loss 0.0143 | lr 0.079490
2025-10-15 11:03:18,490 | INFO | Iter 2250/5004 | loss 0.0143 | lr 0.079475
2025-10-15 11:03:39,524 | INFO | Iter 2300/5004 | loss 0.0143 | lr 0.079461
2025-10-15 11:04:00,559 | INFO | Iter 2350/5004 | loss 0.0143 | lr 0.079446
2025-10-15 11:04:21,591 | INFO | Iter 2400/5004 | loss 0.0143 | lr 0.079431
2025-10-15 11:04:42,624 | INFO | Iter 2450/5004 | loss 0.0143 | lr 0.079416
2025-10-15 11:05:03,656 | INFO | Iter 2500/5004 | loss 0.0143 | lr 0.079401
2025-10-15 11:05:24,688 | INFO | Iter 2550/5004 | loss 0.0143 | lr 0.079386
2025-10-15 11:05:45,725 | INFO | Iter 2600/5004 | loss 0.0143 | lr 0.079371
2025-10-15 11:06:06,759 | INFO | Iter 2650/5004 | loss 0.0143 | lr 0.079356
2025-10-15 11:06:27,790 | INFO | Iter 2700/5004 | loss 0.0143 | lr 0.079341
2025-10-15 11:06:48,822 | INFO | Iter 2750/5004 | loss 0.0143 | lr 0.079326
2025-10-15 11:07:09,855 | INFO | Iter 2800/5004 | loss 0.0143 | lr 0.079311
2025-10-15 11:07:30,893 | INFO | Iter 2850/5004 | loss 0.0143 | lr 0.079296
2025-10-15 11:07:51,929 | INFO | Iter 2900/5004 | loss 0.0143 | lr 0.079281
2025-10-15 11:08:12,963 | INFO | Iter 2950/5004 | loss 0.0143 | lr 0.079266
2025-10-15 11:08:33,996 | INFO | Iter 3000/5004 | loss 0.0143 | lr 0.079251
2025-10-15 11:08:55,028 | INFO | Iter 3050/5004 | loss 0.0143 | lr 0.079236
2025-10-15 11:09:16,061 | INFO | Iter 3100/5004 | loss 0.0143 | lr 0.079221
2025-10-15 11:09:37,096 | INFO | Iter 3150/5004 | loss 0.0143 | lr 0.079206
2025-10-15 11:09:58,132 | INFO | Iter 3200/5004 | loss 0.0143 | lr 0.079191
2025-10-15 11:10:19,168 | INFO | Iter 3250/5004 | loss 0.0143 | lr 0.079176
2025-10-15 11:10:40,200 | INFO | Iter 3300/5004 | loss 0.0143 | lr 0.079161
2025-10-15 11:11:01,233 | INFO | Iter 3350/5004 | loss 0.0143 | lr 0.079146
2025-10-15 11:11:22,266 | INFO | Iter 3400/5004 | loss 0.0143 | lr 0.079131
2025-10-15 11:11:43,296 | INFO | Iter 3450/5004 | loss 0.0143 | lr 0.079116
2025-10-15 11:12:04,328 | INFO | Iter 3500/5004 | loss 0.0143 | lr 0.079101
2025-10-15 11:12:25,360 | INFO | Iter 3550/5004 | loss 0.0143 | lr 0.079086
2025-10-15 11:12:46,394 | INFO | Iter 3600/5004 | loss 0.0143 | lr 0.079071
2025-10-15 11:13:07,428 | INFO | Iter 3650/5004 | loss 0.0143 | lr 0.079056
2025-10-15 11:13:28,462 | INFO | Iter 3700/5004 | loss 0.0143 | lr 0.079041
2025-10-15 11:13:49,495 | INFO | Iter 3750/5004 | loss 0.0143 | lr 0.079026
2025-10-15 11:14:10,526 | INFO | Iter 3800/5004 | loss 0.0143 | lr 0.079011
2025-10-15 11:14:31,559 | INFO | Iter 3850/5004 | loss 0.0143 | lr 0.078996
2025-10-15 11:14:52,591 | INFO | Iter 3900/5004 | loss 0.0143 | lr 0.078981
2025-10-15 11:15:13,623 | INFO | Iter 3950/5004 | loss 0.0143 | lr 0.078966
2025-10-15 11:15:34,656 | INFO | Iter 4000/5004 | loss 0.0143 | lr 0.078951
2025-10-15 11:15:55,690 | INFO | Iter 4050/5004 | loss 0.0143 | lr 0.078936
2025-10-15 11:16:16,722 | INFO | Iter 4100/5004 | loss 0.0143 | lr 0.078921
2025-10-15 11:16:37,756 | INFO | Iter 4150/5004 | loss 0.0143 | lr 0.078906
2025-10-15 11:16:58,788 | INFO | Iter 4200/5004 | loss 0.0143 | lr 0.078891
2025-10-15 11:17:19,820 | INFO | Iter 4250/5004 | loss 0.0143 | lr 0.078876
2025-10-15 11:17:40,853 | INFO | Iter 4300/5004 | loss 0.0143 | lr 0.078861
2025-10-15 11:18:01,886 | INFO | Iter 4350/5004 | loss 0.0143 | lr 0.078845
2025-10-15 11:18:22,921 | INFO | Iter 4400/5004 | loss 0.0143 | lr 0.078830
2025-10-15 11:18:43,952 | INFO | Iter 4450/5004 | loss 0.0143 | lr 0.078815
2025-10-15 11:19:04,988 | INFO | Iter 4500/5004 | loss 0.0143 | lr 0.078800
2025-10-15 11:19:26,021 | INFO | Iter 4550/5004 | loss 0.0143 | lr 0.078785
2025-10-15 11:19:47,057 | INFO | Iter 4600/5004 | loss 0.0143 | lr 0.078770
2025-10-15 11:20:08,091 | INFO | Iter 4650/5004 | loss 0.0143 | lr 0.078755
2025-10-15 11:20:29,124 | INFO | Iter 4700/5004 | loss 0.0143 | lr 0.078740
2025-10-15 11:20:50,153 | INFO | Iter 4750/5004 | loss 0.0143 | lr 0.078725
2025-10-15 11:21:11,181 | INFO | Iter 4800/5004 | loss 0.0143 | lr 0.078710
2025-10-15 11:21:32,216 | INFO | Iter 4850/5004 | loss 0.0143 | lr 0.078694
2025-10-15 11:21:53,256 | INFO | Iter 4900/5004 | loss 0.0143 | lr 0.078679
2025-10-15 11:22:14,285 | INFO | Iter 4950/5004 | loss 0.0143 | lr 0.078664
2025-10-15 11:22:35,306 | INFO | Iter 5000/5004 | loss 0.0143 | lr 0.078649
2025-10-15 11:23:23,423 | INFO | Epoch 31/90 | Train loss 0.0143 | Val acc@1 56.76 | acc@5 81.71 | LR 0.078649
2025-10-15 11:23:46,526 | INFO | Iter 50/5004 | loss 0.0143 | lr 0.078634
2025-10-15 11:24:07,560 | INFO | Iter 100/5004 | loss 0.0148 | lr 0.078619
2025-10-15 11:24:28,590 | INFO | Iter 150/5004 | loss 0.0145 | lr 0.078604
2025-10-15 11:24:49,622 | INFO | Iter 200/5004 | loss 0.0146 | lr 0.078589
2025-10-15 11:25:10,656 | INFO | Iter 250/5004 | loss 0.0145 | lr 0.078573
2025-10-15 11:25:31,692 | INFO | Iter 300/5004 | loss 0.0143 | lr 0.078558
2025-10-15 11:25:52,726 | INFO | Iter 350/5004 | loss 0.0145 | lr 0.078543
2025-10-15 11:26:13,764 | INFO | Iter 400/5004 | loss 0.0145 | lr 0.078528
2025-10-15 11:26:34,797 | INFO | Iter 450/5004 | loss 0.0144 | lr 0.078513
2025-10-15 11:26:55,834 | INFO | Iter 500/5004 | loss 0.0144 | lr 0.078498
2025-10-15 11:27:16,870 | INFO | Iter 550/5004 | loss 0.0143 | lr 0.078482
2025-10-15 11:27:37,905 | INFO | Iter 600/5004 | loss 0.0143 | lr 0.078467
2025-10-15 11:27:58,938 | INFO | Iter 650/5004 | loss 0.0143 | lr 0.078452
2025-10-15 11:28:19,975 | INFO | Iter 700/5004 | loss 0.0143 | lr 0.078437
2025-10-15 11:28:41,008 | INFO | Iter 750/5004 | loss 0.0143 | lr 0.078422
2025-10-15 11:29:02,041 | INFO | Iter 800/5004 | loss 0.0143 | lr 0.078406
2025-10-15 11:29:23,077 | INFO | Iter 850/5004 | loss 0.0143 | lr 0.078391
2025-10-15 11:29:44,112 | INFO | Iter 900/5004 | loss 0.0143 | lr 0.078376
2025-10-15 11:30:05,144 | INFO | Iter 950/5004 | loss 0.0142 | lr 0.078361
2025-10-15 11:30:26,178 | INFO | Iter 1000/5004 | loss 0.0143 | lr 0.078346
2025-10-15 11:30:47,212 | INFO | Iter 1050/5004 | loss 0.0142 | lr 0.078330
2025-10-15 11:31:08,246 | INFO | Iter 1100/5004 | loss 0.0142 | lr 0.078315
2025-10-15 11:31:29,280 | INFO | Iter 1150/5004 | loss 0.0142 | lr 0.078300
2025-10-15 11:31:50,312 | INFO | Iter 1200/5004 | loss 0.0142 | lr 0.078285
2025-10-15 11:32:11,347 | INFO | Iter 1250/5004 | loss 0.0142 | lr 0.078270
2025-10-15 11:32:32,377 | INFO | Iter 1300/5004 | loss 0.0142 | lr 0.078254
2025-10-15 11:32:53,410 | INFO | Iter 1350/5004 | loss 0.0142 | lr 0.078239
2025-10-15 11:33:14,442 | INFO | Iter 1400/5004 | loss 0.0142 | lr 0.078224
2025-10-15 11:33:35,476 | INFO | Iter 1450/5004 | loss 0.0142 | lr 0.078209
2025-10-15 11:33:56,509 | INFO | Iter 1500/5004 | loss 0.0142 | lr 0.078193
2025-10-15 11:34:17,542 | INFO | Iter 1550/5004 | loss 0.0142 | lr 0.078178
2025-10-15 11:34:38,576 | INFO | Iter 1600/5004 | loss 0.0142 | lr 0.078163
2025-10-15 11:34:59,612 | INFO | Iter 1650/5004 | loss 0.0142 | lr 0.078148
2025-10-15 11:35:20,644 | INFO | Iter 1700/5004 | loss 0.0142 | lr 0.078132
2025-10-15 11:35:41,675 | INFO | Iter 1750/5004 | loss 0.0142 | lr 0.078117
2025-10-15 11:36:02,708 | INFO | Iter 1800/5004 | loss 0.0142 | lr 0.078102
2025-10-15 11:36:23,743 | INFO | Iter 1850/5004 | loss 0.0142 | lr 0.078086
2025-10-15 11:36:44,781 | INFO | Iter 1900/5004 | loss 0.0142 | lr 0.078071
2025-10-15 11:37:05,812 | INFO | Iter 1950/5004 | loss 0.0142 | lr 0.078056
2025-10-15 11:37:26,846 | INFO | Iter 2000/5004 | loss 0.0142 | lr 0.078041
2025-10-15 11:37:47,877 | INFO | Iter 2050/5004 | loss 0.0142 | lr 0.078025
2025-10-15 11:38:08,910 | INFO | Iter 2100/5004 | loss 0.0142 | lr 0.078010
2025-10-15 11:38:29,943 | INFO | Iter 2150/5004 | loss 0.0142 | lr 0.077995
2025-10-15 11:38:50,980 | INFO | Iter 2200/5004 | loss 0.0142 | lr 0.077979
2025-10-15 11:39:12,013 | INFO | Iter 2250/5004 | loss 0.0142 | lr 0.077964
2025-10-15 11:39:33,049 | INFO | Iter 2300/5004 | loss 0.0142 | lr 0.077949
2025-10-15 11:39:54,084 | INFO | Iter 2350/5004 | loss 0.0142 | lr 0.077934
2025-10-15 11:40:15,119 | INFO | Iter 2400/5004 | loss 0.0142 | lr 0.077918
2025-10-15 11:40:36,151 | INFO | Iter 2450/5004 | loss 0.0142 | lr 0.077903
2025-10-15 11:40:57,183 | INFO | Iter 2500/5004 | loss 0.0142 | lr 0.077888
2025-10-15 11:41:18,216 | INFO | Iter 2550/5004 | loss 0.0142 | lr 0.077872
2025-10-15 11:41:39,248 | INFO | Iter 2600/5004 | loss 0.0142 | lr 0.077857
2025-10-15 11:42:00,281 | INFO | Iter 2650/5004 | loss 0.0143 | lr 0.077842
2025-10-15 11:42:21,315 | INFO | Iter 2700/5004 | loss 0.0142 | lr 0.077826
2025-10-15 11:42:42,346 | INFO | Iter 2750/5004 | loss 0.0142 | lr 0.077811
2025-10-15 11:43:03,379 | INFO | Iter 2800/5004 | loss 0.0142 | lr 0.077796
2025-10-15 11:43:24,410 | INFO | Iter 2850/5004 | loss 0.0142 | lr 0.077780
2025-10-15 11:43:45,443 | INFO | Iter 2900/5004 | loss 0.0142 | lr 0.077765
2025-10-15 11:44:06,474 | INFO | Iter 2950/5004 | loss 0.0142 | lr 0.077749
2025-10-15 11:44:27,505 | INFO | Iter 3000/5004 | loss 0.0142 | lr 0.077734
2025-10-15 11:44:48,538 | INFO | Iter 3050/5004 | loss 0.0143 | lr 0.077719
2025-10-15 11:45:09,569 | INFO | Iter 3100/5004 | loss 0.0143 | lr 0.077703
2025-10-15 11:45:30,603 | INFO | Iter 3150/5004 | loss 0.0143 | lr 0.077688
2025-10-15 11:45:51,635 | INFO | Iter 3200/5004 | loss 0.0142 | lr 0.077673
2025-10-15 11:46:12,668 | INFO | Iter 3250/5004 | loss 0.0142 | lr 0.077657
2025-10-15 11:46:33,701 | INFO | Iter 3300/5004 | loss 0.0142 | lr 0.077642
2025-10-15 11:46:54,732 | INFO | Iter 3350/5004 | loss 0.0142 | lr 0.077626
2025-10-15 11:47:15,764 | INFO | Iter 3400/5004 | loss 0.0142 | lr 0.077611
2025-10-15 11:47:36,799 | INFO | Iter 3450/5004 | loss 0.0142 | lr 0.077596
2025-10-15 11:47:57,829 | INFO | Iter 3500/5004 | loss 0.0142 | lr 0.077580
2025-10-15 11:48:18,864 | INFO | Iter 3550/5004 | loss 0.0143 | lr 0.077565
2025-10-15 11:48:39,898 | INFO | Iter 3600/5004 | loss 0.0143 | lr 0.077549
2025-10-15 11:49:00,932 | INFO | Iter 3650/5004 | loss 0.0143 | lr 0.077534
2025-10-15 11:49:21,972 | INFO | Iter 3700/5004 | loss 0.0143 | lr 0.077519
2025-10-15 11:49:43,006 | INFO | Iter 3750/5004 | loss 0.0143 | lr 0.077503
2025-10-15 11:50:04,036 | INFO | Iter 3800/5004 | loss 0.0143 | lr 0.077488
2025-10-15 11:50:25,070 | INFO | Iter 3850/5004 | loss 0.0143 | lr 0.077472
2025-10-15 11:50:46,106 | INFO | Iter 3900/5004 | loss 0.0143 | lr 0.077457
2025-10-15 11:51:07,138 | INFO | Iter 3950/5004 | loss 0.0143 | lr 0.077442
2025-10-15 11:51:28,169 | INFO | Iter 4000/5004 | loss 0.0143 | lr 0.077426
2025-10-15 11:51:49,202 | INFO | Iter 4050/5004 | loss 0.0143 | lr 0.077411
2025-10-15 11:52:10,236 | INFO | Iter 4100/5004 | loss 0.0143 | lr 0.077395
2025-10-15 11:52:31,268 | INFO | Iter 4150/5004 | loss 0.0143 | lr 0.077380
2025-10-15 11:52:52,300 | INFO | Iter 4200/5004 | loss 0.0143 | lr 0.077364
2025-10-15 11:53:13,333 | INFO | Iter 4250/5004 | loss 0.0143 | lr 0.077349
2025-10-15 11:53:34,363 | INFO | Iter 4300/5004 | loss 0.0143 | lr 0.077333
2025-10-15 11:53:55,394 | INFO | Iter 4350/5004 | loss 0.0143 | lr 0.077318
2025-10-15 11:54:16,426 | INFO | Iter 4400/5004 | loss 0.0143 | lr 0.077302
2025-10-15 11:54:37,460 | INFO | Iter 4450/5004 | loss 0.0143 | lr 0.077287
2025-10-15 11:54:58,495 | INFO | Iter 4500/5004 | loss 0.0143 | lr 0.077272
2025-10-15 11:55:19,530 | INFO | Iter 4550/5004 | loss 0.0143 | lr 0.077256
2025-10-15 11:55:40,564 | INFO | Iter 4600/5004 | loss 0.0143 | lr 0.077241
2025-10-15 11:56:01,596 | INFO | Iter 4650/5004 | loss 0.0143 | lr 0.077225
2025-10-15 11:56:22,633 | INFO | Iter 4700/5004 | loss 0.0143 | lr 0.077210
2025-10-15 11:56:43,664 | INFO | Iter 4750/5004 | loss 0.0143 | lr 0.077194
2025-10-15 11:57:04,695 | INFO | Iter 4800/5004 | loss 0.0143 | lr 0.077179
2025-10-15 11:57:25,724 | INFO | Iter 4850/5004 | loss 0.0143 | lr 0.077163
2025-10-15 11:57:46,757 | INFO | Iter 4900/5004 | loss 0.0143 | lr 0.077148
2025-10-15 11:58:07,788 | INFO | Iter 4950/5004 | loss 0.0143 | lr 0.077132
2025-10-15 11:58:28,813 | INFO | Iter 5000/5004 | loss 0.0143 | lr 0.077117
2025-10-15 11:59:16,893 | INFO | Epoch 32/90 | Train loss 0.0143 | Val acc@1 54.29 | acc@5 79.55 | LR 0.077117
2025-10-15 11:59:39,889 | INFO | Iter 50/5004 | loss 0.0139 | lr 0.077101
2025-10-15 12:00:00,921 | INFO | Iter 100/5004 | loss 0.0141 | lr 0.077086
2025-10-15 12:00:21,954 | INFO | Iter 150/5004 | loss 0.0141 | lr 0.077070
2025-10-15 12:00:42,989 | INFO | Iter 200/5004 | loss 0.0141 | lr 0.077054
2025-10-15 12:01:04,026 | INFO | Iter 250/5004 | loss 0.0143 | lr 0.077039
2025-10-15 12:01:25,063 | INFO | Iter 300/5004 | loss 0.0142 | lr 0.077023
2025-10-15 12:01:46,098 | INFO | Iter 350/5004 | loss 0.0144 | lr 0.077008
2025-10-15 12:02:07,134 | INFO | Iter 400/5004 | loss 0.0143 | lr 0.076992
2025-10-15 12:02:28,170 | INFO | Iter 450/5004 | loss 0.0143 | lr 0.076977
2025-10-15 12:02:49,205 | INFO | Iter 500/5004 | loss 0.0142 | lr 0.076961
2025-10-15 12:03:10,240 | INFO | Iter 550/5004 | loss 0.0142 | lr 0.076946
2025-10-15 12:03:31,276 | INFO | Iter 600/5004 | loss 0.0143 | lr 0.076930
2025-10-15 12:03:52,311 | INFO | Iter 650/5004 | loss 0.0143 | lr 0.076915
2025-10-15 12:04:13,346 | INFO | Iter 700/5004 | loss 0.0143 | lr 0.076899
2025-10-15 12:04:34,385 | INFO | Iter 750/5004 | loss 0.0143 | lr 0.076883
2025-10-15 12:04:55,420 | INFO | Iter 800/5004 | loss 0.0143 | lr 0.076868
2025-10-15 12:05:16,456 | INFO | Iter 850/5004 | loss 0.0143 | lr 0.076852
2025-10-15 12:05:37,492 | INFO | Iter 900/5004 | loss 0.0142 | lr 0.076837
2025-10-15 12:05:58,528 | INFO | Iter 950/5004 | loss 0.0143 | lr 0.076821
2025-10-15 12:06:19,563 | INFO | Iter 1000/5004 | loss 0.0143 | lr 0.076806
2025-10-15 12:06:40,600 | INFO | Iter 1050/5004 | loss 0.0143 | lr 0.076790
2025-10-15 12:07:01,636 | INFO | Iter 1100/5004 | loss 0.0143 | lr 0.076774
2025-10-15 12:07:22,674 | INFO | Iter 1150/5004 | loss 0.0142 | lr 0.076759
2025-10-15 12:07:43,712 | INFO | Iter 1200/5004 | loss 0.0142 | lr 0.076743
2025-10-15 12:08:04,747 | INFO | Iter 1250/5004 | loss 0.0142 | lr 0.076728
2025-10-15 12:08:25,783 | INFO | Iter 1300/5004 | loss 0.0143 | lr 0.076712
2025-10-15 12:08:46,820 | INFO | Iter 1350/5004 | loss 0.0143 | lr 0.076696
2025-10-15 12:09:07,858 | INFO | Iter 1400/5004 | loss 0.0143 | lr 0.076681
2025-10-15 12:09:28,891 | INFO | Iter 1450/5004 | loss 0.0143 | lr 0.076665
2025-10-15 12:09:49,929 | INFO | Iter 1500/5004 | loss 0.0143 | lr 0.076649
2025-10-15 12:10:10,966 | INFO | Iter 1550/5004 | loss 0.0143 | lr 0.076634
2025-10-15 12:10:32,002 | INFO | Iter 1600/5004 | loss 0.0143 | lr 0.076618
2025-10-15 12:10:53,040 | INFO | Iter 1650/5004 | loss 0.0143 | lr 0.076603
2025-10-15 12:11:14,076 | INFO | Iter 1700/5004 | loss 0.0143 | lr 0.076587
2025-10-15 12:11:35,112 | INFO | Iter 1750/5004 | loss 0.0142 | lr 0.076571
2025-10-15 12:11:56,147 | INFO | Iter 1800/5004 | loss 0.0142 | lr 0.076556
2025-10-15 12:12:17,183 | INFO | Iter 1850/5004 | loss 0.0142 | lr 0.076540
2025-10-15 12:12:38,219 | INFO | Iter 1900/5004 | loss 0.0143 | lr 0.076524
2025-10-15 12:12:59,254 | INFO | Iter 1950/5004 | loss 0.0143 | lr 0.076509
2025-10-15 12:13:20,291 | INFO | Iter 2000/5004 | loss 0.0143 | lr 0.076493
2025-10-15 12:13:41,325 | INFO | Iter 2050/5004 | loss 0.0143 | lr 0.076477
2025-10-15 12:14:02,364 | INFO | Iter 2100/5004 | loss 0.0142 | lr 0.076462
2025-10-15 12:14:23,398 | INFO | Iter 2150/5004 | loss 0.0143 | lr 0.076446
2025-10-15 12:14:44,437 | INFO | Iter 2200/5004 | loss 0.0143 | lr 0.076430
2025-10-15 12:15:05,473 | INFO | Iter 2250/5004 | loss 0.0143 | lr 0.076415
2025-10-15 12:15:26,511 | INFO | Iter 2300/5004 | loss 0.0143 | lr 0.076399
2025-10-15 12:15:47,549 | INFO | Iter 2350/5004 | loss 0.0143 | lr 0.076383
2025-10-15 12:16:08,587 | INFO | Iter 2400/5004 | loss 0.0143 | lr 0.076368
2025-10-15 12:16:29,623 | INFO | Iter 2450/5004 | loss 0.0142 | lr 0.076352
2025-10-15 12:16:50,660 | INFO | Iter 2500/5004 | loss 0.0142 | lr 0.076336
2025-10-15 12:17:11,697 | INFO | Iter 2550/5004 | loss 0.0142 | lr 0.076321
2025-10-15 12:17:32,734 | INFO | Iter 2600/5004 | loss 0.0142 | lr 0.076305
2025-10-15 12:17:53,772 | INFO | Iter 2650/5004 | loss 0.0142 | lr 0.076289
2025-10-15 12:18:14,807 | INFO | Iter 2700/5004 | loss 0.0142 | lr 0.076273
2025-10-15 12:18:35,844 | INFO | Iter 2750/5004 | loss 0.0142 | lr 0.076258
2025-10-15 12:18:56,875 | INFO | Iter 2800/5004 | loss 0.0142 | lr 0.076242
2025-10-15 12:19:17,910 | INFO | Iter 2850/5004 | loss 0.0142 | lr 0.076226
2025-10-15 12:19:38,946 | INFO | Iter 2900/5004 | loss 0.0142 | lr 0.076211
2025-10-15 12:19:59,982 | INFO | Iter 2950/5004 | loss 0.0142 | lr 0.076195
2025-10-15 12:20:21,019 | INFO | Iter 3000/5004 | loss 0.0142 | lr 0.076179
2025-10-15 12:20:42,054 | INFO | Iter 3050/5004 | loss 0.0142 | lr 0.076163
2025-10-15 12:21:03,090 | INFO | Iter 3100/5004 | loss 0.0142 | lr 0.076148
2025-10-15 12:21:24,128 | INFO | Iter 3150/5004 | loss 0.0142 | lr 0.076132
2025-10-15 12:21:45,165 | INFO | Iter 3200/5004 | loss 0.0142 | lr 0.076116
2025-10-15 12:22:06,205 | INFO | Iter 3250/5004 | loss 0.0142 | lr 0.076100
2025-10-15 12:22:27,241 | INFO | Iter 3300/5004 | loss 0.0142 | lr 0.076085
2025-10-15 12:22:48,276 | INFO | Iter 3350/5004 | loss 0.0142 | lr 0.076069
2025-10-15 12:23:09,315 | INFO | Iter 3400/5004 | loss 0.0142 | lr 0.076053
2025-10-15 12:23:30,348 | INFO | Iter 3450/5004 | loss 0.0142 | lr 0.076037
2025-10-15 12:23:51,381 | INFO | Iter 3500/5004 | loss 0.0142 | lr 0.076022
2025-10-15 12:24:12,415 | INFO | Iter 3550/5004 | loss 0.0142 | lr 0.076006
2025-10-15 12:24:33,449 | INFO | Iter 3600/5004 | loss 0.0142 | lr 0.075990
2025-10-15 12:24:54,480 | INFO | Iter 3650/5004 | loss 0.0142 | lr 0.075974
2025-10-15 12:25:15,514 | INFO | Iter 3700/5004 | loss 0.0142 | lr 0.075959
2025-10-15 12:25:36,547 | INFO | Iter 3750/5004 | loss 0.0142 | lr 0.075943
2025-10-15 12:25:57,580 | INFO | Iter 3800/5004 | loss 0.0142 | lr 0.075927
2025-10-15 12:26:18,613 | INFO | Iter 3850/5004 | loss 0.0142 | lr 0.075911
2025-10-15 12:26:39,648 | INFO | Iter 3900/5004 | loss 0.0142 | lr 0.075895
2025-10-15 12:27:00,681 | INFO | Iter 3950/5004 | loss 0.0142 | lr 0.075880
2025-10-15 12:27:21,716 | INFO | Iter 4000/5004 | loss 0.0142 | lr 0.075864
2025-10-15 12:27:42,749 | INFO | Iter 4050/5004 | loss 0.0142 | lr 0.075848
2025-10-15 12:28:03,783 | INFO | Iter 4100/5004 | loss 0.0142 | lr 0.075832
2025-10-15 12:28:24,817 | INFO | Iter 4150/5004 | loss 0.0142 | lr 0.075816
2025-10-15 12:28:45,852 | INFO | Iter 4200/5004 | loss 0.0142 | lr 0.075801
2025-10-15 12:29:06,888 | INFO | Iter 4250/5004 | loss 0.0142 | lr 0.075785
2025-10-15 12:29:27,921 | INFO | Iter 4300/5004 | loss 0.0142 | lr 0.075769
2025-10-15 12:29:48,953 | INFO | Iter 4350/5004 | loss 0.0142 | lr 0.075753
2025-10-15 12:30:09,986 | INFO | Iter 4400/5004 | loss 0.0142 | lr 0.075737
2025-10-15 12:30:31,021 | INFO | Iter 4450/5004 | loss 0.0142 | lr 0.075721
2025-10-15 12:30:52,057 | INFO | Iter 4500/5004 | loss 0.0142 | lr 0.075706
2025-10-15 12:31:13,091 | INFO | Iter 4550/5004 | loss 0.0142 | lr 0.075690
2025-10-15 12:31:34,126 | INFO | Iter 4600/5004 | loss 0.0142 | lr 0.075674
2025-10-15 12:31:55,159 | INFO | Iter 4650/5004 | loss 0.0142 | lr 0.075658
2025-10-15 12:32:16,191 | INFO | Iter 4700/5004 | loss 0.0142 | lr 0.075642
2025-10-15 12:32:37,225 | INFO | Iter 4750/5004 | loss 0.0142 | lr 0.075626
2025-10-15 12:32:58,251 | INFO | Iter 4800/5004 | loss 0.0142 | lr 0.075611
2025-10-15 12:33:19,277 | INFO | Iter 4850/5004 | loss 0.0142 | lr 0.075595
2025-10-15 12:33:40,311 | INFO | Iter 4900/5004 | loss 0.0142 | lr 0.075579
2025-10-15 12:34:01,339 | INFO | Iter 4950/5004 | loss 0.0142 | lr 0.075563
2025-10-15 12:34:22,361 | INFO | Iter 5000/5004 | loss 0.0142 | lr 0.075547
2025-10-15 12:35:11,573 | INFO | Epoch 33/90 | Train loss 0.0142 | Val acc@1 55.60 | acc@5 80.35 | LR 0.075547
2025-10-15 12:35:34,678 | INFO | Iter 50/5004 | loss 0.0144 | lr 0.075531
2025-10-15 12:35:55,712 | INFO | Iter 100/5004 | loss 0.0144 | lr 0.075515
2025-10-15 12:36:16,743 | INFO | Iter 150/5004 | loss 0.0144 | lr 0.075499
2025-10-15 12:36:37,775 | INFO | Iter 200/5004 | loss 0.0145 | lr 0.075484
2025-10-15 12:36:58,807 | INFO | Iter 250/5004 | loss 0.0143 | lr 0.075468
2025-10-15 12:37:19,842 | INFO | Iter 300/5004 | loss 0.0144 | lr 0.075452
2025-10-15 12:37:40,881 | INFO | Iter 350/5004 | loss 0.0143 | lr 0.075436
2025-10-15 12:38:01,918 | INFO | Iter 400/5004 | loss 0.0143 | lr 0.075420
2025-10-15 12:38:22,950 | INFO | Iter 450/5004 | loss 0.0144 | lr 0.075404
2025-10-15 12:38:43,983 | INFO | Iter 500/5004 | loss 0.0144 | lr 0.075388
2025-10-15 12:39:05,015 | INFO | Iter 550/5004 | loss 0.0143 | lr 0.075372
2025-10-15 12:39:26,052 | INFO | Iter 600/5004 | loss 0.0143 | lr 0.075356
2025-10-15 12:39:47,086 | INFO | Iter 650/5004 | loss 0.0143 | lr 0.075340
2025-10-15 12:40:08,124 | INFO | Iter 700/5004 | loss 0.0143 | lr 0.075324
2025-10-15 12:40:29,159 | INFO | Iter 750/5004 | loss 0.0143 | lr 0.075309
2025-10-15 12:40:50,194 | INFO | Iter 800/5004 | loss 0.0142 | lr 0.075293
2025-10-15 12:41:11,229 | INFO | Iter 850/5004 | loss 0.0143 | lr 0.075277
2025-10-15 12:41:32,264 | INFO | Iter 900/5004 | loss 0.0143 | lr 0.075261
2025-10-15 12:41:53,300 | INFO | Iter 950/5004 | loss 0.0143 | lr 0.075245
2025-10-15 12:42:14,334 | INFO | Iter 1000/5004 | loss 0.0143 | lr 0.075229
2025-10-15 12:42:35,366 | INFO | Iter 1050/5004 | loss 0.0143 | lr 0.075213
2025-10-15 12:42:56,403 | INFO | Iter 1100/5004 | loss 0.0142 | lr 0.075197
2025-10-15 12:43:17,438 | INFO | Iter 1150/5004 | loss 0.0143 | lr 0.075181
2025-10-15 12:43:38,470 | INFO | Iter 1200/5004 | loss 0.0143 | lr 0.075165
2025-10-15 12:43:59,505 | INFO | Iter 1250/5004 | loss 0.0142 | lr 0.075149
2025-10-15 12:44:20,542 | INFO | Iter 1300/5004 | loss 0.0142 | lr 0.075133
2025-10-15 12:44:41,575 | INFO | Iter 1350/5004 | loss 0.0142 | lr 0.075117
2025-10-15 12:45:02,608 | INFO | Iter 1400/5004 | loss 0.0143 | lr 0.075101
2025-10-15 12:45:23,644 | INFO | Iter 1450/5004 | loss 0.0142 | lr 0.075085
2025-10-15 12:45:44,681 | INFO | Iter 1500/5004 | loss 0.0142 | lr 0.075069
2025-10-15 12:46:05,714 | INFO | Iter 1550/5004 | loss 0.0142 | lr 0.075053
2025-10-15 12:46:26,752 | INFO | Iter 1600/5004 | loss 0.0142 | lr 0.075037
2025-10-15 12:46:47,787 | INFO | Iter 1650/5004 | loss 0.0142 | lr 0.075021
2025-10-15 12:47:08,824 | INFO | Iter 1700/5004 | loss 0.0142 | lr 0.075005
2025-10-15 12:47:29,858 | INFO | Iter 1750/5004 | loss 0.0142 | lr 0.074989
2025-10-15 12:47:50,892 | INFO | Iter 1800/5004 | loss 0.0142 | lr 0.074973
2025-10-15 12:48:11,923 | INFO | Iter 1850/5004 | loss 0.0142 | lr 0.074957
2025-10-15 12:48:32,957 | INFO | Iter 1900/5004 | loss 0.0142 | lr 0.074941
2025-10-15 12:48:53,991 | INFO | Iter 1950/5004 | loss 0.0142 | lr 0.074925
2025-10-15 12:49:15,027 | INFO | Iter 2000/5004 | loss 0.0142 | lr 0.074909
2025-10-15 12:49:36,062 | INFO | Iter 2050/5004 | loss 0.0142 | lr 0.074893
2025-10-15 12:49:57,097 | INFO | Iter 2100/5004 | loss 0.0142 | lr 0.074877
2025-10-15 12:50:18,131 | INFO | Iter 2150/5004 | loss 0.0142 | lr 0.074861
2025-10-15 12:50:39,167 | INFO | Iter 2200/5004 | loss 0.0142 | lr 0.074845
2025-10-15 12:51:00,201 | INFO | Iter 2250/5004 | loss 0.0142 | lr 0.074829
2025-10-15 12:51:21,237 | INFO | Iter 2300/5004 | loss 0.0143 | lr 0.074813
2025-10-15 12:51:42,270 | INFO | Iter 2350/5004 | loss 0.0143 | lr 0.074797
2025-10-15 12:52:03,307 | INFO | Iter 2400/5004 | loss 0.0142 | lr 0.074781
2025-10-15 12:52:24,343 | INFO | Iter 2450/5004 | loss 0.0142 | lr 0.074765
2025-10-15 12:52:45,379 | INFO | Iter 2500/5004 | loss 0.0142 | lr 0.074749
2025-10-15 12:53:06,415 | INFO | Iter 2550/5004 | loss 0.0142 | lr 0.074733
2025-10-15 12:53:27,448 | INFO | Iter 2600/5004 | loss 0.0142 | lr 0.074717
2025-10-15 12:53:48,479 | INFO | Iter 2650/5004 | loss 0.0142 | lr 0.074701
2025-10-15 12:54:09,514 | INFO | Iter 2700/5004 | loss 0.0142 | lr 0.074685
2025-10-15 12:54:30,548 | INFO | Iter 2750/5004 | loss 0.0142 | lr 0.074669
2025-10-15 12:54:51,580 | INFO | Iter 2800/5004 | loss 0.0142 | lr 0.074653
2025-10-15 12:55:12,617 | INFO | Iter 2850/5004 | loss 0.0142 | lr 0.074637
2025-10-15 12:55:33,651 | INFO | Iter 2900/5004 | loss 0.0142 | lr 0.074621
2025-10-15 12:55:54,690 | INFO | Iter 2950/5004 | loss 0.0142 | lr 0.074605
2025-10-15 12:56:15,724 | INFO | Iter 3000/5004 | loss 0.0142 | lr 0.074588
2025-10-15 12:56:36,757 | INFO | Iter 3050/5004 | loss 0.0142 | lr 0.074572
2025-10-15 12:56:57,791 | INFO | Iter 3100/5004 | loss 0.0142 | lr 0.074556
2025-10-15 12:57:18,824 | INFO | Iter 3150/5004 | loss 0.0142 | lr 0.074540
2025-10-15 12:57:39,858 | INFO | Iter 3200/5004 | loss 0.0142 | lr 0.074524
2025-10-15 12:58:00,894 | INFO | Iter 3250/5004 | loss 0.0142 | lr 0.074508
2025-10-15 12:58:21,929 | INFO | Iter 3300/5004 | loss 0.0142 | lr 0.074492
2025-10-15 12:58:42,966 | INFO | Iter 3350/5004 | loss 0.0142 | lr 0.074476
2025-10-15 12:59:04,000 | INFO | Iter 3400/5004 | loss 0.0142 | lr 0.074460
2025-10-15 12:59:25,034 | INFO | Iter 3450/5004 | loss 0.0142 | lr 0.074444
2025-10-15 12:59:46,067 | INFO | Iter 3500/5004 | loss 0.0142 | lr 0.074428
2025-10-15 13:00:07,101 | INFO | Iter 3550/5004 | loss 0.0142 | lr 0.074411
2025-10-15 13:00:28,135 | INFO | Iter 3600/5004 | loss 0.0142 | lr 0.074395
2025-10-15 13:00:49,168 | INFO | Iter 3650/5004 | loss 0.0142 | lr 0.074379
2025-10-15 13:01:10,204 | INFO | Iter 3700/5004 | loss 0.0142 | lr 0.074363
2025-10-15 13:01:31,239 | INFO | Iter 3750/5004 | loss 0.0142 | lr 0.074347
2025-10-15 13:01:52,275 | INFO | Iter 3800/5004 | loss 0.0142 | lr 0.074331
2025-10-15 13:02:13,308 | INFO | Iter 3850/5004 | loss 0.0142 | lr 0.074315
2025-10-15 13:02:34,341 | INFO | Iter 3900/5004 | loss 0.0142 | lr 0.074299
2025-10-15 13:02:55,377 | INFO | Iter 3950/5004 | loss 0.0142 | lr 0.074282
2025-10-15 13:03:16,407 | INFO | Iter 4000/5004 | loss 0.0142 | lr 0.074266
2025-10-15 13:03:37,443 | INFO | Iter 4050/5004 | loss 0.0142 | lr 0.074250
2025-10-15 13:03:58,479 | INFO | Iter 4100/5004 | loss 0.0142 | lr 0.074234
2025-10-15 13:04:19,513 | INFO | Iter 4150/5004 | loss 0.0142 | lr 0.074218
2025-10-15 13:04:40,546 | INFO | Iter 4200/5004 | loss 0.0142 | lr 0.074202
2025-10-15 13:05:01,580 | INFO | Iter 4250/5004 | loss 0.0142 | lr 0.074185
2025-10-15 13:05:22,613 | INFO | Iter 4300/5004 | loss 0.0142 | lr 0.074169
2025-10-15 13:05:43,648 | INFO | Iter 4350/5004 | loss 0.0142 | lr 0.074153
2025-10-15 13:06:04,682 | INFO | Iter 4400/5004 | loss 0.0142 | lr 0.074137
2025-10-15 13:06:25,714 | INFO | Iter 4450/5004 | loss 0.0142 | lr 0.074121
2025-10-15 13:06:46,750 | INFO | Iter 4500/5004 | loss 0.0142 | lr 0.074105
2025-10-15 13:07:07,786 | INFO | Iter 4550/5004 | loss 0.0142 | lr 0.074088
2025-10-15 13:07:28,820 | INFO | Iter 4600/5004 | loss 0.0142 | lr 0.074072
2025-10-15 13:07:49,853 | INFO | Iter 4650/5004 | loss 0.0142 | lr 0.074056
2025-10-15 13:08:10,887 | INFO | Iter 4700/5004 | loss 0.0142 | lr 0.074040
2025-10-15 13:08:31,921 | INFO | Iter 4750/5004 | loss 0.0142 | lr 0.074024
2025-10-15 13:08:52,950 | INFO | Iter 4800/5004 | loss 0.0142 | lr 0.074008
2025-10-15 13:09:13,983 | INFO | Iter 4850/5004 | loss 0.0142 | lr 0.073991
2025-10-15 13:09:35,015 | INFO | Iter 4900/5004 | loss 0.0142 | lr 0.073975
2025-10-15 13:09:56,046 | INFO | Iter 4950/5004 | loss 0.0142 | lr 0.073959
2025-10-15 13:10:17,068 | INFO | Iter 5000/5004 | loss 0.0142 | lr 0.073943
2025-10-15 13:11:05,779 | INFO | Epoch 34/90 | Train loss 0.0142 | Val acc@1 56.02 | acc@5 80.54 | LR 0.073943
2025-10-15 13:11:28,823 | INFO | Iter 50/5004 | loss 0.0146 | lr 0.073926
2025-10-15 13:11:49,855 | INFO | Iter 100/5004 | loss 0.0145 | lr 0.073910
2025-10-15 13:12:10,887 | INFO | Iter 150/5004 | loss 0.0141 | lr 0.073894
2025-10-15 13:12:31,921 | INFO | Iter 200/5004 | loss 0.0139 | lr 0.073878
2025-10-15 13:12:52,957 | INFO | Iter 250/5004 | loss 0.0142 | lr 0.073862
2025-10-15 13:13:13,991 | INFO | Iter 300/5004 | loss 0.0143 | lr 0.073845
2025-10-15 13:13:35,024 | INFO | Iter 350/5004 | loss 0.0141 | lr 0.073829
2025-10-15 13:13:56,060 | INFO | Iter 400/5004 | loss 0.0140 | lr 0.073813
2025-10-15 13:14:17,094 | INFO | Iter 450/5004 | loss 0.0140 | lr 0.073797
2025-10-15 13:14:38,128 | INFO | Iter 500/5004 | loss 0.0141 | lr 0.073780
2025-10-15 13:14:59,165 | INFO | Iter 550/5004 | loss 0.0142 | lr 0.073764
2025-10-15 13:15:20,199 | INFO | Iter 600/5004 | loss 0.0141 | lr 0.073748
2025-10-15 13:15:41,233 | INFO | Iter 650/5004 | loss 0.0141 | lr 0.073732
2025-10-15 13:16:02,269 | INFO | Iter 700/5004 | loss 0.0142 | lr 0.073715
2025-10-15 13:16:23,304 | INFO | Iter 750/5004 | loss 0.0142 | lr 0.073699
2025-10-15 13:16:44,340 | INFO | Iter 800/5004 | loss 0.0142 | lr 0.073683
2025-10-15 13:17:05,376 | INFO | Iter 850/5004 | loss 0.0142 | lr 0.073667
2025-10-15 13:17:26,411 | INFO | Iter 900/5004 | loss 0.0142 | lr 0.073650
2025-10-15 13:17:47,446 | INFO | Iter 950/5004 | loss 0.0142 | lr 0.073634
2025-10-15 13:18:08,483 | INFO | Iter 1000/5004 | loss 0.0142 | lr 0.073618
2025-10-15 13:18:29,516 | INFO | Iter 1050/5004 | loss 0.0142 | lr 0.073602
2025-10-15 13:18:50,554 | INFO | Iter 1100/5004 | loss 0.0142 | lr 0.073585
2025-10-15 13:19:11,587 | INFO | Iter 1150/5004 | loss 0.0142 | lr 0.073569
2025-10-15 13:19:32,620 | INFO | Iter 1200/5004 | loss 0.0142 | lr 0.073553
2025-10-15 13:19:53,653 | INFO | Iter 1250/5004 | loss 0.0142 | lr 0.073536
2025-10-15 13:20:14,684 | INFO | Iter 1300/5004 | loss 0.0142 | lr 0.073520
2025-10-15 13:20:35,719 | INFO | Iter 1350/5004 | loss 0.0142 | lr 0.073504
2025-10-15 13:20:56,751 | INFO | Iter 1400/5004 | loss 0.0142 | lr 0.073488
2025-10-15 13:21:17,785 | INFO | Iter 1450/5004 | loss 0.0142 | lr 0.073471
2025-10-15 13:21:38,819 | INFO | Iter 1500/5004 | loss 0.0142 | lr 0.073455
2025-10-15 13:21:59,853 | INFO | Iter 1550/5004 | loss 0.0142 | lr 0.073439
2025-10-15 13:22:20,889 | INFO | Iter 1600/5004 | loss 0.0142 | lr 0.073422
2025-10-15 13:22:41,923 | INFO | Iter 1650/5004 | loss 0.0142 | lr 0.073406
2025-10-15 13:23:02,959 | INFO | Iter 1700/5004 | loss 0.0142 | lr 0.073390
2025-10-15 13:23:23,993 | INFO | Iter 1750/5004 | loss 0.0142 | lr 0.073373
2025-10-15 13:23:45,029 | INFO | Iter 1800/5004 | loss 0.0142 | lr 0.073357
2025-10-15 13:24:06,063 | INFO | Iter 1850/5004 | loss 0.0142 | lr 0.073341
2025-10-15 13:24:27,100 | INFO | Iter 1900/5004 | loss 0.0142 | lr 0.073324
2025-10-15 13:24:48,137 | INFO | Iter 1950/5004 | loss 0.0142 | lr 0.073308
2025-10-15 13:25:09,171 | INFO | Iter 2000/5004 | loss 0.0142 | lr 0.073292
2025-10-15 13:25:30,206 | INFO | Iter 2050/5004 | loss 0.0142 | lr 0.073275
2025-10-15 13:25:51,239 | INFO | Iter 2100/5004 | loss 0.0142 | lr 0.073259
2025-10-15 13:26:12,272 | INFO | Iter 2150/5004 | loss 0.0142 | lr 0.073243
2025-10-15 13:26:33,305 | INFO | Iter 2200/5004 | loss 0.0142 | lr 0.073226
2025-10-15 13:26:54,337 | INFO | Iter 2250/5004 | loss 0.0142 | lr 0.073210
2025-10-15 13:27:15,371 | INFO | Iter 2300/5004 | loss 0.0142 | lr 0.073194
2025-10-15 13:27:36,406 | INFO | Iter 2350/5004 | loss 0.0142 | lr 0.073177
2025-10-15 13:27:57,442 | INFO | Iter 2400/5004 | loss 0.0142 | lr 0.073161
2025-10-15 13:28:18,479 | INFO | Iter 2450/5004 | loss 0.0141 | lr 0.073145
2025-10-15 13:28:39,514 | INFO | Iter 2500/5004 | loss 0.0141 | lr 0.073128
2025-10-15 13:29:00,550 | INFO | Iter 2550/5004 | loss 0.0141 | lr 0.073112
2025-10-15 13:29:21,583 | INFO | Iter 2600/5004 | loss 0.0141 | lr 0.073095
2025-10-15 13:29:42,618 | INFO | Iter 2650/5004 | loss 0.0142 | lr 0.073079
2025-10-15 13:30:03,653 | INFO | Iter 2700/5004 | loss 0.0142 | lr 0.073063
2025-10-15 13:30:24,689 | INFO | Iter 2750/5004 | loss 0.0142 | lr 0.073046
2025-10-15 13:30:45,721 | INFO | Iter 2800/5004 | loss 0.0142 | lr 0.073030
2025-10-15 13:31:06,753 | INFO | Iter 2850/5004 | loss 0.0141 | lr 0.073013
2025-10-15 13:31:27,789 | INFO | Iter 2900/5004 | loss 0.0141 | lr 0.072997
2025-10-15 13:31:48,824 | INFO | Iter 2950/5004 | loss 0.0141 | lr 0.072981
2025-10-15 13:32:09,859 | INFO | Iter 3000/5004 | loss 0.0141 | lr 0.072964
2025-10-15 13:32:30,888 | INFO | Iter 3050/5004 | loss 0.0141 | lr 0.072948
2025-10-15 13:32:51,922 | INFO | Iter 3100/5004 | loss 0.0141 | lr 0.072931
2025-10-15 13:33:12,955 | INFO | Iter 3150/5004 | loss 0.0142 | lr 0.072915
2025-10-15 13:33:33,990 | INFO | Iter 3200/5004 | loss 0.0142 | lr 0.072899
2025-10-15 13:33:55,023 | INFO | Iter 3250/5004 | loss 0.0142 | lr 0.072882
2025-10-15 13:34:16,058 | INFO | Iter 3300/5004 | loss 0.0142 | lr 0.072866
2025-10-15 13:34:37,093 | INFO | Iter 3350/5004 | loss 0.0142 | lr 0.072849
2025-10-15 13:34:58,128 | INFO | Iter 3400/5004 | loss 0.0142 | lr 0.072833
2025-10-15 13:35:19,164 | INFO | Iter 3450/5004 | loss 0.0142 | lr 0.072817
2025-10-15 13:35:40,200 | INFO | Iter 3500/5004 | loss 0.0142 | lr 0.072800
2025-10-15 13:36:01,232 | INFO | Iter 3550/5004 | loss 0.0142 | lr 0.072784
2025-10-15 13:36:22,268 | INFO | Iter 3600/5004 | loss 0.0142 | lr 0.072767
2025-10-15 13:36:43,299 | INFO | Iter 3650/5004 | loss 0.0142 | lr 0.072751
2025-10-15 13:37:04,333 | INFO | Iter 3700/5004 | loss 0.0142 | lr 0.072734
2025-10-15 13:37:25,370 | INFO | Iter 3750/5004 | loss 0.0142 | lr 0.072718
2025-10-15 13:37:46,404 | INFO | Iter 3800/5004 | loss 0.0142 | lr 0.072701
2025-10-15 13:38:07,436 | INFO | Iter 3850/5004 | loss 0.0142 | lr 0.072685
2025-10-15 13:38:28,473 | INFO | Iter 3900/5004 | loss 0.0142 | lr 0.072669
2025-10-15 13:38:49,508 | INFO | Iter 3950/5004 | loss 0.0142 | lr 0.072652
2025-10-15 13:39:10,541 | INFO | Iter 4000/5004 | loss 0.0142 | lr 0.072636
2025-10-15 13:39:31,575 | INFO | Iter 4050/5004 | loss 0.0142 | lr 0.072619
2025-10-15 13:39:52,609 | INFO | Iter 4100/5004 | loss 0.0142 | lr 0.072603
2025-10-15 13:40:13,640 | INFO | Iter 4150/5004 | loss 0.0142 | lr 0.072586
2025-10-15 13:40:34,673 | INFO | Iter 4200/5004 | loss 0.0142 | lr 0.072570
2025-10-15 13:40:55,709 | INFO | Iter 4250/5004 | loss 0.0142 | lr 0.072553
2025-10-15 13:41:16,743 | INFO | Iter 4300/5004 | loss 0.0142 | lr 0.072537
2025-10-15 13:41:37,777 | INFO | Iter 4350/5004 | loss 0.0142 | lr 0.072520
2025-10-15 13:41:58,810 | INFO | Iter 4400/5004 | loss 0.0142 | lr 0.072504
2025-10-15 13:42:19,844 | INFO | Iter 4450/5004 | loss 0.0142 | lr 0.072487
2025-10-15 13:42:40,882 | INFO | Iter 4500/5004 | loss 0.0142 | lr 0.072471
2025-10-15 13:43:01,917 | INFO | Iter 4550/5004 | loss 0.0142 | lr 0.072454
2025-10-15 13:43:22,951 | INFO | Iter 4600/5004 | loss 0.0142 | lr 0.072438
2025-10-15 13:43:43,984 | INFO | Iter 4650/5004 | loss 0.0142 | lr 0.072421
2025-10-15 13:44:05,020 | INFO | Iter 4700/5004 | loss 0.0142 | lr 0.072405
2025-10-15 13:44:26,054 | INFO | Iter 4750/5004 | loss 0.0142 | lr 0.072388
2025-10-15 13:44:47,084 | INFO | Iter 4800/5004 | loss 0.0142 | lr 0.072372
2025-10-15 13:45:08,122 | INFO | Iter 4850/5004 | loss 0.0142 | lr 0.072355
2025-10-15 13:45:29,156 | INFO | Iter 4900/5004 | loss 0.0142 | lr 0.072339
2025-10-15 13:45:50,186 | INFO | Iter 4950/5004 | loss 0.0142 | lr 0.072322
2025-10-15 13:46:11,208 | INFO | Iter 5000/5004 | loss 0.0142 | lr 0.072306
2025-10-15 13:47:03,151 | INFO | Epoch 35/90 | Train loss 0.0142 | Val acc@1 56.83 | acc@5 81.66 | LR 0.072306
2025-10-15 13:47:26,167 | INFO | Iter 50/5004 | loss 0.0139 | lr 0.072289
2025-10-15 13:47:47,202 | INFO | Iter 100/5004 | loss 0.0141 | lr 0.072273
2025-10-15 13:48:08,234 | INFO | Iter 150/5004 | loss 0.0141 | lr 0.072256
2025-10-15 13:48:29,265 | INFO | Iter 200/5004 | loss 0.0139 | lr 0.072240
2025-10-15 13:48:50,298 | INFO | Iter 250/5004 | loss 0.0140 | lr 0.072223
2025-10-15 13:49:11,331 | INFO | Iter 300/5004 | loss 0.0139 | lr 0.072206
2025-10-15 13:49:32,366 | INFO | Iter 350/5004 | loss 0.0139 | lr 0.072190
2025-10-15 13:49:53,402 | INFO | Iter 400/5004 | loss 0.0139 | lr 0.072173
2025-10-15 13:50:14,436 | INFO | Iter 450/5004 | loss 0.0140 | lr 0.072157
2025-10-15 13:50:35,470 | INFO | Iter 500/5004 | loss 0.0141 | lr 0.072140
2025-10-15 13:50:56,505 | INFO | Iter 550/5004 | loss 0.0141 | lr 0.072124
2025-10-15 13:51:17,539 | INFO | Iter 600/5004 | loss 0.0141 | lr 0.072107
2025-10-15 13:51:38,573 | INFO | Iter 650/5004 | loss 0.0141 | lr 0.072091
2025-10-15 13:51:59,608 | INFO | Iter 700/5004 | loss 0.0141 | lr 0.072074
2025-10-15 13:52:20,643 | INFO | Iter 750/5004 | loss 0.0140 | lr 0.072057
2025-10-15 13:52:41,678 | INFO | Iter 800/5004 | loss 0.0141 | lr 0.072041
2025-10-15 13:53:02,715 | INFO | Iter 850/5004 | loss 0.0141 | lr 0.072024
2025-10-15 13:53:23,751 | INFO | Iter 900/5004 | loss 0.0141 | lr 0.072008
2025-10-15 13:53:44,784 | INFO | Iter 950/5004 | loss 0.0141 | lr 0.071991
2025-10-15 13:54:05,819 | INFO | Iter 1000/5004 | loss 0.0141 | lr 0.071975
2025-10-15 13:54:26,852 | INFO | Iter 1050/5004 | loss 0.0141 | lr 0.071958
2025-10-15 13:54:47,886 | INFO | Iter 1100/5004 | loss 0.0141 | lr 0.071941
2025-10-15 13:55:08,921 | INFO | Iter 1150/5004 | loss 0.0141 | lr 0.071925
2025-10-15 13:55:29,955 | INFO | Iter 1200/5004 | loss 0.0141 | lr 0.071908
2025-10-15 13:55:50,991 | INFO | Iter 1250/5004 | loss 0.0141 | lr 0.071892
2025-10-15 13:56:12,027 | INFO | Iter 1300/5004 | loss 0.0141 | lr 0.071875
2025-10-15 13:56:33,061 | INFO | Iter 1350/5004 | loss 0.0141 | lr 0.071858
2025-10-15 13:56:54,097 | INFO | Iter 1400/5004 | loss 0.0141 | lr 0.071842
2025-10-15 13:57:15,133 | INFO | Iter 1450/5004 | loss 0.0141 | lr 0.071825
2025-10-15 13:57:36,167 | INFO | Iter 1500/5004 | loss 0.0141 | lr 0.071809
2025-10-15 13:57:57,202 | INFO | Iter 1550/5004 | loss 0.0141 | lr 0.071792
2025-10-15 13:58:18,237 | INFO | Iter 1600/5004 | loss 0.0141 | lr 0.071775
2025-10-15 13:58:39,272 | INFO | Iter 1650/5004 | loss 0.0141 | lr 0.071759
2025-10-15 13:59:00,306 | INFO | Iter 1700/5004 | loss 0.0140 | lr 0.071742
2025-10-15 13:59:21,339 | INFO | Iter 1750/5004 | loss 0.0141 | lr 0.071725
2025-10-15 13:59:42,372 | INFO | Iter 1800/5004 | loss 0.0140 | lr 0.071709
2025-10-15 14:00:03,406 | INFO | Iter 1850/5004 | loss 0.0140 | lr 0.071692
2025-10-15 14:00:24,440 | INFO | Iter 1900/5004 | loss 0.0140 | lr 0.071676
2025-10-15 14:00:45,474 | INFO | Iter 1950/5004 | loss 0.0140 | lr 0.071659
2025-10-15 14:01:06,508 | INFO | Iter 2000/5004 | loss 0.0140 | lr 0.071642
2025-10-15 14:01:27,541 | INFO | Iter 2050/5004 | loss 0.0141 | lr 0.071626
2025-10-15 14:01:48,574 | INFO | Iter 2100/5004 | loss 0.0141 | lr 0.071609
2025-10-15 14:02:09,608 | INFO | Iter 2150/5004 | loss 0.0141 | lr 0.071592
2025-10-15 14:02:30,642 | INFO | Iter 2200/5004 | loss 0.0141 | lr 0.071576
2025-10-15 14:02:51,675 | INFO | Iter 2250/5004 | loss 0.0141 | lr 0.071559
2025-10-15 14:03:12,709 | INFO | Iter 2300/5004 | loss 0.0141 | lr 0.071542
2025-10-15 14:03:33,742 | INFO | Iter 2350/5004 | loss 0.0141 | lr 0.071526
2025-10-15 14:03:54,774 | INFO | Iter 2400/5004 | loss 0.0141 | lr 0.071509
2025-10-15 14:04:15,810 | INFO | Iter 2450/5004 | loss 0.0141 | lr 0.071492
2025-10-15 14:04:36,844 | INFO | Iter 2500/5004 | loss 0.0140 | lr 0.071476
2025-10-15 14:04:57,879 | INFO | Iter 2550/5004 | loss 0.0140 | lr 0.071459
2025-10-15 14:05:18,915 | INFO | Iter 2600/5004 | loss 0.0140 | lr 0.071442
2025-10-15 14:05:39,951 | INFO | Iter 2650/5004 | loss 0.0140 | lr 0.071426
2025-10-15 14:06:00,986 | INFO | Iter 2700/5004 | loss 0.0140 | lr 0.071409
2025-10-15 14:06:22,022 | INFO | Iter 2750/5004 | loss 0.0140 | lr 0.071392
2025-10-15 14:06:43,056 | INFO | Iter 2800/5004 | loss 0.0140 | lr 0.071376
2025-10-15 14:07:04,089 | INFO | Iter 2850/5004 | loss 0.0141 | lr 0.071359
2025-10-15 14:07:25,122 | INFO | Iter 2900/5004 | loss 0.0141 | lr 0.071342
2025-10-15 14:07:46,156 | INFO | Iter 2950/5004 | loss 0.0141 | lr 0.071325
2025-10-15 14:08:07,189 | INFO | Iter 3000/5004 | loss 0.0141 | lr 0.071309
2025-10-15 14:08:28,223 | INFO | Iter 3050/5004 | loss 0.0141 | lr 0.071292
2025-10-15 14:08:49,258 | INFO | Iter 3100/5004 | loss 0.0141 | lr 0.071275
2025-10-15 14:09:10,291 | INFO | Iter 3150/5004 | loss 0.0141 | lr 0.071259
2025-10-15 14:09:31,329 | INFO | Iter 3200/5004 | loss 0.0141 | lr 0.071242
2025-10-15 14:09:52,364 | INFO | Iter 3250/5004 | loss 0.0141 | lr 0.071225
2025-10-15 14:10:13,396 | INFO | Iter 3300/5004 | loss 0.0141 | lr 0.071208
2025-10-15 14:10:34,431 | INFO | Iter 3350/5004 | loss 0.0141 | lr 0.071192
2025-10-15 14:10:55,465 | INFO | Iter 3400/5004 | loss 0.0141 | lr 0.071175
2025-10-15 14:11:16,499 | INFO | Iter 3450/5004 | loss 0.0141 | lr 0.071158
2025-10-15 14:11:37,534 | INFO | Iter 3500/5004 | loss 0.0141 | lr 0.071142
2025-10-15 14:11:58,571 | INFO | Iter 3550/5004 | loss 0.0141 | lr 0.071125
2025-10-15 14:12:19,607 | INFO | Iter 3600/5004 | loss 0.0141 | lr 0.071108
2025-10-15 14:12:40,644 | INFO | Iter 3650/5004 | loss 0.0141 | lr 0.071091
2025-10-15 14:13:01,678 | INFO | Iter 3700/5004 | loss 0.0141 | lr 0.071075
2025-10-15 14:13:22,713 | INFO | Iter 3750/5004 | loss 0.0141 | lr 0.071058
2025-10-15 14:13:43,750 | INFO | Iter 3800/5004 | loss 0.0141 | lr 0.071041
2025-10-15 14:14:04,784 | INFO | Iter 3850/5004 | loss 0.0141 | lr 0.071024
2025-10-15 14:14:25,818 | INFO | Iter 3900/5004 | loss 0.0141 | lr 0.071008
2025-10-15 14:14:46,856 | INFO | Iter 3950/5004 | loss 0.0141 | lr 0.070991
2025-10-15 14:15:07,891 | INFO | Iter 4000/5004 | loss 0.0141 | lr 0.070974
2025-10-15 14:15:28,926 | INFO | Iter 4050/5004 | loss 0.0141 | lr 0.070957
2025-10-15 14:15:49,956 | INFO | Iter 4100/5004 | loss 0.0141 | lr 0.070941
2025-10-15 14:16:10,990 | INFO | Iter 4150/5004 | loss 0.0141 | lr 0.070924
2025-10-15 14:16:32,026 | INFO | Iter 4200/5004 | loss 0.0141 | lr 0.070907
2025-10-15 14:16:53,060 | INFO | Iter 4250/5004 | loss 0.0141 | lr 0.070890
2025-10-15 14:17:14,095 | INFO | Iter 4300/5004 | loss 0.0141 | lr 0.070873
2025-10-15 14:17:35,129 | INFO | Iter 4350/5004 | loss 0.0141 | lr 0.070857
2025-10-15 14:17:56,166 | INFO | Iter 4400/5004 | loss 0.0141 | lr 0.070840
2025-10-15 14:18:17,201 | INFO | Iter 4450/5004 | loss 0.0141 | lr 0.070823
2025-10-15 14:18:38,235 | INFO | Iter 4500/5004 | loss 0.0141 | lr 0.070806
2025-10-15 14:18:59,270 | INFO | Iter 4550/5004 | loss 0.0141 | lr 0.070790
2025-10-15 14:19:20,304 | INFO | Iter 4600/5004 | loss 0.0141 | lr 0.070773
2025-10-15 14:19:41,336 | INFO | Iter 4650/5004 | loss 0.0141 | lr 0.070756
2025-10-15 14:20:02,368 | INFO | Iter 4700/5004 | loss 0.0141 | lr 0.070739
2025-10-15 14:20:23,402 | INFO | Iter 4750/5004 | loss 0.0141 | lr 0.070722
2025-10-15 14:20:44,434 | INFO | Iter 4800/5004 | loss 0.0141 | lr 0.070706
2025-10-15 14:21:05,468 | INFO | Iter 4850/5004 | loss 0.0141 | lr 0.070689
2025-10-15 14:21:26,507 | INFO | Iter 4900/5004 | loss 0.0141 | lr 0.070672
2025-10-15 14:21:47,554 | INFO | Iter 4950/5004 | loss 0.0141 | lr 0.070655
2025-10-15 14:22:08,582 | INFO | Iter 5000/5004 | loss 0.0141 | lr 0.070638
2025-10-15 14:22:57,130 | INFO | Epoch 36/90 | Train loss 0.0141 | Val acc@1 55.60 | acc@5 80.39 | LR 0.070638
2025-10-15 14:23:19,700 | INFO | Iter 50/5004 | loss 0.0145 | lr 0.070621
2025-10-15 14:23:40,734 | INFO | Iter 100/5004 | loss 0.0147 | lr 0.070605
2025-10-15 14:24:01,766 | INFO | Iter 150/5004 | loss 0.0144 | lr 0.070588
2025-10-15 14:24:22,799 | INFO | Iter 200/5004 | loss 0.0144 | lr 0.070571
2025-10-15 14:24:43,836 | INFO | Iter 250/5004 | loss 0.0142 | lr 0.070554
2025-10-15 14:25:04,869 | INFO | Iter 300/5004 | loss 0.0142 | lr 0.070537
2025-10-15 14:25:25,904 | INFO | Iter 350/5004 | loss 0.0142 | lr 0.070520
2025-10-15 14:25:46,939 | INFO | Iter 400/5004 | loss 0.0141 | lr 0.070504
2025-10-15 14:26:07,973 | INFO | Iter 450/5004 | loss 0.0140 | lr 0.070487
2025-10-15 14:26:29,008 | INFO | Iter 500/5004 | loss 0.0141 | lr 0.070470
2025-10-15 14:26:50,043 | INFO | Iter 550/5004 | loss 0.0140 | lr 0.070453
2025-10-15 14:27:11,074 | INFO | Iter 600/5004 | loss 0.0140 | lr 0.070436
2025-10-15 14:27:32,111 | INFO | Iter 650/5004 | loss 0.0140 | lr 0.070419
2025-10-15 14:27:53,146 | INFO | Iter 700/5004 | loss 0.0141 | lr 0.070403
2025-10-15 14:28:14,180 | INFO | Iter 750/5004 | loss 0.0140 | lr 0.070386
2025-10-15 14:28:35,213 | INFO | Iter 800/5004 | loss 0.0140 | lr 0.070369
2025-10-15 14:28:56,247 | INFO | Iter 850/5004 | loss 0.0141 | lr 0.070352
2025-10-15 14:29:17,281 | INFO | Iter 900/5004 | loss 0.0141 | lr 0.070335
2025-10-15 14:29:38,316 | INFO | Iter 950/5004 | loss 0.0141 | lr 0.070318
2025-10-15 14:29:59,352 | INFO | Iter 1000/5004 | loss 0.0141 | lr 0.070301
2025-10-15 14:30:20,387 | INFO | Iter 1050/5004 | loss 0.0141 | lr 0.070284
2025-10-15 14:30:41,417 | INFO | Iter 1100/5004 | loss 0.0141 | lr 0.070268
2025-10-15 14:31:02,452 | INFO | Iter 1150/5004 | loss 0.0141 | lr 0.070251
2025-10-15 14:31:23,486 | INFO | Iter 1200/5004 | loss 0.0141 | lr 0.070234
2025-10-15 14:31:44,518 | INFO | Iter 1250/5004 | loss 0.0141 | lr 0.070217
2025-10-15 14:32:05,551 | INFO | Iter 1300/5004 | loss 0.0141 | lr 0.070200
2025-10-15 14:32:26,586 | INFO | Iter 1350/5004 | loss 0.0141 | lr 0.070183
2025-10-15 14:32:47,618 | INFO | Iter 1400/5004 | loss 0.0141 | lr 0.070166
2025-10-15 14:33:08,655 | INFO | Iter 1450/5004 | loss 0.0141 | lr 0.070149
2025-10-15 14:33:29,690 | INFO | Iter 1500/5004 | loss 0.0140 | lr 0.070132
2025-10-15 14:33:50,725 | INFO | Iter 1550/5004 | loss 0.0140 | lr 0.070116
2025-10-15 14:34:11,759 | INFO | Iter 1600/5004 | loss 0.0141 | lr 0.070099
2025-10-15 14:34:32,794 | INFO | Iter 1650/5004 | loss 0.0141 | lr 0.070082
2025-10-15 14:34:53,828 | INFO | Iter 1700/5004 | loss 0.0140 | lr 0.070065
2025-10-15 14:35:14,863 | INFO | Iter 1750/5004 | loss 0.0140 | lr 0.070048
2025-10-15 14:35:35,896 | INFO | Iter 1800/5004 | loss 0.0141 | lr 0.070031
2025-10-15 14:35:56,930 | INFO | Iter 1850/5004 | loss 0.0141 | lr 0.070014
2025-10-15 14:36:17,965 | INFO | Iter 1900/5004 | loss 0.0141 | lr 0.069997
2025-10-15 14:36:38,998 | INFO | Iter 1950/5004 | loss 0.0141 | lr 0.069980
2025-10-15 14:37:00,031 | INFO | Iter 2000/5004 | loss 0.0141 | lr 0.069963
2025-10-15 14:37:21,065 | INFO | Iter 2050/5004 | loss 0.0141 | lr 0.069946
2025-10-15 14:37:42,100 | INFO | Iter 2100/5004 | loss 0.0141 | lr 0.069929
2025-10-15 14:38:03,134 | INFO | Iter 2150/5004 | loss 0.0141 | lr 0.069913
2025-10-15 14:38:24,167 | INFO | Iter 2200/5004 | loss 0.0141 | lr 0.069896
2025-10-15 14:38:45,204 | INFO | Iter 2250/5004 | loss 0.0141 | lr 0.069879
2025-10-15 14:39:06,238 | INFO | Iter 2300/5004 | loss 0.0141 | lr 0.069862
2025-10-15 14:39:27,273 | INFO | Iter 2350/5004 | loss 0.0141 | lr 0.069845
2025-10-15 14:39:48,306 | INFO | Iter 2400/5004 | loss 0.0141 | lr 0.069828
2025-10-15 14:40:09,342 | INFO | Iter 2450/5004 | loss 0.0141 | lr 0.069811
2025-10-15 14:40:30,378 | INFO | Iter 2500/5004 | loss 0.0141 | lr 0.069794
2025-10-15 14:40:51,411 | INFO | Iter 2550/5004 | loss 0.0141 | lr 0.069777
2025-10-15 14:41:12,442 | INFO | Iter 2600/5004 | loss 0.0141 | lr 0.069760
2025-10-15 14:41:33,475 | INFO | Iter 2650/5004 | loss 0.0141 | lr 0.069743
2025-10-15 14:41:54,510 | INFO | Iter 2700/5004 | loss 0.0141 | lr 0.069726
2025-10-15 14:42:15,541 | INFO | Iter 2750/5004 | loss 0.0141 | lr 0.069709
2025-10-15 14:42:36,571 | INFO | Iter 2800/5004 | loss 0.0141 | lr 0.069692
2025-10-15 14:42:57,607 | INFO | Iter 2850/5004 | loss 0.0141 | lr 0.069675
2025-10-15 14:43:18,641 | INFO | Iter 2900/5004 | loss 0.0141 | lr 0.069658
2025-10-15 14:43:39,673 | INFO | Iter 2950/5004 | loss 0.0141 | lr 0.069641
2025-10-15 14:44:00,708 | INFO | Iter 3000/5004 | loss 0.0141 | lr 0.069624
2025-10-15 14:44:21,741 | INFO | Iter 3050/5004 | loss 0.0141 | lr 0.069607
2025-10-15 14:44:42,772 | INFO | Iter 3100/5004 | loss 0.0141 | lr 0.069590
2025-10-15 14:45:03,807 | INFO | Iter 3150/5004 | loss 0.0141 | lr 0.069573
2025-10-15 14:45:24,842 | INFO | Iter 3200/5004 | loss 0.0141 | lr 0.069556
2025-10-15 14:45:45,875 | INFO | Iter 3250/5004 | loss 0.0141 | lr 0.069539
2025-10-15 14:46:06,911 | INFO | Iter 3300/5004 | loss 0.0141 | lr 0.069522
2025-10-15 14:46:27,946 | INFO | Iter 3350/5004 | loss 0.0141 | lr 0.069505
2025-10-15 14:46:48,983 | INFO | Iter 3400/5004 | loss 0.0141 | lr 0.069488
2025-10-15 14:47:10,017 | INFO | Iter 3450/5004 | loss 0.0141 | lr 0.069471
2025-10-15 14:47:31,052 | INFO | Iter 3500/5004 | loss 0.0141 | lr 0.069454
2025-10-15 14:47:52,086 | INFO | Iter 3550/5004 | loss 0.0140 | lr 0.069437
2025-10-15 14:48:13,119 | INFO | Iter 3600/5004 | loss 0.0140 | lr 0.069420
2025-10-15 14:48:34,153 | INFO | Iter 3650/5004 | loss 0.0140 | lr 0.069403
2025-10-15 14:48:55,187 | INFO | Iter 3700/5004 | loss 0.0140 | lr 0.069386
2025-10-15 14:49:16,222 | INFO | Iter 3750/5004 | loss 0.0140 | lr 0.069369
2025-10-15 14:49:37,255 | INFO | Iter 3800/5004 | loss 0.0141 | lr 0.069352
2025-10-15 14:49:58,289 | INFO | Iter 3850/5004 | loss 0.0141 | lr 0.069335
2025-10-15 14:50:19,324 | INFO | Iter 3900/5004 | loss 0.0140 | lr 0.069318
2025-10-15 14:50:40,360 | INFO | Iter 3950/5004 | loss 0.0140 | lr 0.069301
2025-10-15 14:51:01,393 | INFO | Iter 4000/5004 | loss 0.0140 | lr 0.069284
2025-10-15 14:51:22,426 | INFO | Iter 4050/5004 | loss 0.0141 | lr 0.069267
2025-10-15 14:51:43,460 | INFO | Iter 4100/5004 | loss 0.0141 | lr 0.069250
2025-10-15 14:52:04,492 | INFO | Iter 4150/5004 | loss 0.0140 | lr 0.069233
2025-10-15 14:52:25,525 | INFO | Iter 4200/5004 | loss 0.0141 | lr 0.069216
2025-10-15 14:52:46,559 | INFO | Iter 4250/5004 | loss 0.0141 | lr 0.069199
2025-10-15 14:53:07,591 | INFO | Iter 4300/5004 | loss 0.0141 | lr 0.069182
2025-10-15 14:53:28,623 | INFO | Iter 4350/5004 | loss 0.0141 | lr 0.069165
2025-10-15 14:53:49,658 | INFO | Iter 4400/5004 | loss 0.0141 | lr 0.069148
2025-10-15 14:54:10,693 | INFO | Iter 4450/5004 | loss 0.0141 | lr 0.069131
2025-10-15 14:54:31,728 | INFO | Iter 4500/5004 | loss 0.0141 | lr 0.069113
2025-10-15 14:54:52,762 | INFO | Iter 4550/5004 | loss 0.0141 | lr 0.069096
2025-10-15 14:55:13,796 | INFO | Iter 4600/5004 | loss 0.0141 | lr 0.069079
2025-10-15 14:55:34,831 | INFO | Iter 4650/5004 | loss 0.0141 | lr 0.069062
2025-10-15 14:55:55,864 | INFO | Iter 4700/5004 | loss 0.0141 | lr 0.069045
2025-10-15 14:56:16,896 | INFO | Iter 4750/5004 | loss 0.0141 | lr 0.069028
2025-10-15 14:56:37,927 | INFO | Iter 4800/5004 | loss 0.0140 | lr 0.069011
2025-10-15 14:56:58,957 | INFO | Iter 4850/5004 | loss 0.0141 | lr 0.068994
2025-10-15 14:57:19,992 | INFO | Iter 4900/5004 | loss 0.0141 | lr 0.068977
2025-10-15 14:57:41,026 | INFO | Iter 4950/5004 | loss 0.0141 | lr 0.068960
2025-10-15 14:58:02,052 | INFO | Iter 5000/5004 | loss 0.0141 | lr 0.068943
2025-10-15 14:58:53,256 | INFO | Epoch 37/90 | Train loss 0.0141 | Val acc@1 56.91 | acc@5 81.50 | LR 0.068943
2025-10-15 14:59:16,332 | INFO | Iter 50/5004 | loss 0.0137 | lr 0.068926
2025-10-15 14:59:37,366 | INFO | Iter 100/5004 | loss 0.0140 | lr 0.068909
2025-10-15 14:59:58,400 | INFO | Iter 150/5004 | loss 0.0140 | lr 0.068891
2025-10-15 15:00:19,431 | INFO | Iter 200/5004 | loss 0.0140 | lr 0.068874
2025-10-15 15:00:40,467 | INFO | Iter 250/5004 | loss 0.0139 | lr 0.068857
2025-10-15 15:01:01,500 | INFO | Iter 300/5004 | loss 0.0139 | lr 0.068840
2025-10-15 15:01:22,535 | INFO | Iter 350/5004 | loss 0.0139 | lr 0.068823
2025-10-15 15:01:43,566 | INFO | Iter 400/5004 | loss 0.0141 | lr 0.068806
2025-10-15 15:02:04,597 | INFO | Iter 450/5004 | loss 0.0139 | lr 0.068789
2025-10-15 15:02:25,634 | INFO | Iter 500/5004 | loss 0.0139 | lr 0.068772
2025-10-15 15:02:46,670 | INFO | Iter 550/5004 | loss 0.0140 | lr 0.068755
2025-10-15 15:03:07,708 | INFO | Iter 600/5004 | loss 0.0140 | lr 0.068737
2025-10-15 15:03:28,743 | INFO | Iter 650/5004 | loss 0.0140 | lr 0.068720
2025-10-15 15:03:49,780 | INFO | Iter 700/5004 | loss 0.0139 | lr 0.068703
2025-10-15 15:04:10,812 | INFO | Iter 750/5004 | loss 0.0140 | lr 0.068686
2025-10-15 15:04:31,846 | INFO | Iter 800/5004 | loss 0.0140 | lr 0.068669
2025-10-15 15:04:52,880 | INFO | Iter 850/5004 | loss 0.0140 | lr 0.068652
2025-10-15 15:05:13,912 | INFO | Iter 900/5004 | loss 0.0139 | lr 0.068635
2025-10-15 15:05:34,945 | INFO | Iter 950/5004 | loss 0.0139 | lr 0.068618
2025-10-15 15:05:55,979 | INFO | Iter 1000/5004 | loss 0.0140 | lr 0.068600
2025-10-15 15:06:17,015 | INFO | Iter 1050/5004 | loss 0.0140 | lr 0.068583
2025-10-15 15:06:38,049 | INFO | Iter 1100/5004 | loss 0.0139 | lr 0.068566
2025-10-15 15:06:59,082 | INFO | Iter 1150/5004 | loss 0.0139 | lr 0.068549
2025-10-15 15:07:20,114 | INFO | Iter 1200/5004 | loss 0.0140 | lr 0.068532
2025-10-15 15:07:41,148 | INFO | Iter 1250/5004 | loss 0.0139 | lr 0.068515
2025-10-15 15:08:02,183 | INFO | Iter 1300/5004 | loss 0.0139 | lr 0.068498
2025-10-15 15:08:23,219 | INFO | Iter 1350/5004 | loss 0.0139 | lr 0.068480
2025-10-15 15:08:44,252 | INFO | Iter 1400/5004 | loss 0.0140 | lr 0.068463
2025-10-15 15:09:05,287 | INFO | Iter 1450/5004 | loss 0.0140 | lr 0.068446
2025-10-15 15:09:26,320 | INFO | Iter 1500/5004 | loss 0.0140 | lr 0.068429
2025-10-15 15:09:47,356 | INFO | Iter 1550/5004 | loss 0.0140 | lr 0.068412
2025-10-15 15:10:08,392 | INFO | Iter 1600/5004 | loss 0.0140 | lr 0.068395
2025-10-15 15:10:29,427 | INFO | Iter 1650/5004 | loss 0.0140 | lr 0.068377
2025-10-15 15:10:50,459 | INFO | Iter 1700/5004 | loss 0.0140 | lr 0.068360
2025-10-15 15:11:11,492 | INFO | Iter 1750/5004 | loss 0.0140 | lr 0.068343
2025-10-15 15:11:32,526 | INFO | Iter 1800/5004 | loss 0.0140 | lr 0.068326
2025-10-15 15:11:53,561 | INFO | Iter 1850/5004 | loss 0.0140 | lr 0.068309
2025-10-15 15:12:14,590 | INFO | Iter 1900/5004 | loss 0.0140 | lr 0.068292
2025-10-15 15:12:35,626 | INFO | Iter 1950/5004 | loss 0.0140 | lr 0.068274
2025-10-15 15:12:56,659 | INFO | Iter 2000/5004 | loss 0.0140 | lr 0.068257
2025-10-15 15:13:17,693 | INFO | Iter 2050/5004 | loss 0.0140 | lr 0.068240
2025-10-15 15:13:38,728 | INFO | Iter 2100/5004 | loss 0.0140 | lr 0.068223
2025-10-15 15:13:59,765 | INFO | Iter 2150/5004 | loss 0.0140 | lr 0.068206
2025-10-15 15:14:20,797 | INFO | Iter 2200/5004 | loss 0.0140 | lr 0.068188
2025-10-15 15:14:41,833 | INFO | Iter 2250/5004 | loss 0.0140 | lr 0.068171
2025-10-15 15:15:02,865 | INFO | Iter 2300/5004 | loss 0.0140 | lr 0.068154
2025-10-15 15:15:23,896 | INFO | Iter 2350/5004 | loss 0.0140 | lr 0.068137
2025-10-15 15:15:44,930 | INFO | Iter 2400/5004 | loss 0.0140 | lr 0.068120
2025-10-15 15:16:05,968 | INFO | Iter 2450/5004 | loss 0.0140 | lr 0.068102
2025-10-15 15:16:27,002 | INFO | Iter 2500/5004 | loss 0.0140 | lr 0.068085
2025-10-15 15:16:48,035 | INFO | Iter 2550/5004 | loss 0.0140 | lr 0.068068
2025-10-15 15:17:09,068 | INFO | Iter 2600/5004 | loss 0.0140 | lr 0.068051
2025-10-15 15:17:30,102 | INFO | Iter 2650/5004 | loss 0.0140 | lr 0.068033
2025-10-15 15:17:51,138 | INFO | Iter 2700/5004 | loss 0.0140 | lr 0.068016
2025-10-15 15:18:12,174 | INFO | Iter 2750/5004 | loss 0.0140 | lr 0.067999
2025-10-15 15:18:33,209 | INFO | Iter 2800/5004 | loss 0.0140 | lr 0.067982
2025-10-15 15:18:54,243 | INFO | Iter 2850/5004 | loss 0.0140 | lr 0.067965
2025-10-15 15:19:15,279 | INFO | Iter 2900/5004 | loss 0.0140 | lr 0.067947
2025-10-15 15:19:36,312 | INFO | Iter 2950/5004 | loss 0.0140 | lr 0.067930
2025-10-15 15:19:57,347 | INFO | Iter 3000/5004 | loss 0.0140 | lr 0.067913
2025-10-15 15:20:18,382 | INFO | Iter 3050/5004 | loss 0.0140 | lr 0.067896
2025-10-15 15:20:39,416 | INFO | Iter 3100/5004 | loss 0.0140 | lr 0.067878
2025-10-15 15:21:00,448 | INFO | Iter 3150/5004 | loss 0.0140 | lr 0.067861
2025-10-15 15:21:21,482 | INFO | Iter 3200/5004 | loss 0.0140 | lr 0.067844
2025-10-15 15:21:42,518 | INFO | Iter 3250/5004 | loss 0.0140 | lr 0.067827
2025-10-15 15:22:03,554 | INFO | Iter 3300/5004 | loss 0.0140 | lr 0.067809
2025-10-15 15:22:24,590 | INFO | Iter 3350/5004 | loss 0.0140 | lr 0.067792
2025-10-15 15:22:45,624 | INFO | Iter 3400/5004 | loss 0.0140 | lr 0.067775
2025-10-15 15:23:06,660 | INFO | Iter 3450/5004 | loss 0.0140 | lr 0.067758
2025-10-15 15:23:27,695 | INFO | Iter 3500/5004 | loss 0.0140 | lr 0.067740
2025-10-15 15:23:48,730 | INFO | Iter 3550/5004 | loss 0.0140 | lr 0.067723
2025-10-15 15:24:09,766 | INFO | Iter 3600/5004 | loss 0.0140 | lr 0.067706
2025-10-15 15:24:30,801 | INFO | Iter 3650/5004 | loss 0.0140 | lr 0.067689
2025-10-15 15:24:51,833 | INFO | Iter 3700/5004 | loss 0.0140 | lr 0.067671
2025-10-15 15:25:12,867 | INFO | Iter 3750/5004 | loss 0.0140 | lr 0.067654
2025-10-15 15:25:33,904 | INFO | Iter 3800/5004 | loss 0.0140 | lr 0.067637
2025-10-15 15:25:54,937 | INFO | Iter 3850/5004 | loss 0.0140 | lr 0.067619
2025-10-15 15:26:15,967 | INFO | Iter 3900/5004 | loss 0.0140 | lr 0.067602
2025-10-15 15:26:37,000 | INFO | Iter 3950/5004 | loss 0.0140 | lr 0.067585
2025-10-15 15:26:58,037 | INFO | Iter 4000/5004 | loss 0.0140 | lr 0.067568
2025-10-15 15:27:19,072 | INFO | Iter 4050/5004 | loss 0.0140 | lr 0.067550
2025-10-15 15:27:40,111 | INFO | Iter 4100/5004 | loss 0.0140 | lr 0.067533
2025-10-15 15:28:01,148 | INFO | Iter 4150/5004 | loss 0.0140 | lr 0.067516
2025-10-15 15:28:22,182 | INFO | Iter 4200/5004 | loss 0.0140 | lr 0.067498
2025-10-15 15:28:43,215 | INFO | Iter 4250/5004 | loss 0.0140 | lr 0.067481
2025-10-15 15:29:04,247 | INFO | Iter 4300/5004 | loss 0.0140 | lr 0.067464
2025-10-15 15:29:25,281 | INFO | Iter 4350/5004 | loss 0.0140 | lr 0.067447
2025-10-15 15:29:46,314 | INFO | Iter 4400/5004 | loss 0.0140 | lr 0.067429
2025-10-15 15:30:07,347 | INFO | Iter 4450/5004 | loss 0.0140 | lr 0.067412
2025-10-15 15:30:28,379 | INFO | Iter 4500/5004 | loss 0.0140 | lr 0.067395
2025-10-15 15:30:49,415 | INFO | Iter 4550/5004 | loss 0.0140 | lr 0.067377
2025-10-15 15:31:10,450 | INFO | Iter 4600/5004 | loss 0.0140 | lr 0.067360
2025-10-15 15:31:31,486 | INFO | Iter 4650/5004 | loss 0.0140 | lr 0.067343
2025-10-15 15:31:52,520 | INFO | Iter 4700/5004 | loss 0.0140 | lr 0.067325
2025-10-15 15:32:13,551 | INFO | Iter 4750/5004 | loss 0.0140 | lr 0.067308
2025-10-15 15:32:34,581 | INFO | Iter 4800/5004 | loss 0.0140 | lr 0.067291
2025-10-15 15:32:55,613 | INFO | Iter 4850/5004 | loss 0.0140 | lr 0.067273
2025-10-15 15:33:16,647 | INFO | Iter 4900/5004 | loss 0.0140 | lr 0.067256
2025-10-15 15:33:37,678 | INFO | Iter 4950/5004 | loss 0.0140 | lr 0.067239
2025-10-15 15:33:58,700 | INFO | Iter 5000/5004 | loss 0.0140 | lr 0.067221
2025-10-15 15:34:50,063 | INFO | Epoch 38/90 | Train loss 0.0140 | Val acc@1 58.96 | acc@5 82.92 | LR 0.067221
2025-10-15 15:35:12,700 | INFO | Iter 50/5004 | loss 0.0144 | lr 0.067204
2025-10-15 15:35:33,733 | INFO | Iter 100/5004 | loss 0.0136 | lr 0.067187
2025-10-15 15:35:54,766 | INFO | Iter 150/5004 | loss 0.0135 | lr 0.067169
2025-10-15 15:36:15,799 | INFO | Iter 200/5004 | loss 0.0139 | lr 0.067152
2025-10-15 15:36:36,832 | INFO | Iter 250/5004 | loss 0.0140 | lr 0.067135
2025-10-15 15:36:57,864 | INFO | Iter 300/5004 | loss 0.0140 | lr 0.067117
2025-10-15 15:37:18,897 | INFO | Iter 350/5004 | loss 0.0140 | lr 0.067100
2025-10-15 15:37:39,930 | INFO | Iter 400/5004 | loss 0.0141 | lr 0.067083
2025-10-15 15:38:00,963 | INFO | Iter 450/5004 | loss 0.0142 | lr 0.067065
2025-10-15 15:38:21,997 | INFO | Iter 500/5004 | loss 0.0141 | lr 0.067048
2025-10-15 15:38:43,030 | INFO | Iter 550/5004 | loss 0.0141 | lr 0.067031
2025-10-15 15:39:04,065 | INFO | Iter 600/5004 | loss 0.0141 | lr 0.067013
2025-10-15 15:39:25,099 | INFO | Iter 650/5004 | loss 0.0141 | lr 0.066996
2025-10-15 15:39:46,134 | INFO | Iter 700/5004 | loss 0.0141 | lr 0.066978
2025-10-15 15:40:07,172 | INFO | Iter 750/5004 | loss 0.0141 | lr 0.066961
2025-10-15 15:40:28,207 | INFO | Iter 800/5004 | loss 0.0141 | lr 0.066944
2025-10-15 15:40:49,240 | INFO | Iter 850/5004 | loss 0.0141 | lr 0.066926
2025-10-15 15:41:10,269 | INFO | Iter 900/5004 | loss 0.0141 | lr 0.066909
2025-10-15 15:41:31,304 | INFO | Iter 950/5004 | loss 0.0141 | lr 0.066892
2025-10-15 15:41:52,339 | INFO | Iter 1000/5004 | loss 0.0141 | lr 0.066874
2025-10-15 15:42:13,374 | INFO | Iter 1050/5004 | loss 0.0141 | lr 0.066857
2025-10-15 15:42:34,406 | INFO | Iter 1100/5004 | loss 0.0141 | lr 0.066839
2025-10-15 15:42:55,438 | INFO | Iter 1150/5004 | loss 0.0140 | lr 0.066822
2025-10-15 15:43:16,474 | INFO | Iter 1200/5004 | loss 0.0140 | lr 0.066805
2025-10-15 15:43:37,511 | INFO | Iter 1250/5004 | loss 0.0140 | lr 0.066787
2025-10-15 15:43:58,547 | INFO | Iter 1300/5004 | loss 0.0140 | lr 0.066770
2025-10-15 15:44:19,581 | INFO | Iter 1350/5004 | loss 0.0140 | lr 0.066752
2025-10-15 15:44:40,613 | INFO | Iter 1400/5004 | loss 0.0140 | lr 0.066735
2025-10-15 15:45:01,646 | INFO | Iter 1450/5004 | loss 0.0140 | lr 0.066718
2025-10-15 15:45:22,679 | INFO | Iter 1500/5004 | loss 0.0140 | lr 0.066700
2025-10-15 15:45:43,712 | INFO | Iter 1550/5004 | loss 0.0140 | lr 0.066683
2025-10-15 15:46:04,744 | INFO | Iter 1600/5004 | loss 0.0140 | lr 0.066665
2025-10-15 15:46:25,779 | INFO | Iter 1650/5004 | loss 0.0140 | lr 0.066648
2025-10-15 15:46:46,812 | INFO | Iter 1700/5004 | loss 0.0140 | lr 0.066631
2025-10-15 15:47:07,844 | INFO | Iter 1750/5004 | loss 0.0140 | lr 0.066613
2025-10-15 15:47:28,880 | INFO | Iter 1800/5004 | loss 0.0140 | lr 0.066596
2025-10-15 15:47:49,913 | INFO | Iter 1850/5004 | loss 0.0140 | lr 0.066578
2025-10-15 15:48:10,946 | INFO | Iter 1900/5004 | loss 0.0140 | lr 0.066561
2025-10-15 15:48:31,979 | INFO | Iter 1950/5004 | loss 0.0140 | lr 0.066544
2025-10-15 15:48:53,011 | INFO | Iter 2000/5004 | loss 0.0140 | lr 0.066526
2025-10-15 15:49:14,045 | INFO | Iter 2050/5004 | loss 0.0139 | lr 0.066509
2025-10-15 15:49:35,080 | INFO | Iter 2100/5004 | loss 0.0139 | lr 0.066491
2025-10-15 15:49:56,116 | INFO | Iter 2150/5004 | loss 0.0139 | lr 0.066474
2025-10-15 15:50:17,148 | INFO | Iter 2200/5004 | loss 0.0139 | lr 0.066456
2025-10-15 15:50:38,181 | INFO | Iter 2250/5004 | loss 0.0140 | lr 0.066439
2025-10-15 15:50:59,215 | INFO | Iter 2300/5004 | loss 0.0140 | lr 0.066421
2025-10-15 15:51:20,250 | INFO | Iter 2350/5004 | loss 0.0140 | lr 0.066404
2025-10-15 15:51:41,286 | INFO | Iter 2400/5004 | loss 0.0140 | lr 0.066387
2025-10-15 15:52:02,319 | INFO | Iter 2450/5004 | loss 0.0140 | lr 0.066369
2025-10-15 15:52:23,352 | INFO | Iter 2500/5004 | loss 0.0140 | lr 0.066352
2025-10-15 15:52:44,384 | INFO | Iter 2550/5004 | loss 0.0139 | lr 0.066334
2025-10-15 15:53:05,419 | INFO | Iter 2600/5004 | loss 0.0140 | lr 0.066317
2025-10-15 15:53:26,454 | INFO | Iter 2650/5004 | loss 0.0140 | lr 0.066299
2025-10-15 15:53:47,485 | INFO | Iter 2700/5004 | loss 0.0139 | lr 0.066282
2025-10-15 15:54:08,519 | INFO | Iter 2750/5004 | loss 0.0139 | lr 0.066264
2025-10-15 15:54:29,555 | INFO | Iter 2800/5004 | loss 0.0139 | lr 0.066247
2025-10-15 15:54:50,588 | INFO | Iter 2850/5004 | loss 0.0140 | lr 0.066230
2025-10-15 15:55:11,621 | INFO | Iter 2900/5004 | loss 0.0140 | lr 0.066212
2025-10-15 15:55:32,656 | INFO | Iter 2950/5004 | loss 0.0139 | lr 0.066195
2025-10-15 15:55:53,690 | INFO | Iter 3000/5004 | loss 0.0139 | lr 0.066177
2025-10-15 15:56:14,723 | INFO | Iter 3050/5004 | loss 0.0139 | lr 0.066160
2025-10-15 15:56:35,757 | INFO | Iter 3100/5004 | loss 0.0139 | lr 0.066142
2025-10-15 15:56:56,791 | INFO | Iter 3150/5004 | loss 0.0139 | lr 0.066125
2025-10-15 15:57:17,824 | INFO | Iter 3200/5004 | loss 0.0139 | lr 0.066107
2025-10-15 15:57:38,856 | INFO | Iter 3250/5004 | loss 0.0139 | lr 0.066090
2025-10-15 15:57:59,888 | INFO | Iter 3300/5004 | loss 0.0139 | lr 0.066072
2025-10-15 15:58:20,922 | INFO | Iter 3350/5004 | loss 0.0139 | lr 0.066055
2025-10-15 15:58:41,958 | INFO | Iter 3400/5004 | loss 0.0139 | lr 0.066037
2025-10-15 15:59:02,991 | INFO | Iter 3450/5004 | loss 0.0139 | lr 0.066020
2025-10-15 15:59:24,027 | INFO | Iter 3500/5004 | loss 0.0139 | lr 0.066002
2025-10-15 15:59:45,061 | INFO | Iter 3550/5004 | loss 0.0139 | lr 0.065985
2025-10-15 16:00:06,094 | INFO | Iter 3600/5004 | loss 0.0139 | lr 0.065967
2025-10-15 16:00:27,128 | INFO | Iter 3650/5004 | loss 0.0139 | lr 0.065950
2025-10-15 16:00:48,161 | INFO | Iter 3700/5004 | loss 0.0139 | lr 0.065932
2025-10-15 16:01:09,196 | INFO | Iter 3750/5004 | loss 0.0139 | lr 0.065915
2025-10-15 16:01:30,230 | INFO | Iter 3800/5004 | loss 0.0139 | lr 0.065897
2025-10-15 16:01:51,263 | INFO | Iter 3850/5004 | loss 0.0139 | lr 0.065880
2025-10-15 16:02:12,297 | INFO | Iter 3900/5004 | loss 0.0139 | lr 0.065862
2025-10-15 16:02:33,330 | INFO | Iter 3950/5004 | loss 0.0139 | lr 0.065845
2025-10-15 16:02:54,364 | INFO | Iter 4000/5004 | loss 0.0139 | lr 0.065827
2025-10-15 16:03:15,398 | INFO | Iter 4050/5004 | loss 0.0139 | lr 0.065810
2025-10-15 16:03:36,432 | INFO | Iter 4100/5004 | loss 0.0139 | lr 0.065792
2025-10-15 16:03:57,468 | INFO | Iter 4150/5004 | loss 0.0139 | lr 0.065775
2025-10-15 16:04:18,502 | INFO | Iter 4200/5004 | loss 0.0139 | lr 0.065757
2025-10-15 16:04:39,533 | INFO | Iter 4250/5004 | loss 0.0139 | lr 0.065740
2025-10-15 16:05:00,566 | INFO | Iter 4300/5004 | loss 0.0139 | lr 0.065722
2025-10-15 16:05:21,601 | INFO | Iter 4350/5004 | loss 0.0139 | lr 0.065705
2025-10-15 16:05:42,636 | INFO | Iter 4400/5004 | loss 0.0139 | lr 0.065687
2025-10-15 16:06:03,669 | INFO | Iter 4450/5004 | loss 0.0139 | lr 0.065669
2025-10-15 16:06:24,704 | INFO | Iter 4500/5004 | loss 0.0139 | lr 0.065652
2025-10-15 16:06:45,736 | INFO | Iter 4550/5004 | loss 0.0139 | lr 0.065634
2025-10-15 16:07:06,770 | INFO | Iter 4600/5004 | loss 0.0139 | lr 0.065617
2025-10-15 16:07:27,801 | INFO | Iter 4650/5004 | loss 0.0139 | lr 0.065599
2025-10-15 16:07:48,836 | INFO | Iter 4700/5004 | loss 0.0139 | lr 0.065582
2025-10-15 16:08:09,872 | INFO | Iter 4750/5004 | loss 0.0139 | lr 0.065564
2025-10-15 16:08:30,901 | INFO | Iter 4800/5004 | loss 0.0139 | lr 0.065547
2025-10-15 16:08:51,932 | INFO | Iter 4850/5004 | loss 0.0139 | lr 0.065529
2025-10-15 16:09:12,967 | INFO | Iter 4900/5004 | loss 0.0139 | lr 0.065512
2025-10-15 16:09:34,008 | INFO | Iter 4950/5004 | loss 0.0139 | lr 0.065494
2025-10-15 16:09:55,038 | INFO | Iter 5000/5004 | loss 0.0140 | lr 0.065476
2025-10-15 16:10:43,423 | INFO | Epoch 39/90 | Train loss 0.0140 | Val acc@1 58.63 | acc@5 82.45 | LR 0.065476
2025-10-15 16:11:06,353 | INFO | Iter 50/5004 | loss 0.0146 | lr 0.065459
2025-10-15 16:11:27,385 | INFO | Iter 100/5004 | loss 0.0141 | lr 0.065441
2025-10-15 16:11:48,418 | INFO | Iter 150/5004 | loss 0.0141 | lr 0.065424
2025-10-15 16:12:09,449 | INFO | Iter 200/5004 | loss 0.0140 | lr 0.065406
2025-10-15 16:12:30,482 | INFO | Iter 250/5004 | loss 0.0140 | lr 0.065389
2025-10-15 16:12:51,516 | INFO | Iter 300/5004 | loss 0.0139 | lr 0.065371
2025-10-15 16:13:12,551 | INFO | Iter 350/5004 | loss 0.0140 | lr 0.065354
2025-10-15 16:13:33,586 | INFO | Iter 400/5004 | loss 0.0140 | lr 0.065336
2025-10-15 16:13:54,619 | INFO | Iter 450/5004 | loss 0.0139 | lr 0.065318
2025-10-15 16:14:15,650 | INFO | Iter 500/5004 | loss 0.0139 | lr 0.065301
2025-10-15 16:14:36,683 | INFO | Iter 550/5004 | loss 0.0139 | lr 0.065283
2025-10-15 16:14:57,718 | INFO | Iter 600/5004 | loss 0.0140 | lr 0.065266
2025-10-15 16:15:18,753 | INFO | Iter 650/5004 | loss 0.0140 | lr 0.065248
2025-10-15 16:15:39,782 | INFO | Iter 700/5004 | loss 0.0139 | lr 0.065230
2025-10-15 16:16:00,816 | INFO | Iter 750/5004 | loss 0.0139 | lr 0.065213
2025-10-15 16:16:21,851 | INFO | Iter 800/5004 | loss 0.0139 | lr 0.065195
2025-10-15 16:16:42,885 | INFO | Iter 850/5004 | loss 0.0139 | lr 0.065178
2025-10-15 16:17:03,921 | INFO | Iter 900/5004 | loss 0.0139 | lr 0.065160
2025-10-15 16:17:24,955 | INFO | Iter 950/5004 | loss 0.0139 | lr 0.065142
2025-10-15 16:17:45,991 | INFO | Iter 1000/5004 | loss 0.0138 | lr 0.065125
2025-10-15 16:18:07,025 | INFO | Iter 1050/5004 | loss 0.0138 | lr 0.065107
2025-10-15 16:18:28,059 | INFO | Iter 1100/5004 | loss 0.0138 | lr 0.065090
2025-10-15 16:18:49,092 | INFO | Iter 1150/5004 | loss 0.0138 | lr 0.065072
2025-10-15 16:19:10,127 | INFO | Iter 1200/5004 | loss 0.0138 | lr 0.065054
2025-10-15 16:19:31,166 | INFO | Iter 1250/5004 | loss 0.0138 | lr 0.065037
2025-10-15 16:19:52,200 | INFO | Iter 1300/5004 | loss 0.0138 | lr 0.065019
2025-10-15 16:20:13,232 | INFO | Iter 1350/5004 | loss 0.0138 | lr 0.065002
2025-10-15 16:20:34,264 | INFO | Iter 1400/5004 | loss 0.0138 | lr 0.064984
2025-10-15 16:20:55,298 | INFO | Iter 1450/5004 | loss 0.0138 | lr 0.064966
2025-10-15 16:21:16,335 | INFO | Iter 1500/5004 | loss 0.0138 | lr 0.064949
2025-10-15 16:21:37,369 | INFO | Iter 1550/5004 | loss 0.0138 | lr 0.064931
2025-10-15 16:21:58,405 | INFO | Iter 1600/5004 | loss 0.0138 | lr 0.064914
2025-10-15 16:22:19,440 | INFO | Iter 1650/5004 | loss 0.0138 | lr 0.064896
2025-10-15 16:22:40,476 | INFO | Iter 1700/5004 | loss 0.0138 | lr 0.064878
2025-10-15 16:23:01,508 | INFO | Iter 1750/5004 | loss 0.0138 | lr 0.064861
2025-10-15 16:23:22,540 | INFO | Iter 1800/5004 | loss 0.0138 | lr 0.064843
2025-10-15 16:23:43,574 | INFO | Iter 1850/5004 | loss 0.0138 | lr 0.064825
2025-10-15 16:24:04,607 | INFO | Iter 1900/5004 | loss 0.0138 | lr 0.064808
2025-10-15 16:24:25,641 | INFO | Iter 1950/5004 | loss 0.0138 | lr 0.064790
2025-10-15 16:24:46,678 | INFO | Iter 2000/5004 | loss 0.0139 | lr 0.064772
2025-10-15 16:25:07,717 | INFO | Iter 2050/5004 | loss 0.0138 | lr 0.064755
2025-10-15 16:25:28,753 | INFO | Iter 2100/5004 | loss 0.0138 | lr 0.064737
2025-10-15 16:25:49,791 | INFO | Iter 2150/5004 | loss 0.0138 | lr 0.064720
2025-10-15 16:26:10,825 | INFO | Iter 2200/5004 | loss 0.0139 | lr 0.064702
2025-10-15 16:26:31,859 | INFO | Iter 2250/5004 | loss 0.0139 | lr 0.064684
2025-10-15 16:26:52,891 | INFO | Iter 2300/5004 | loss 0.0138 | lr 0.064667
2025-10-15 16:27:13,926 | INFO | Iter 2350/5004 | loss 0.0138 | lr 0.064649
2025-10-15 16:27:34,962 | INFO | Iter 2400/5004 | loss 0.0139 | lr 0.064631
2025-10-15 16:27:55,996 | INFO | Iter 2450/5004 | loss 0.0139 | lr 0.064614
2025-10-15 16:28:17,030 | INFO | Iter 2500/5004 | loss 0.0139 | lr 0.064596
2025-10-15 16:28:38,067 | INFO | Iter 2550/5004 | loss 0.0139 | lr 0.064578
2025-10-15 16:28:59,101 | INFO | Iter 2600/5004 | loss 0.0139 | lr 0.064561
2025-10-15 16:29:20,139 | INFO | Iter 2650/5004 | loss 0.0139 | lr 0.064543
2025-10-15 16:29:41,169 | INFO | Iter 2700/5004 | loss 0.0139 | lr 0.064525
2025-10-15 16:30:02,202 | INFO | Iter 2750/5004 | loss 0.0139 | lr 0.064508
2025-10-15 16:30:23,236 | INFO | Iter 2800/5004 | loss 0.0139 | lr 0.064490
2025-10-15 16:30:44,270 | INFO | Iter 2850/5004 | loss 0.0139 | lr 0.064472
2025-10-15 16:31:05,303 | INFO | Iter 2900/5004 | loss 0.0139 | lr 0.064455
2025-10-15 16:31:26,341 | INFO | Iter 2950/5004 | loss 0.0139 | lr 0.064437
2025-10-15 16:31:47,379 | INFO | Iter 3000/5004 | loss 0.0139 | lr 0.064419
2025-10-15 16:32:08,415 | INFO | Iter 3050/5004 | loss 0.0139 | lr 0.064402
2025-10-15 16:32:29,452 | INFO | Iter 3100/5004 | loss 0.0139 | lr 0.064384
2025-10-15 16:32:50,486 | INFO | Iter 3150/5004 | loss 0.0139 | lr 0.064366
2025-10-15 16:33:11,518 | INFO | Iter 3200/5004 | loss 0.0139 | lr 0.064349
2025-10-15 16:33:32,554 | INFO | Iter 3250/5004 | loss 0.0139 | lr 0.064331
2025-10-15 16:33:53,587 | INFO | Iter 3300/5004 | loss 0.0139 | lr 0.064313
2025-10-15 16:34:14,621 | INFO | Iter 3350/5004 | loss 0.0139 | lr 0.064295
2025-10-15 16:34:35,651 | INFO | Iter 3400/5004 | loss 0.0139 | lr 0.064278
2025-10-15 16:34:56,684 | INFO | Iter 3450/5004 | loss 0.0139 | lr 0.064260
2025-10-15 16:35:17,719 | INFO | Iter 3500/5004 | loss 0.0139 | lr 0.064242
2025-10-15 16:35:38,754 | INFO | Iter 3550/5004 | loss 0.0139 | lr 0.064225
2025-10-15 16:35:59,787 | INFO | Iter 3600/5004 | loss 0.0139 | lr 0.064207
2025-10-15 16:36:20,822 | INFO | Iter 3650/5004 | loss 0.0139 | lr 0.064189
2025-10-15 16:36:41,855 | INFO | Iter 3700/5004 | loss 0.0139 | lr 0.064172
2025-10-15 16:37:02,893 | INFO | Iter 3750/5004 | loss 0.0139 | lr 0.064154
2025-10-15 16:37:23,926 | INFO | Iter 3800/5004 | loss 0.0139 | lr 0.064136
2025-10-15 16:37:44,959 | INFO | Iter 3850/5004 | loss 0.0139 | lr 0.064118
2025-10-15 16:38:05,994 | INFO | Iter 3900/5004 | loss 0.0139 | lr 0.064101
2025-10-15 16:38:27,029 | INFO | Iter 3950/5004 | loss 0.0139 | lr 0.064083
2025-10-15 16:38:48,062 | INFO | Iter 4000/5004 | loss 0.0139 | lr 0.064065
2025-10-15 16:39:09,095 | INFO | Iter 4050/5004 | loss 0.0139 | lr 0.064048
2025-10-15 16:39:30,129 | INFO | Iter 4100/5004 | loss 0.0139 | lr 0.064030
2025-10-15 16:39:51,165 | INFO | Iter 4150/5004 | loss 0.0139 | lr 0.064012
2025-10-15 16:40:12,198 | INFO | Iter 4200/5004 | loss 0.0139 | lr 0.063994
2025-10-15 16:40:33,233 | INFO | Iter 4250/5004 | loss 0.0139 | lr 0.063977
2025-10-15 16:40:54,270 | INFO | Iter 4300/5004 | loss 0.0139 | lr 0.063959
2025-10-15 16:41:15,304 | INFO | Iter 4350/5004 | loss 0.0139 | lr 0.063941
2025-10-15 16:41:36,336 | INFO | Iter 4400/5004 | loss 0.0139 | lr 0.063923
2025-10-15 16:41:57,370 | INFO | Iter 4450/5004 | loss 0.0139 | lr 0.063906
2025-10-15 16:42:18,404 | INFO | Iter 4500/5004 | loss 0.0139 | lr 0.063888
2025-10-15 16:42:39,439 | INFO | Iter 4550/5004 | loss 0.0139 | lr 0.063870
2025-10-15 16:43:00,473 | INFO | Iter 4600/5004 | loss 0.0139 | lr 0.063853
2025-10-15 16:43:21,507 | INFO | Iter 4650/5004 | loss 0.0139 | lr 0.063835
2025-10-15 16:43:42,540 | INFO | Iter 4700/5004 | loss 0.0139 | lr 0.063817
2025-10-15 16:44:03,570 | INFO | Iter 4750/5004 | loss 0.0139 | lr 0.063799
2025-10-15 16:44:24,598 | INFO | Iter 4800/5004 | loss 0.0139 | lr 0.063782
2025-10-15 16:44:45,630 | INFO | Iter 4850/5004 | loss 0.0139 | lr 0.063764
2025-10-15 16:45:06,665 | INFO | Iter 4900/5004 | loss 0.0139 | lr 0.063746
2025-10-15 16:45:27,696 | INFO | Iter 4950/5004 | loss 0.0139 | lr 0.063728
2025-10-15 16:45:48,724 | INFO | Iter 5000/5004 | loss 0.0139 | lr 0.063711
2025-10-15 16:46:36,716 | INFO | Epoch 40/90 | Train loss 0.0139 | Val acc@1 58.01 | acc@5 82.29 | LR 0.063711
2025-10-15 16:46:59,593 | INFO | Iter 50/5004 | loss 0.0138 | lr 0.063693
2025-10-15 16:47:20,622 | INFO | Iter 100/5004 | loss 0.0139 | lr 0.063675
2025-10-15 16:47:41,654 | INFO | Iter 150/5004 | loss 0.0142 | lr 0.063657
2025-10-15 16:48:02,685 | INFO | Iter 200/5004 | loss 0.0141 | lr 0.063639
2025-10-15 16:48:23,717 | INFO | Iter 250/5004 | loss 0.0141 | lr 0.063622
2025-10-15 16:48:44,750 | INFO | Iter 300/5004 | loss 0.0140 | lr 0.063604
2025-10-15 16:49:05,784 | INFO | Iter 350/5004 | loss 0.0141 | lr 0.063586
2025-10-15 16:49:26,815 | INFO | Iter 400/5004 | loss 0.0141 | lr 0.063568
2025-10-15 16:49:47,847 | INFO | Iter 450/5004 | loss 0.0141 | lr 0.063551
2025-10-15 16:50:08,882 | INFO | Iter 500/5004 | loss 0.0140 | lr 0.063533
2025-10-15 16:50:29,916 | INFO | Iter 550/5004 | loss 0.0140 | lr 0.063515
2025-10-15 16:50:50,951 | INFO | Iter 600/5004 | loss 0.0141 | lr 0.063497
2025-10-15 16:51:11,983 | INFO | Iter 650/5004 | loss 0.0140 | lr 0.063480
2025-10-15 16:51:33,016 | INFO | Iter 700/5004 | loss 0.0140 | lr 0.063462
2025-10-15 16:51:54,048 | INFO | Iter 750/5004 | loss 0.0140 | lr 0.063444
2025-10-15 16:52:15,081 | INFO | Iter 800/5004 | loss 0.0140 | lr 0.063426
2025-10-15 16:52:36,116 | INFO | Iter 850/5004 | loss 0.0140 | lr 0.063408
2025-10-15 16:52:57,147 | INFO | Iter 900/5004 | loss 0.0140 | lr 0.063391
2025-10-15 16:53:18,178 | INFO | Iter 950/5004 | loss 0.0140 | lr 0.063373
2025-10-15 16:53:39,214 | INFO | Iter 1000/5004 | loss 0.0140 | lr 0.063355
2025-10-15 16:54:00,248 | INFO | Iter 1050/5004 | loss 0.0139 | lr 0.063337
2025-10-15 16:54:21,280 | INFO | Iter 1100/5004 | loss 0.0139 | lr 0.063319
2025-10-15 16:54:42,315 | INFO | Iter 1150/5004 | loss 0.0140 | lr 0.063302
2025-10-15 16:55:03,348 | INFO | Iter 1200/5004 | loss 0.0139 | lr 0.063284
2025-10-15 16:55:24,385 | INFO | Iter 1250/5004 | loss 0.0139 | lr 0.063266
2025-10-15 16:55:45,419 | INFO | Iter 1300/5004 | loss 0.0139 | lr 0.063248
2025-10-15 16:56:06,454 | INFO | Iter 1350/5004 | loss 0.0139 | lr 0.063230
2025-10-15 16:56:27,486 | INFO | Iter 1400/5004 | loss 0.0139 | lr 0.063213
2025-10-15 16:56:48,522 | INFO | Iter 1450/5004 | loss 0.0139 | lr 0.063195
2025-10-15 16:57:09,558 | INFO | Iter 1500/5004 | loss 0.0139 | lr 0.063177
2025-10-15 16:57:30,593 | INFO | Iter 1550/5004 | loss 0.0139 | lr 0.063159
2025-10-15 16:57:51,627 | INFO | Iter 1600/5004 | loss 0.0139 | lr 0.063141
2025-10-15 16:58:12,662 | INFO | Iter 1650/5004 | loss 0.0139 | lr 0.063124
2025-10-15 16:58:33,695 | INFO | Iter 1700/5004 | loss 0.0139 | lr 0.063106
2025-10-15 16:58:54,729 | INFO | Iter 1750/5004 | loss 0.0139 | lr 0.063088
2025-10-15 16:59:15,758 | INFO | Iter 1800/5004 | loss 0.0139 | lr 0.063070
2025-10-15 16:59:36,792 | INFO | Iter 1850/5004 | loss 0.0139 | lr 0.063052
2025-10-15 16:59:57,826 | INFO | Iter 1900/5004 | loss 0.0139 | lr 0.063034
2025-10-15 17:00:18,861 | INFO | Iter 1950/5004 | loss 0.0139 | lr 0.063017
2025-10-15 17:00:39,899 | INFO | Iter 2000/5004 | loss 0.0139 | lr 0.062999
2025-10-15 17:01:00,933 | INFO | Iter 2050/5004 | loss 0.0139 | lr 0.062981
2025-10-15 17:01:21,966 | INFO | Iter 2100/5004 | loss 0.0139 | lr 0.062963
2025-10-15 17:01:43,001 | INFO | Iter 2150/5004 | loss 0.0139 | lr 0.062945
2025-10-15 17:02:04,037 | INFO | Iter 2200/5004 | loss 0.0139 | lr 0.062927
2025-10-15 17:02:25,074 | INFO | Iter 2250/5004 | loss 0.0139 | lr 0.062910
2025-10-15 17:02:46,106 | INFO | Iter 2300/5004 | loss 0.0139 | lr 0.062892
2025-10-15 17:03:07,139 | INFO | Iter 2350/5004 | loss 0.0139 | lr 0.062874
2025-10-15 17:03:28,172 | INFO | Iter 2400/5004 | loss 0.0139 | lr 0.062856
2025-10-15 17:03:49,208 | INFO | Iter 2450/5004 | loss 0.0139 | lr 0.062838
2025-10-15 17:04:10,242 | INFO | Iter 2500/5004 | loss 0.0139 | lr 0.062820
2025-10-15 17:04:31,276 | INFO | Iter 2550/5004 | loss 0.0139 | lr 0.062803
2025-10-15 17:04:52,308 | INFO | Iter 2600/5004 | loss 0.0139 | lr 0.062785
2025-10-15 17:05:13,344 | INFO | Iter 2650/5004 | loss 0.0139 | lr 0.062767
2025-10-15 17:05:34,379 | INFO | Iter 2700/5004 | loss 0.0139 | lr 0.062749
2025-10-15 17:05:55,411 | INFO | Iter 2750/5004 | loss 0.0139 | lr 0.062731
2025-10-15 17:06:16,445 | INFO | Iter 2800/5004 | loss 0.0139 | lr 0.062713
2025-10-15 17:06:37,476 | INFO | Iter 2850/5004 | loss 0.0139 | lr 0.062695
2025-10-15 17:06:58,512 | INFO | Iter 2900/5004 | loss 0.0139 | lr 0.062678
2025-10-15 17:07:19,548 | INFO | Iter 2950/5004 | loss 0.0139 | lr 0.062660
2025-10-15 17:07:40,580 | INFO | Iter 3000/5004 | loss 0.0139 | lr 0.062642
2025-10-15 17:08:01,613 | INFO | Iter 3050/5004 | loss 0.0139 | lr 0.062624
2025-10-15 17:08:22,647 | INFO | Iter 3100/5004 | loss 0.0139 | lr 0.062606
2025-10-15 17:08:43,680 | INFO | Iter 3150/5004 | loss 0.0139 | lr 0.062588
2025-10-15 17:09:04,713 | INFO | Iter 3200/5004 | loss 0.0139 | lr 0.062570
2025-10-15 17:09:25,745 | INFO | Iter 3250/5004 | loss 0.0139 | lr 0.062552
2025-10-15 17:09:46,781 | INFO | Iter 3300/5004 | loss 0.0139 | lr 0.062535
2025-10-15 17:10:07,816 | INFO | Iter 3350/5004 | loss 0.0139 | lr 0.062517
2025-10-15 17:10:28,852 | INFO | Iter 3400/5004 | loss 0.0139 | lr 0.062499
2025-10-15 17:10:49,884 | INFO | Iter 3450/5004 | loss 0.0139 | lr 0.062481
2025-10-15 17:11:10,919 | INFO | Iter 3500/5004 | loss 0.0139 | lr 0.062463
2025-10-15 17:11:31,953 | INFO | Iter 3550/5004 | loss 0.0139 | lr 0.062445
2025-10-15 17:11:52,986 | INFO | Iter 3600/5004 | loss 0.0139 | lr 0.062427
2025-10-15 17:12:14,021 | INFO | Iter 3650/5004 | loss 0.0139 | lr 0.062409
2025-10-15 17:12:35,056 | INFO | Iter 3700/5004 | loss 0.0139 | lr 0.062392
2025-10-15 17:12:56,091 | INFO | Iter 3750/5004 | loss 0.0139 | lr 0.062374
2025-10-15 17:13:17,120 | INFO | Iter 3800/5004 | loss 0.0138 | lr 0.062356
2025-10-15 17:13:38,148 | INFO | Iter 3850/5004 | loss 0.0139 | lr 0.062338
2025-10-15 17:13:59,184 | INFO | Iter 3900/5004 | loss 0.0138 | lr 0.062320
2025-10-15 17:14:20,221 | INFO | Iter 3950/5004 | loss 0.0138 | lr 0.062302
2025-10-15 17:14:41,257 | INFO | Iter 4000/5004 | loss 0.0138 | lr 0.062284
2025-10-15 17:15:02,294 | INFO | Iter 4050/5004 | loss 0.0138 | lr 0.062266
2025-10-15 17:15:23,327 | INFO | Iter 4100/5004 | loss 0.0138 | lr 0.062248
2025-10-15 17:15:44,363 | INFO | Iter 4150/5004 | loss 0.0138 | lr 0.062230
2025-10-15 17:16:05,396 | INFO | Iter 4200/5004 | loss 0.0138 | lr 0.062213
2025-10-15 17:16:26,429 | INFO | Iter 4250/5004 | loss 0.0138 | lr 0.062195
2025-10-15 17:16:47,465 | INFO | Iter 4300/5004 | loss 0.0138 | lr 0.062177
2025-10-15 17:17:08,498 | INFO | Iter 4350/5004 | loss 0.0138 | lr 0.062159
2025-10-15 17:17:29,534 | INFO | Iter 4400/5004 | loss 0.0138 | lr 0.062141
2025-10-15 17:17:50,567 | INFO | Iter 4450/5004 | loss 0.0138 | lr 0.062123
2025-10-15 17:18:11,601 | INFO | Iter 4500/5004 | loss 0.0138 | lr 0.062105
2025-10-15 17:18:32,634 | INFO | Iter 4550/5004 | loss 0.0138 | lr 0.062087
2025-10-15 17:18:53,669 | INFO | Iter 4600/5004 | loss 0.0138 | lr 0.062069
2025-10-15 17:19:14,703 | INFO | Iter 4650/5004 | loss 0.0138 | lr 0.062051
2025-10-15 17:19:35,736 | INFO | Iter 4700/5004 | loss 0.0138 | lr 0.062033
2025-10-15 17:19:56,771 | INFO | Iter 4750/5004 | loss 0.0138 | lr 0.062015
2025-10-15 17:20:17,801 | INFO | Iter 4800/5004 | loss 0.0138 | lr 0.061998
2025-10-15 17:20:38,831 | INFO | Iter 4850/5004 | loss 0.0138 | lr 0.061980
2025-10-15 17:20:59,866 | INFO | Iter 4900/5004 | loss 0.0138 | lr 0.061962
2025-10-15 17:21:20,898 | INFO | Iter 4950/5004 | loss 0.0138 | lr 0.061944
2025-10-15 17:21:41,933 | INFO | Iter 5000/5004 | loss 0.0138 | lr 0.061926
2025-10-15 17:22:30,969 | INFO | Epoch 41/90 | Train loss 0.0138 | Val acc@1 58.87 | acc@5 83.05 | LR 0.061926
2025-10-15 17:22:53,900 | INFO | Iter 50/5004 | loss 0.0136 | lr 0.061908
2025-10-15 17:23:14,933 | INFO | Iter 100/5004 | loss 0.0135 | lr 0.061890
2025-10-15 17:23:35,965 | INFO | Iter 150/5004 | loss 0.0139 | lr 0.061872
2025-10-15 17:23:56,999 | INFO | Iter 200/5004 | loss 0.0139 | lr 0.061854
2025-10-15 17:24:18,033 | INFO | Iter 250/5004 | loss 0.0138 | lr 0.061836
2025-10-15 17:24:39,066 | INFO | Iter 300/5004 | loss 0.0137 | lr 0.061818
2025-10-15 17:25:00,104 | INFO | Iter 350/5004 | loss 0.0139 | lr 0.061800
2025-10-15 17:25:21,137 | INFO | Iter 400/5004 | loss 0.0139 | lr 0.061782
2025-10-15 17:25:42,171 | INFO | Iter 450/5004 | loss 0.0138 | lr 0.061764
2025-10-15 17:26:03,205 | INFO | Iter 500/5004 | loss 0.0138 | lr 0.061746
2025-10-15 17:26:24,238 | INFO | Iter 550/5004 | loss 0.0137 | lr 0.061728
2025-10-15 17:26:45,271 | INFO | Iter 600/5004 | loss 0.0136 | lr 0.061711
2025-10-15 17:27:06,307 | INFO | Iter 650/5004 | loss 0.0136 | lr 0.061693
2025-10-15 17:27:27,341 | INFO | Iter 700/5004 | loss 0.0136 | lr 0.061675
2025-10-15 17:27:48,375 | INFO | Iter 750/5004 | loss 0.0136 | lr 0.061657
2025-10-15 17:28:09,410 | INFO | Iter 800/5004 | loss 0.0136 | lr 0.061639
2025-10-15 17:28:30,446 | INFO | Iter 850/5004 | loss 0.0136 | lr 0.061621
2025-10-15 17:28:51,481 | INFO | Iter 900/5004 | loss 0.0136 | lr 0.061603
2025-10-15 17:29:12,513 | INFO | Iter 950/5004 | loss 0.0136 | lr 0.061585
2025-10-15 17:29:33,549 | INFO | Iter 1000/5004 | loss 0.0136 | lr 0.061567
2025-10-15 17:29:54,584 | INFO | Iter 1050/5004 | loss 0.0136 | lr 0.061549
2025-10-15 17:30:15,618 | INFO | Iter 1100/5004 | loss 0.0136 | lr 0.061531
2025-10-15 17:30:36,653 | INFO | Iter 1150/5004 | loss 0.0136 | lr 0.061513
2025-10-15 17:30:57,685 | INFO | Iter 1200/5004 | loss 0.0136 | lr 0.061495
2025-10-15 17:31:18,720 | INFO | Iter 1250/5004 | loss 0.0136 | lr 0.061477
2025-10-15 17:31:39,754 | INFO | Iter 1300/5004 | loss 0.0136 | lr 0.061459
2025-10-15 17:32:00,789 | INFO | Iter 1350/5004 | loss 0.0136 | lr 0.061441
2025-10-15 17:32:21,825 | INFO | Iter 1400/5004 | loss 0.0136 | lr 0.061423
2025-10-15 17:32:42,859 | INFO | Iter 1450/5004 | loss 0.0136 | lr 0.061405
2025-10-15 17:33:03,892 | INFO | Iter 1500/5004 | loss 0.0136 | lr 0.061387
2025-10-15 17:33:24,926 | INFO | Iter 1550/5004 | loss 0.0136 | lr 0.061369
2025-10-15 17:33:45,961 | INFO | Iter 1600/5004 | loss 0.0136 | lr 0.061351
2025-10-15 17:34:06,996 | INFO | Iter 1650/5004 | loss 0.0136 | lr 0.061333
2025-10-15 17:34:28,032 | INFO | Iter 1700/5004 | loss 0.0136 | lr 0.061315
2025-10-15 17:34:49,068 | INFO | Iter 1750/5004 | loss 0.0136 | lr 0.061297
2025-10-15 17:35:10,100 | INFO | Iter 1800/5004 | loss 0.0136 | lr 0.061279
2025-10-15 17:35:31,135 | INFO | Iter 1850/5004 | loss 0.0136 | lr 0.061261
2025-10-15 17:35:52,168 | INFO | Iter 1900/5004 | loss 0.0136 | lr 0.061243
2025-10-15 17:36:13,202 | INFO | Iter 1950/5004 | loss 0.0136 | lr 0.061225
2025-10-15 17:36:34,238 | INFO | Iter 2000/5004 | loss 0.0136 | lr 0.061207
2025-10-15 17:36:55,272 | INFO | Iter 2050/5004 | loss 0.0136 | lr 0.061189
2025-10-15 17:37:16,305 | INFO | Iter 2100/5004 | loss 0.0136 | lr 0.061171
2025-10-15 17:37:37,339 | INFO | Iter 2150/5004 | loss 0.0137 | lr 0.061153
2025-10-15 17:37:58,372 | INFO | Iter 2200/5004 | loss 0.0137 | lr 0.061135
2025-10-15 17:38:19,407 | INFO | Iter 2250/5004 | loss 0.0137 | lr 0.061117
2025-10-15 17:38:40,439 | INFO | Iter 2300/5004 | loss 0.0137 | lr 0.061099
2025-10-15 17:39:01,476 | INFO | Iter 2350/5004 | loss 0.0137 | lr 0.061081
2025-10-15 17:39:22,513 | INFO | Iter 2400/5004 | loss 0.0137 | lr 0.061063
2025-10-15 17:39:43,546 | INFO | Iter 2450/5004 | loss 0.0137 | lr 0.061045
2025-10-15 17:40:04,580 | INFO | Iter 2500/5004 | loss 0.0137 | lr 0.061027
2025-10-15 17:40:25,613 | INFO | Iter 2550/5004 | loss 0.0137 | lr 0.061009
2025-10-15 17:40:46,649 | INFO | Iter 2600/5004 | loss 0.0137 | lr 0.060991
2025-10-15 17:41:07,683 | INFO | Iter 2650/5004 | loss 0.0137 | lr 0.060973
2025-10-15 17:41:28,718 | INFO | Iter 2700/5004 | loss 0.0137 | lr 0.060955
2025-10-15 17:41:49,750 | INFO | Iter 2750/5004 | loss 0.0137 | lr 0.060937
2025-10-15 17:42:10,784 | INFO | Iter 2800/5004 | loss 0.0137 | lr 0.060919
2025-10-15 17:42:31,814 | INFO | Iter 2850/5004 | loss 0.0137 | lr 0.060901
2025-10-15 17:42:52,848 | INFO | Iter 2900/5004 | loss 0.0137 | lr 0.060883
2025-10-15 17:43:13,882 | INFO | Iter 2950/5004 | loss 0.0137 | lr 0.060865
2025-10-15 17:43:34,918 | INFO | Iter 3000/5004 | loss 0.0137 | lr 0.060847
2025-10-15 17:43:55,954 | INFO | Iter 3050/5004 | loss 0.0137 | lr 0.060829
2025-10-15 17:44:16,985 | INFO | Iter 3100/5004 | loss 0.0137 | lr 0.060811
2025-10-15 17:44:38,019 | INFO | Iter 3150/5004 | loss 0.0137 | lr 0.060793
2025-10-15 17:44:59,051 | INFO | Iter 3200/5004 | loss 0.0137 | lr 0.060775
2025-10-15 17:45:20,087 | INFO | Iter 3250/5004 | loss 0.0137 | lr 0.060757
2025-10-15 17:45:41,122 | INFO | Iter 3300/5004 | loss 0.0137 | lr 0.060739
2025-10-15 17:46:02,154 | INFO | Iter 3350/5004 | loss 0.0137 | lr 0.060721
2025-10-15 17:46:23,188 | INFO | Iter 3400/5004 | loss 0.0137 | lr 0.060703
2025-10-15 17:46:44,221 | INFO | Iter 3450/5004 | loss 0.0137 | lr 0.060685
2025-10-15 17:47:05,253 | INFO | Iter 3500/5004 | loss 0.0137 | lr 0.060667
2025-10-15 17:47:26,289 | INFO | Iter 3550/5004 | loss 0.0137 | lr 0.060649
2025-10-15 17:47:47,322 | INFO | Iter 3600/5004 | loss 0.0137 | lr 0.060631
2025-10-15 17:48:08,357 | INFO | Iter 3650/5004 | loss 0.0137 | lr 0.060613
2025-10-15 17:48:29,390 | INFO | Iter 3700/5004 | loss 0.0137 | lr 0.060595
2025-10-15 17:48:50,422 | INFO | Iter 3750/5004 | loss 0.0137 | lr 0.060577
2025-10-15 17:49:11,455 | INFO | Iter 3800/5004 | loss 0.0137 | lr 0.060558
2025-10-15 17:49:32,491 | INFO | Iter 3850/5004 | loss 0.0137 | lr 0.060540
2025-10-15 17:49:53,524 | INFO | Iter 3900/5004 | loss 0.0137 | lr 0.060522
2025-10-15 17:50:14,559 | INFO | Iter 3950/5004 | loss 0.0137 | lr 0.060504
2025-10-15 17:50:35,593 | INFO | Iter 4000/5004 | loss 0.0137 | lr 0.060486
2025-10-15 17:50:56,627 | INFO | Iter 4050/5004 | loss 0.0137 | lr 0.060468
2025-10-15 17:51:17,662 | INFO | Iter 4100/5004 | loss 0.0137 | lr 0.060450
2025-10-15 17:51:38,694 | INFO | Iter 4150/5004 | loss 0.0137 | lr 0.060432
2025-10-15 17:51:59,730 | INFO | Iter 4200/5004 | loss 0.0137 | lr 0.060414
2025-10-15 17:52:20,764 | INFO | Iter 4250/5004 | loss 0.0137 | lr 0.060396
2025-10-15 17:52:41,800 | INFO | Iter 4300/5004 | loss 0.0137 | lr 0.060378
2025-10-15 17:53:02,833 | INFO | Iter 4350/5004 | loss 0.0137 | lr 0.060360
2025-10-15 17:53:23,865 | INFO | Iter 4400/5004 | loss 0.0137 | lr 0.060342
2025-10-15 17:53:44,901 | INFO | Iter 4450/5004 | loss 0.0137 | lr 0.060324
2025-10-15 17:54:05,936 | INFO | Iter 4500/5004 | loss 0.0137 | lr 0.060306
2025-10-15 17:54:26,971 | INFO | Iter 4550/5004 | loss 0.0137 | lr 0.060288
2025-10-15 17:54:48,004 | INFO | Iter 4600/5004 | loss 0.0137 | lr 0.060270
2025-10-15 17:55:09,040 | INFO | Iter 4650/5004 | loss 0.0137 | lr 0.060251
2025-10-15 17:55:30,073 | INFO | Iter 4700/5004 | loss 0.0137 | lr 0.060233
2025-10-15 17:55:51,108 | INFO | Iter 4750/5004 | loss 0.0137 | lr 0.060215
2025-10-15 17:56:12,137 | INFO | Iter 4800/5004 | loss 0.0137 | lr 0.060197
2025-10-15 17:56:33,167 | INFO | Iter 4850/5004 | loss 0.0137 | lr 0.060179
2025-10-15 17:56:54,207 | INFO | Iter 4900/5004 | loss 0.0137 | lr 0.060161
2025-10-15 17:57:15,237 | INFO | Iter 4950/5004 | loss 0.0137 | lr 0.060143
2025-10-15 17:57:36,257 | INFO | Iter 5000/5004 | loss 0.0137 | lr 0.060125
2025-10-15 17:58:27,468 | INFO | Epoch 42/90 | Train loss 0.0137 | Val acc@1 60.56 | acc@5 84.07 | LR 0.060125
2025-10-15 17:58:50,074 | INFO | Iter 50/5004 | loss 0.0136 | lr 0.060107
2025-10-15 17:59:11,110 | INFO | Iter 100/5004 | loss 0.0140 | lr 0.060089
2025-10-15 17:59:32,141 | INFO | Iter 150/5004 | loss 0.0137 | lr 0.060071
2025-10-15 17:59:53,174 | INFO | Iter 200/5004 | loss 0.0137 | lr 0.060053
2025-10-15 18:00:14,206 | INFO | Iter 250/5004 | loss 0.0139 | lr 0.060034
2025-10-15 18:00:35,241 | INFO | Iter 300/5004 | loss 0.0139 | lr 0.060016
2025-10-15 18:00:56,275 | INFO | Iter 350/5004 | loss 0.0138 | lr 0.059998
2025-10-15 18:01:17,308 | INFO | Iter 400/5004 | loss 0.0137 | lr 0.059980
2025-10-15 18:01:38,342 | INFO | Iter 450/5004 | loss 0.0136 | lr 0.059962
2025-10-15 18:01:59,377 | INFO | Iter 500/5004 | loss 0.0137 | lr 0.059944
2025-10-15 18:02:20,413 | INFO | Iter 550/5004 | loss 0.0137 | lr 0.059926
2025-10-15 18:02:41,449 | INFO | Iter 600/5004 | loss 0.0137 | lr 0.059908
2025-10-15 18:03:02,484 | INFO | Iter 650/5004 | loss 0.0136 | lr 0.059890
2025-10-15 18:03:23,519 | INFO | Iter 700/5004 | loss 0.0136 | lr 0.059872
2025-10-15 18:03:44,550 | INFO | Iter 750/5004 | loss 0.0137 | lr 0.059854
2025-10-15 18:04:05,586 | INFO | Iter 800/5004 | loss 0.0137 | lr 0.059835
2025-10-15 18:04:26,618 | INFO | Iter 850/5004 | loss 0.0137 | lr 0.059817
2025-10-15 18:04:47,652 | INFO | Iter 900/5004 | loss 0.0137 | lr 0.059799
2025-10-15 18:05:08,685 | INFO | Iter 950/5004 | loss 0.0137 | lr 0.059781
2025-10-15 18:05:29,719 | INFO | Iter 1000/5004 | loss 0.0137 | lr 0.059763
2025-10-15 18:05:50,753 | INFO | Iter 1050/5004 | loss 0.0137 | lr 0.059745
2025-10-15 18:06:11,787 | INFO | Iter 1100/5004 | loss 0.0137 | lr 0.059727
2025-10-15 18:06:32,820 | INFO | Iter 1150/5004 | loss 0.0137 | lr 0.059709
2025-10-15 18:06:53,853 | INFO | Iter 1200/5004 | loss 0.0137 | lr 0.059691
2025-10-15 18:07:14,886 | INFO | Iter 1250/5004 | loss 0.0137 | lr 0.059672
2025-10-15 18:07:35,921 | INFO | Iter 1300/5004 | loss 0.0138 | lr 0.059654
2025-10-15 18:07:56,957 | INFO | Iter 1350/5004 | loss 0.0138 | lr 0.059636
2025-10-15 18:08:17,990 | INFO | Iter 1400/5004 | loss 0.0138 | lr 0.059618
2025-10-15 18:08:39,025 | INFO | Iter 1450/5004 | loss 0.0138 | lr 0.059600
2025-10-15 18:09:00,059 | INFO | Iter 1500/5004 | loss 0.0138 | lr 0.059582
2025-10-15 18:09:21,095 | INFO | Iter 1550/5004 | loss 0.0138 | lr 0.059564
2025-10-15 18:09:42,126 | INFO | Iter 1600/5004 | loss 0.0138 | lr 0.059546
2025-10-15 18:10:03,162 | INFO | Iter 1650/5004 | loss 0.0137 | lr 0.059527
2025-10-15 18:10:24,197 | INFO | Iter 1700/5004 | loss 0.0137 | lr 0.059509
2025-10-15 18:10:45,232 | INFO | Iter 1750/5004 | loss 0.0137 | lr 0.059491
2025-10-15 18:11:06,266 | INFO | Iter 1800/5004 | loss 0.0137 | lr 0.059473
2025-10-15 18:11:27,297 | INFO | Iter 1850/5004 | loss 0.0137 | lr 0.059455
2025-10-15 18:11:48,330 | INFO | Iter 1900/5004 | loss 0.0137 | lr 0.059437
2025-10-15 18:12:09,364 | INFO | Iter 1950/5004 | loss 0.0137 | lr 0.059419
2025-10-15 18:12:30,398 | INFO | Iter 2000/5004 | loss 0.0137 | lr 0.059401
2025-10-15 18:12:51,433 | INFO | Iter 2050/5004 | loss 0.0137 | lr 0.059382
2025-10-15 18:13:12,468 | INFO | Iter 2100/5004 | loss 0.0137 | lr 0.059364
2025-10-15 18:13:33,505 | INFO | Iter 2150/5004 | loss 0.0138 | lr 0.059346
2025-10-15 18:13:54,539 | INFO | Iter 2200/5004 | loss 0.0137 | lr 0.059328
2025-10-15 18:14:15,573 | INFO | Iter 2250/5004 | loss 0.0137 | lr 0.059310
2025-10-15 18:14:36,608 | INFO | Iter 2300/5004 | loss 0.0137 | lr 0.059292
2025-10-15 18:14:57,641 | INFO | Iter 2350/5004 | loss 0.0137 | lr 0.059274
2025-10-15 18:15:18,675 | INFO | Iter 2400/5004 | loss 0.0137 | lr 0.059255
2025-10-15 18:15:39,709 | INFO | Iter 2450/5004 | loss 0.0137 | lr 0.059237
2025-10-15 18:16:00,745 | INFO | Iter 2500/5004 | loss 0.0137 | lr 0.059219
2025-10-15 18:16:21,779 | INFO | Iter 2550/5004 | loss 0.0138 | lr 0.059201
2025-10-15 18:16:42,814 | INFO | Iter 2600/5004 | loss 0.0138 | lr 0.059183
2025-10-15 18:17:03,847 | INFO | Iter 2650/5004 | loss 0.0137 | lr 0.059165
2025-10-15 18:17:24,882 | INFO | Iter 2700/5004 | loss 0.0137 | lr 0.059146
2025-10-15 18:17:45,915 | INFO | Iter 2750/5004 | loss 0.0138 | lr 0.059128
2025-10-15 18:18:06,947 | INFO | Iter 2800/5004 | loss 0.0138 | lr 0.059110
2025-10-15 18:18:27,982 | INFO | Iter 2850/5004 | loss 0.0138 | lr 0.059092
2025-10-15 18:18:49,017 | INFO | Iter 2900/5004 | loss 0.0138 | lr 0.059074
2025-10-15 18:19:10,052 | INFO | Iter 2950/5004 | loss 0.0138 | lr 0.059056
2025-10-15 18:19:31,083 | INFO | Iter 3000/5004 | loss 0.0138 | lr 0.059038
2025-10-15 18:19:52,117 | INFO | Iter 3050/5004 | loss 0.0138 | lr 0.059019
2025-10-15 18:20:13,151 | INFO | Iter 3100/5004 | loss 0.0138 | lr 0.059001
2025-10-15 18:20:34,183 | INFO | Iter 3150/5004 | loss 0.0138 | lr 0.058983
2025-10-15 18:20:55,215 | INFO | Iter 3200/5004 | loss 0.0138 | lr 0.058965
2025-10-15 18:21:16,247 | INFO | Iter 3250/5004 | loss 0.0138 | lr 0.058947
2025-10-15 18:21:37,280 | INFO | Iter 3300/5004 | loss 0.0138 | lr 0.058929
2025-10-15 18:21:58,316 | INFO | Iter 3350/5004 | loss 0.0138 | lr 0.058910
2025-10-15 18:22:19,352 | INFO | Iter 3400/5004 | loss 0.0138 | lr 0.058892
2025-10-15 18:22:40,385 | INFO | Iter 3450/5004 | loss 0.0138 | lr 0.058874
2025-10-15 18:23:01,421 | INFO | Iter 3500/5004 | loss 0.0138 | lr 0.058856
2025-10-15 18:23:22,455 | INFO | Iter 3550/5004 | loss 0.0137 | lr 0.058838
2025-10-15 18:23:43,490 | INFO | Iter 3600/5004 | loss 0.0138 | lr 0.058820
2025-10-15 18:24:04,523 | INFO | Iter 3650/5004 | loss 0.0138 | lr 0.058801
2025-10-15 18:24:25,556 | INFO | Iter 3700/5004 | loss 0.0137 | lr 0.058783
2025-10-15 18:24:46,589 | INFO | Iter 3750/5004 | loss 0.0137 | lr 0.058765
2025-10-15 18:25:07,624 | INFO | Iter 3800/5004 | loss 0.0137 | lr 0.058747
2025-10-15 18:25:28,661 | INFO | Iter 3850/5004 | loss 0.0137 | lr 0.058729
2025-10-15 18:25:49,690 | INFO | Iter 3900/5004 | loss 0.0137 | lr 0.058710
2025-10-15 18:26:10,728 | INFO | Iter 3950/5004 | loss 0.0137 | lr 0.058692
2025-10-15 18:26:31,763 | INFO | Iter 4000/5004 | loss 0.0137 | lr 0.058674
2025-10-15 18:26:52,799 | INFO | Iter 4050/5004 | loss 0.0137 | lr 0.058656
2025-10-15 18:27:13,833 | INFO | Iter 4100/5004 | loss 0.0137 | lr 0.058638
2025-10-15 18:27:34,869 | INFO | Iter 4150/5004 | loss 0.0137 | lr 0.058620
2025-10-15 18:27:55,904 | INFO | Iter 4200/5004 | loss 0.0137 | lr 0.058601
2025-10-15 18:28:16,938 | INFO | Iter 4250/5004 | loss 0.0137 | lr 0.058583
2025-10-15 18:28:37,974 | INFO | Iter 4300/5004 | loss 0.0137 | lr 0.058565
2025-10-15 18:28:59,008 | INFO | Iter 4350/5004 | loss 0.0137 | lr 0.058547
2025-10-15 18:29:20,041 | INFO | Iter 4400/5004 | loss 0.0138 | lr 0.058529
2025-10-15 18:29:41,075 | INFO | Iter 4450/5004 | loss 0.0138 | lr 0.058510
2025-10-15 18:30:02,112 | INFO | Iter 4500/5004 | loss 0.0138 | lr 0.058492
2025-10-15 18:30:23,147 | INFO | Iter 4550/5004 | loss 0.0138 | lr 0.058474
2025-10-15 18:30:44,178 | INFO | Iter 4600/5004 | loss 0.0138 | lr 0.058456
2025-10-15 18:31:05,212 | INFO | Iter 4650/5004 | loss 0.0138 | lr 0.058438
2025-10-15 18:31:26,244 | INFO | Iter 4700/5004 | loss 0.0137 | lr 0.058419
2025-10-15 18:31:47,279 | INFO | Iter 4750/5004 | loss 0.0137 | lr 0.058401
2025-10-15 18:32:08,309 | INFO | Iter 4800/5004 | loss 0.0138 | lr 0.058383
2025-10-15 18:32:29,344 | INFO | Iter 4850/5004 | loss 0.0138 | lr 0.058365
2025-10-15 18:32:50,376 | INFO | Iter 4900/5004 | loss 0.0138 | lr 0.058347
2025-10-15 18:33:11,407 | INFO | Iter 4950/5004 | loss 0.0138 | lr 0.058328
2025-10-15 18:33:32,426 | INFO | Iter 5000/5004 | loss 0.0137 | lr 0.058310
2025-10-15 18:34:22,386 | INFO | Epoch 43/90 | Train loss 0.0137 | Val acc@1 58.48 | acc@5 82.98 | LR 0.058310
2025-10-15 18:34:45,382 | INFO | Iter 50/5004 | loss 0.0133 | lr 0.058292
2025-10-15 18:35:06,416 | INFO | Iter 100/5004 | loss 0.0133 | lr 0.058274
2025-10-15 18:35:27,450 | INFO | Iter 150/5004 | loss 0.0135 | lr 0.058256
2025-10-15 18:35:48,482 | INFO | Iter 200/5004 | loss 0.0136 | lr 0.058237
2025-10-15 18:36:09,517 | INFO | Iter 250/5004 | loss 0.0137 | lr 0.058219
2025-10-15 18:36:30,553 | INFO | Iter 300/5004 | loss 0.0136 | lr 0.058201
2025-10-15 18:36:51,587 | INFO | Iter 350/5004 | loss 0.0136 | lr 0.058183
2025-10-15 18:37:12,620 | INFO | Iter 400/5004 | loss 0.0137 | lr 0.058164
2025-10-15 18:37:33,655 | INFO | Iter 450/5004 | loss 0.0136 | lr 0.058146
2025-10-15 18:37:54,690 | INFO | Iter 500/5004 | loss 0.0137 | lr 0.058128
2025-10-15 18:38:15,728 | INFO | Iter 550/5004 | loss 0.0138 | lr 0.058110
2025-10-15 18:38:36,763 | INFO | Iter 600/5004 | loss 0.0138 | lr 0.058092
2025-10-15 18:38:57,797 | INFO | Iter 650/5004 | loss 0.0137 | lr 0.058073
2025-10-15 18:39:18,831 | INFO | Iter 700/5004 | loss 0.0137 | lr 0.058055
2025-10-15 18:39:39,866 | INFO | Iter 750/5004 | loss 0.0137 | lr 0.058037
2025-10-15 18:40:00,903 | INFO | Iter 800/5004 | loss 0.0138 | lr 0.058019
2025-10-15 18:40:21,939 | INFO | Iter 850/5004 | loss 0.0137 | lr 0.058000
2025-10-15 18:40:42,968 | INFO | Iter 900/5004 | loss 0.0137 | lr 0.057982
2025-10-15 18:41:04,003 | INFO | Iter 950/5004 | loss 0.0137 | lr 0.057964
2025-10-15 18:41:25,037 | INFO | Iter 1000/5004 | loss 0.0137 | lr 0.057946
2025-10-15 18:41:46,073 | INFO | Iter 1050/5004 | loss 0.0137 | lr 0.057928
2025-10-15 18:42:07,109 | INFO | Iter 1100/5004 | loss 0.0137 | lr 0.057909
2025-10-15 18:42:28,143 | INFO | Iter 1150/5004 | loss 0.0137 | lr 0.057891
2025-10-15 18:42:49,178 | INFO | Iter 1200/5004 | loss 0.0137 | lr 0.057873
2025-10-15 18:43:10,213 | INFO | Iter 1250/5004 | loss 0.0137 | lr 0.057855
2025-10-15 18:43:31,247 | INFO | Iter 1300/5004 | loss 0.0137 | lr 0.057836
2025-10-15 18:43:52,281 | INFO | Iter 1350/5004 | loss 0.0137 | lr 0.057818
2025-10-15 18:44:13,316 | INFO | Iter 1400/5004 | loss 0.0137 | lr 0.057800
2025-10-15 18:44:34,354 | INFO | Iter 1450/5004 | loss 0.0137 | lr 0.057782
2025-10-15 18:44:55,390 | INFO | Iter 1500/5004 | loss 0.0137 | lr 0.057763
2025-10-15 18:45:16,423 | INFO | Iter 1550/5004 | loss 0.0137 | lr 0.057745
2025-10-15 18:45:37,459 | INFO | Iter 1600/5004 | loss 0.0137 | lr 0.057727
2025-10-15 18:45:58,494 | INFO | Iter 1650/5004 | loss 0.0137 | lr 0.057709
2025-10-15 18:46:19,527 | INFO | Iter 1700/5004 | loss 0.0137 | lr 0.057690
2025-10-15 18:46:40,562 | INFO | Iter 1750/5004 | loss 0.0137 | lr 0.057672
2025-10-15 18:47:01,598 | INFO | Iter 1800/5004 | loss 0.0137 | lr 0.057654
2025-10-15 18:47:22,632 | INFO | Iter 1850/5004 | loss 0.0137 | lr 0.057636
2025-10-15 18:47:43,669 | INFO | Iter 1900/5004 | loss 0.0137 | lr 0.057617
2025-10-15 18:48:04,703 | INFO | Iter 1950/5004 | loss 0.0137 | lr 0.057599
2025-10-15 18:48:25,737 | INFO | Iter 2000/5004 | loss 0.0137 | lr 0.057581
2025-10-15 18:48:46,775 | INFO | Iter 2050/5004 | loss 0.0137 | lr 0.057563
2025-10-15 18:49:07,807 | INFO | Iter 2100/5004 | loss 0.0137 | lr 0.057544
2025-10-15 18:49:28,845 | INFO | Iter 2150/5004 | loss 0.0137 | lr 0.057526
2025-10-15 18:49:49,878 | INFO | Iter 2200/5004 | loss 0.0137 | lr 0.057508
2025-10-15 18:50:10,914 | INFO | Iter 2250/5004 | loss 0.0137 | lr 0.057490
2025-10-15 18:50:31,951 | INFO | Iter 2300/5004 | loss 0.0137 | lr 0.057471
2025-10-15 18:50:52,987 | INFO | Iter 2350/5004 | loss 0.0137 | lr 0.057453
2025-10-15 18:51:14,021 | INFO | Iter 2400/5004 | loss 0.0137 | lr 0.057435
2025-10-15 18:51:35,054 | INFO | Iter 2450/5004 | loss 0.0137 | lr 0.057417
2025-10-15 18:51:56,089 | INFO | Iter 2500/5004 | loss 0.0137 | lr 0.057398
2025-10-15 18:52:17,125 | INFO | Iter 2550/5004 | loss 0.0137 | lr 0.057380
2025-10-15 18:52:38,159 | INFO | Iter 2600/5004 | loss 0.0137 | lr 0.057362
2025-10-15 18:52:59,195 | INFO | Iter 2650/5004 | loss 0.0137 | lr 0.057344
2025-10-15 18:53:20,228 | INFO | Iter 2700/5004 | loss 0.0137 | lr 0.057325
2025-10-15 18:53:41,265 | INFO | Iter 2750/5004 | loss 0.0137 | lr 0.057307
2025-10-15 18:54:02,299 | INFO | Iter 2800/5004 | loss 0.0137 | lr 0.057289
2025-10-15 18:54:23,338 | INFO | Iter 2850/5004 | loss 0.0137 | lr 0.057271
2025-10-15 18:54:44,369 | INFO | Iter 2900/5004 | loss 0.0137 | lr 0.057252
2025-10-15 18:55:05,401 | INFO | Iter 2950/5004 | loss 0.0137 | lr 0.057234
2025-10-15 18:55:26,435 | INFO | Iter 3000/5004 | loss 0.0137 | lr 0.057216
2025-10-15 18:55:47,469 | INFO | Iter 3050/5004 | loss 0.0138 | lr 0.057197
2025-10-15 18:56:08,502 | INFO | Iter 3100/5004 | loss 0.0138 | lr 0.057179
2025-10-15 18:56:29,535 | INFO | Iter 3150/5004 | loss 0.0137 | lr 0.057161
2025-10-15 18:56:50,570 | INFO | Iter 3200/5004 | loss 0.0137 | lr 0.057143
2025-10-15 18:57:11,603 | INFO | Iter 3250/5004 | loss 0.0137 | lr 0.057124
2025-10-15 18:57:32,639 | INFO | Iter 3300/5004 | loss 0.0138 | lr 0.057106
2025-10-15 18:57:53,675 | INFO | Iter 3350/5004 | loss 0.0138 | lr 0.057088
2025-10-15 18:58:14,712 | INFO | Iter 3400/5004 | loss 0.0138 | lr 0.057070
2025-10-15 18:58:35,744 | INFO | Iter 3450/5004 | loss 0.0137 | lr 0.057051
2025-10-15 18:58:56,781 | INFO | Iter 3500/5004 | loss 0.0138 | lr 0.057033
2025-10-15 18:59:17,818 | INFO | Iter 3550/5004 | loss 0.0138 | lr 0.057015
2025-10-15 18:59:38,853 | INFO | Iter 3600/5004 | loss 0.0138 | lr 0.056996
2025-10-15 18:59:59,886 | INFO | Iter 3650/5004 | loss 0.0138 | lr 0.056978
2025-10-15 19:00:20,920 | INFO | Iter 3700/5004 | loss 0.0138 | lr 0.056960
2025-10-15 19:00:41,955 | INFO | Iter 3750/5004 | loss 0.0137 | lr 0.056942
2025-10-15 19:01:02,990 | INFO | Iter 3800/5004 | loss 0.0137 | lr 0.056923
2025-10-15 19:01:24,024 | INFO | Iter 3850/5004 | loss 0.0137 | lr 0.056905
2025-10-15 19:01:45,061 | INFO | Iter 3900/5004 | loss 0.0137 | lr 0.056887
2025-10-15 19:02:06,095 | INFO | Iter 3950/5004 | loss 0.0137 | lr 0.056868
2025-10-15 19:02:27,127 | INFO | Iter 4000/5004 | loss 0.0137 | lr 0.056850
2025-10-15 19:02:48,161 | INFO | Iter 4050/5004 | loss 0.0137 | lr 0.056832
2025-10-15 19:03:09,197 | INFO | Iter 4100/5004 | loss 0.0137 | lr 0.056814
2025-10-15 19:03:30,230 | INFO | Iter 4150/5004 | loss 0.0137 | lr 0.056795
2025-10-15 19:03:51,267 | INFO | Iter 4200/5004 | loss 0.0137 | lr 0.056777
2025-10-15 19:04:12,301 | INFO | Iter 4250/5004 | loss 0.0137 | lr 0.056759
2025-10-15 19:04:33,334 | INFO | Iter 4300/5004 | loss 0.0138 | lr 0.056740
2025-10-15 19:04:54,367 | INFO | Iter 4350/5004 | loss 0.0138 | lr 0.056722
2025-10-15 19:05:15,400 | INFO | Iter 4400/5004 | loss 0.0138 | lr 0.056704
2025-10-15 19:05:36,434 | INFO | Iter 4450/5004 | loss 0.0138 | lr 0.056685
2025-10-15 19:05:57,470 | INFO | Iter 4500/5004 | loss 0.0138 | lr 0.056667
2025-10-15 19:06:18,507 | INFO | Iter 4550/5004 | loss 0.0138 | lr 0.056649
2025-10-15 19:06:39,542 | INFO | Iter 4600/5004 | loss 0.0138 | lr 0.056631
2025-10-15 19:07:00,578 | INFO | Iter 4650/5004 | loss 0.0138 | lr 0.056612
2025-10-15 19:07:21,612 | INFO | Iter 4700/5004 | loss 0.0138 | lr 0.056594
2025-10-15 19:07:42,647 | INFO | Iter 4750/5004 | loss 0.0138 | lr 0.056576
2025-10-15 19:08:03,675 | INFO | Iter 4800/5004 | loss 0.0138 | lr 0.056557
2025-10-15 19:08:24,708 | INFO | Iter 4850/5004 | loss 0.0138 | lr 0.056539
2025-10-15 19:08:45,740 | INFO | Iter 4900/5004 | loss 0.0138 | lr 0.056521
2025-10-15 19:09:06,773 | INFO | Iter 4950/5004 | loss 0.0138 | lr 0.056502
2025-10-15 19:09:27,801 | INFO | Iter 5000/5004 | loss 0.0138 | lr 0.056484
2025-10-15 19:10:17,231 | INFO | Epoch 44/90 | Train loss 0.0138 | Val acc@1 60.26 | acc@5 83.79 | LR 0.056484
2025-10-15 19:10:40,266 | INFO | Iter 50/5004 | loss 0.0133 | lr 0.056466
2025-10-15 19:11:01,300 | INFO | Iter 100/5004 | loss 0.0139 | lr 0.056447
2025-10-15 19:11:22,333 | INFO | Iter 150/5004 | loss 0.0140 | lr 0.056429
2025-10-15 19:11:43,366 | INFO | Iter 200/5004 | loss 0.0139 | lr 0.056411
2025-10-15 19:12:04,400 | INFO | Iter 250/5004 | loss 0.0140 | lr 0.056393
2025-10-15 19:12:25,438 | INFO | Iter 300/5004 | loss 0.0139 | lr 0.056374
2025-10-15 19:12:46,474 | INFO | Iter 350/5004 | loss 0.0139 | lr 0.056356
2025-10-15 19:13:07,510 | INFO | Iter 400/5004 | loss 0.0139 | lr 0.056338
2025-10-15 19:13:28,546 | INFO | Iter 450/5004 | loss 0.0139 | lr 0.056319
2025-10-15 19:13:49,581 | INFO | Iter 500/5004 | loss 0.0139 | lr 0.056301
2025-10-15 19:14:10,614 | INFO | Iter 550/5004 | loss 0.0138 | lr 0.056283
2025-10-15 19:14:31,649 | INFO | Iter 600/5004 | loss 0.0138 | lr 0.056264
2025-10-15 19:14:52,684 | INFO | Iter 650/5004 | loss 0.0137 | lr 0.056246
2025-10-15 19:15:13,722 | INFO | Iter 700/5004 | loss 0.0137 | lr 0.056228
2025-10-15 19:15:34,756 | INFO | Iter 750/5004 | loss 0.0137 | lr 0.056209
2025-10-15 19:15:55,792 | INFO | Iter 800/5004 | loss 0.0137 | lr 0.056191
2025-10-15 19:16:16,826 | INFO | Iter 850/5004 | loss 0.0138 | lr 0.056173
2025-10-15 19:16:37,860 | INFO | Iter 900/5004 | loss 0.0138 | lr 0.056154
2025-10-15 19:16:58,896 | INFO | Iter 950/5004 | loss 0.0138 | lr 0.056136
2025-10-15 19:17:19,930 | INFO | Iter 1000/5004 | loss 0.0138 | lr 0.056118
2025-10-15 19:17:40,967 | INFO | Iter 1050/5004 | loss 0.0138 | lr 0.056099
2025-10-15 19:18:02,002 | INFO | Iter 1100/5004 | loss 0.0138 | lr 0.056081
2025-10-15 19:18:23,037 | INFO | Iter 1150/5004 | loss 0.0138 | lr 0.056063
2025-10-15 19:18:44,072 | INFO | Iter 1200/5004 | loss 0.0138 | lr 0.056044
2025-10-15 19:19:05,104 | INFO | Iter 1250/5004 | loss 0.0138 | lr 0.056026
2025-10-15 19:19:26,140 | INFO | Iter 1300/5004 | loss 0.0138 | lr 0.056008
2025-10-15 19:19:47,174 | INFO | Iter 1350/5004 | loss 0.0138 | lr 0.055989
2025-10-15 19:20:08,208 | INFO | Iter 1400/5004 | loss 0.0138 | lr 0.055971
2025-10-15 19:20:29,241 | INFO | Iter 1450/5004 | loss 0.0138 | lr 0.055953
2025-10-15 19:20:50,271 | INFO | Iter 1500/5004 | loss 0.0138 | lr 0.055934
2025-10-15 19:21:11,307 | INFO | Iter 1550/5004 | loss 0.0138 | lr 0.055916
2025-10-15 19:21:32,340 | INFO | Iter 1600/5004 | loss 0.0138 | lr 0.055898
2025-10-15 19:21:53,375 | INFO | Iter 1650/5004 | loss 0.0138 | lr 0.055879
2025-10-15 19:22:14,410 | INFO | Iter 1700/5004 | loss 0.0138 | lr 0.055861
2025-10-15 19:22:35,443 | INFO | Iter 1750/5004 | loss 0.0137 | lr 0.055843
2025-10-15 19:22:56,475 | INFO | Iter 1800/5004 | loss 0.0137 | lr 0.055824
2025-10-15 19:23:17,510 | INFO | Iter 1850/5004 | loss 0.0137 | lr 0.055806
2025-10-15 19:23:38,543 | INFO | Iter 1900/5004 | loss 0.0137 | lr 0.055788
2025-10-15 19:23:59,579 | INFO | Iter 1950/5004 | loss 0.0137 | lr 0.055769
2025-10-15 19:24:20,617 | INFO | Iter 2000/5004 | loss 0.0137 | lr 0.055751
2025-10-15 19:24:41,649 | INFO | Iter 2050/5004 | loss 0.0137 | lr 0.055733
2025-10-15 19:25:02,685 | INFO | Iter 2100/5004 | loss 0.0137 | lr 0.055714
2025-10-15 19:25:23,719 | INFO | Iter 2150/5004 | loss 0.0137 | lr 0.055696
2025-10-15 19:25:44,753 | INFO | Iter 2200/5004 | loss 0.0137 | lr 0.055678
2025-10-15 19:26:05,790 | INFO | Iter 2250/5004 | loss 0.0137 | lr 0.055659
2025-10-15 19:26:26,823 | INFO | Iter 2300/5004 | loss 0.0137 | lr 0.055641
2025-10-15 19:26:47,860 | INFO | Iter 2350/5004 | loss 0.0137 | lr 0.055623
2025-10-15 19:27:08,893 | INFO | Iter 2400/5004 | loss 0.0137 | lr 0.055604
2025-10-15 19:27:29,929 | INFO | Iter 2450/5004 | loss 0.0137 | lr 0.055586
2025-10-15 19:27:50,961 | INFO | Iter 2500/5004 | loss 0.0137 | lr 0.055568
2025-10-15 19:28:11,994 | INFO | Iter 2550/5004 | loss 0.0137 | lr 0.055549
2025-10-15 19:28:33,027 | INFO | Iter 2600/5004 | loss 0.0137 | lr 0.055531
2025-10-15 19:28:54,062 | INFO | Iter 2650/5004 | loss 0.0137 | lr 0.055513
2025-10-15 19:29:15,097 | INFO | Iter 2700/5004 | loss 0.0137 | lr 0.055494
2025-10-15 19:29:36,133 | INFO | Iter 2750/5004 | loss 0.0137 | lr 0.055476
2025-10-15 19:29:57,168 | INFO | Iter 2800/5004 | loss 0.0137 | lr 0.055457
2025-10-15 19:30:18,203 | INFO | Iter 2850/5004 | loss 0.0137 | lr 0.055439
2025-10-15 19:30:39,238 | INFO | Iter 2900/5004 | loss 0.0137 | lr 0.055421
2025-10-15 19:31:00,274 | INFO | Iter 2950/5004 | loss 0.0137 | lr 0.055402
2025-10-15 19:31:21,309 | INFO | Iter 3000/5004 | loss 0.0137 | lr 0.055384
2025-10-15 19:31:42,341 | INFO | Iter 3050/5004 | loss 0.0137 | lr 0.055366
2025-10-15 19:32:03,376 | INFO | Iter 3100/5004 | loss 0.0137 | lr 0.055347
2025-10-15 19:32:24,413 | INFO | Iter 3150/5004 | loss 0.0137 | lr 0.055329
2025-10-15 19:32:45,449 | INFO | Iter 3200/5004 | loss 0.0137 | lr 0.055311
2025-10-15 19:33:06,484 | INFO | Iter 3250/5004 | loss 0.0137 | lr 0.055292
2025-10-15 19:33:27,519 | INFO | Iter 3300/5004 | loss 0.0137 | lr 0.055274
2025-10-15 19:33:48,553 | INFO | Iter 3350/5004 | loss 0.0137 | lr 0.055256
2025-10-15 19:34:09,585 | INFO | Iter 3400/5004 | loss 0.0137 | lr 0.055237
2025-10-15 19:34:30,620 | INFO | Iter 3450/5004 | loss 0.0137 | lr 0.055219
2025-10-15 19:34:51,657 | INFO | Iter 3500/5004 | loss 0.0137 | lr 0.055200
2025-10-15 19:35:12,693 | INFO | Iter 3550/5004 | loss 0.0137 | lr 0.055182
2025-10-15 19:35:33,728 | INFO | Iter 3600/5004 | loss 0.0137 | lr 0.055164
2025-10-15 19:35:54,765 | INFO | Iter 3650/5004 | loss 0.0137 | lr 0.055145
2025-10-15 19:36:15,798 | INFO | Iter 3700/5004 | loss 0.0137 | lr 0.055127
2025-10-15 19:36:36,834 | INFO | Iter 3750/5004 | loss 0.0137 | lr 0.055109
2025-10-15 19:36:57,869 | INFO | Iter 3800/5004 | loss 0.0137 | lr 0.055090
2025-10-15 19:37:18,905 | INFO | Iter 3850/5004 | loss 0.0137 | lr 0.055072
2025-10-15 19:37:39,935 | INFO | Iter 3900/5004 | loss 0.0137 | lr 0.055053
2025-10-15 19:38:00,969 | INFO | Iter 3950/5004 | loss 0.0137 | lr 0.055035
2025-10-15 19:38:22,003 | INFO | Iter 4000/5004 | loss 0.0137 | lr 0.055017
2025-10-15 19:38:43,037 | INFO | Iter 4050/5004 | loss 0.0137 | lr 0.054998
2025-10-15 19:39:04,071 | INFO | Iter 4100/5004 | loss 0.0137 | lr 0.054980
2025-10-15 19:39:25,107 | INFO | Iter 4150/5004 | loss 0.0137 | lr 0.054962
2025-10-15 19:39:46,141 | INFO | Iter 4200/5004 | loss 0.0137 | lr 0.054943
2025-10-15 19:40:07,174 | INFO | Iter 4250/5004 | loss 0.0137 | lr 0.054925
2025-10-15 19:40:28,208 | INFO | Iter 4300/5004 | loss 0.0137 | lr 0.054906
2025-10-15 19:40:49,242 | INFO | Iter 4350/5004 | loss 0.0137 | lr 0.054888
2025-10-15 19:41:10,277 | INFO | Iter 4400/5004 | loss 0.0136 | lr 0.054870
2025-10-15 19:41:31,314 | INFO | Iter 4450/5004 | loss 0.0136 | lr 0.054851
2025-10-15 19:41:52,347 | INFO | Iter 4500/5004 | loss 0.0136 | lr 0.054833
2025-10-15 19:42:13,383 | INFO | Iter 4550/5004 | loss 0.0136 | lr 0.054815
2025-10-15 19:42:34,418 | INFO | Iter 4600/5004 | loss 0.0136 | lr 0.054796
2025-10-15 19:42:55,453 | INFO | Iter 4650/5004 | loss 0.0136 | lr 0.054778
2025-10-15 19:43:16,490 | INFO | Iter 4700/5004 | loss 0.0136 | lr 0.054759
2025-10-15 19:43:37,521 | INFO | Iter 4750/5004 | loss 0.0136 | lr 0.054741
2025-10-15 19:43:58,551 | INFO | Iter 4800/5004 | loss 0.0136 | lr 0.054723
2025-10-15 19:44:19,584 | INFO | Iter 4850/5004 | loss 0.0136 | lr 0.054704
2025-10-15 19:44:40,619 | INFO | Iter 4900/5004 | loss 0.0136 | lr 0.054686
2025-10-15 19:45:01,652 | INFO | Iter 4950/5004 | loss 0.0136 | lr 0.054668
2025-10-15 19:45:22,678 | INFO | Iter 5000/5004 | loss 0.0136 | lr 0.054649
2025-10-15 19:46:11,381 | INFO | Epoch 45/90 | Train loss 0.0136 | Val acc@1 59.55 | acc@5 83.55 | LR 0.054649
2025-10-15 19:46:33,946 | INFO | Iter 50/5004 | loss 0.0131 | lr 0.054631
2025-10-15 19:46:54,978 | INFO | Iter 100/5004 | loss 0.0137 | lr 0.054612
2025-10-15 19:47:16,009 | INFO | Iter 150/5004 | loss 0.0135 | lr 0.054594
2025-10-15 19:47:37,040 | INFO | Iter 200/5004 | loss 0.0136 | lr 0.054576
2025-10-15 19:47:58,072 | INFO | Iter 250/5004 | loss 0.0135 | lr 0.054557
2025-10-15 19:48:19,109 | INFO | Iter 300/5004 | loss 0.0136 | lr 0.054539
2025-10-15 19:48:40,144 | INFO | Iter 350/5004 | loss 0.0136 | lr 0.054520
2025-10-15 19:49:01,178 | INFO | Iter 400/5004 | loss 0.0135 | lr 0.054502
2025-10-15 19:49:22,213 | INFO | Iter 450/5004 | loss 0.0135 | lr 0.054484
2025-10-15 19:49:43,248 | INFO | Iter 500/5004 | loss 0.0135 | lr 0.054465
2025-10-15 19:50:04,282 | INFO | Iter 550/5004 | loss 0.0135 | lr 0.054447
2025-10-15 19:50:25,318 | INFO | Iter 600/5004 | loss 0.0136 | lr 0.054429
2025-10-15 19:50:46,351 | INFO | Iter 650/5004 | loss 0.0136 | lr 0.054410
2025-10-15 19:51:07,388 | INFO | Iter 700/5004 | loss 0.0136 | lr 0.054392
2025-10-15 19:51:28,423 | INFO | Iter 750/5004 | loss 0.0136 | lr 0.054373
2025-10-15 19:51:49,459 | INFO | Iter 800/5004 | loss 0.0136 | lr 0.054355
2025-10-15 19:52:10,493 | INFO | Iter 850/5004 | loss 0.0136 | lr 0.054337
2025-10-15 19:52:31,526 | INFO | Iter 900/5004 | loss 0.0135 | lr 0.054318
2025-10-15 19:52:52,559 | INFO | Iter 950/5004 | loss 0.0136 | lr 0.054300
2025-10-15 19:53:13,594 | INFO | Iter 1000/5004 | loss 0.0136 | lr 0.054281
2025-10-15 19:53:34,629 | INFO | Iter 1050/5004 | loss 0.0135 | lr 0.054263
2025-10-15 19:53:55,663 | INFO | Iter 1100/5004 | loss 0.0135 | lr 0.054245
2025-10-15 19:54:16,700 | INFO | Iter 1150/5004 | loss 0.0136 | lr 0.054226
2025-10-15 19:54:37,738 | INFO | Iter 1200/5004 | loss 0.0136 | lr 0.054208
2025-10-15 19:54:58,773 | INFO | Iter 1250/5004 | loss 0.0136 | lr 0.054189
2025-10-15 19:55:19,806 | INFO | Iter 1300/5004 | loss 0.0136 | lr 0.054171
2025-10-15 19:55:40,840 | INFO | Iter 1350/5004 | loss 0.0136 | lr 0.054153
2025-10-15 19:56:01,875 | INFO | Iter 1400/5004 | loss 0.0136 | lr 0.054134
2025-10-15 19:56:22,908 | INFO | Iter 1450/5004 | loss 0.0136 | lr 0.054116
2025-10-15 19:56:43,942 | INFO | Iter 1500/5004 | loss 0.0136 | lr 0.054097
2025-10-15 19:57:04,977 | INFO | Iter 1550/5004 | loss 0.0136 | lr 0.054079
2025-10-15 19:57:26,010 | INFO | Iter 1600/5004 | loss 0.0136 | lr 0.054061
2025-10-15 19:57:47,044 | INFO | Iter 1650/5004 | loss 0.0136 | lr 0.054042
2025-10-15 19:58:08,081 | INFO | Iter 1700/5004 | loss 0.0136 | lr 0.054024
2025-10-15 19:58:29,117 | INFO | Iter 1750/5004 | loss 0.0136 | lr 0.054005
2025-10-15 19:58:50,151 | INFO | Iter 1800/5004 | loss 0.0136 | lr 0.053987
2025-10-15 19:59:11,186 | INFO | Iter 1850/5004 | loss 0.0136 | lr 0.053969
2025-10-15 19:59:32,221 | INFO | Iter 1900/5004 | loss 0.0136 | lr 0.053950
2025-10-15 19:59:53,254 | INFO | Iter 1950/5004 | loss 0.0136 | lr 0.053932
2025-10-15 20:00:14,288 | INFO | Iter 2000/5004 | loss 0.0136 | lr 0.053913
2025-10-15 20:00:35,324 | INFO | Iter 2050/5004 | loss 0.0136 | lr 0.053895
2025-10-15 20:00:56,356 | INFO | Iter 2100/5004 | loss 0.0136 | lr 0.053876
2025-10-15 20:01:17,388 | INFO | Iter 2150/5004 | loss 0.0136 | lr 0.053858
2025-10-15 20:01:38,423 | INFO | Iter 2200/5004 | loss 0.0136 | lr 0.053840
2025-10-15 20:01:59,455 | INFO | Iter 2250/5004 | loss 0.0136 | lr 0.053821
2025-10-15 20:02:20,487 | INFO | Iter 2300/5004 | loss 0.0136 | lr 0.053803
2025-10-15 20:02:41,523 | INFO | Iter 2350/5004 | loss 0.0136 | lr 0.053784
2025-10-15 20:03:02,557 | INFO | Iter 2400/5004 | loss 0.0136 | lr 0.053766
2025-10-15 20:03:23,589 | INFO | Iter 2450/5004 | loss 0.0136 | lr 0.053748
2025-10-15 20:03:44,623 | INFO | Iter 2500/5004 | loss 0.0137 | lr 0.053729
2025-10-15 20:04:05,657 | INFO | Iter 2550/5004 | loss 0.0136 | lr 0.053711
2025-10-15 20:04:26,690 | INFO | Iter 2600/5004 | loss 0.0136 | lr 0.053692
2025-10-15 20:04:47,725 | INFO | Iter 2650/5004 | loss 0.0136 | lr 0.053674
2025-10-15 20:05:08,757 | INFO | Iter 2700/5004 | loss 0.0136 | lr 0.053656
2025-10-15 20:05:29,794 | INFO | Iter 2750/5004 | loss 0.0136 | lr 0.053637
2025-10-15 20:05:50,831 | INFO | Iter 2800/5004 | loss 0.0137 | lr 0.053619
2025-10-15 20:06:11,866 | INFO | Iter 2850/5004 | loss 0.0137 | lr 0.053600
2025-10-15 20:06:32,900 | INFO | Iter 2900/5004 | loss 0.0137 | lr 0.053582
2025-10-15 20:06:53,932 | INFO | Iter 2950/5004 | loss 0.0136 | lr 0.053563
2025-10-15 20:07:14,965 | INFO | Iter 3000/5004 | loss 0.0137 | lr 0.053545
2025-10-15 20:07:35,997 | INFO | Iter 3050/5004 | loss 0.0136 | lr 0.053527
2025-10-15 20:07:57,034 | INFO | Iter 3100/5004 | loss 0.0137 | lr 0.053508
2025-10-15 20:08:18,069 | INFO | Iter 3150/5004 | loss 0.0137 | lr 0.053490
2025-10-15 20:08:39,102 | INFO | Iter 3200/5004 | loss 0.0137 | lr 0.053471
2025-10-15 20:09:00,135 | INFO | Iter 3250/5004 | loss 0.0137 | lr 0.053453
2025-10-15 20:09:21,168 | INFO | Iter 3300/5004 | loss 0.0137 | lr 0.053435
2025-10-15 20:09:42,203 | INFO | Iter 3350/5004 | loss 0.0137 | lr 0.053416
2025-10-15 20:10:03,240 | INFO | Iter 3400/5004 | loss 0.0136 | lr 0.053398
2025-10-15 20:10:24,274 | INFO | Iter 3450/5004 | loss 0.0136 | lr 0.053379
2025-10-15 20:10:45,309 | INFO | Iter 3500/5004 | loss 0.0136 | lr 0.053361
2025-10-15 20:11:06,341 | INFO | Iter 3550/5004 | loss 0.0136 | lr 0.053342
2025-10-15 20:11:27,375 | INFO | Iter 3600/5004 | loss 0.0136 | lr 0.053324
2025-10-15 20:11:48,411 | INFO | Iter 3650/5004 | loss 0.0136 | lr 0.053306
2025-10-15 20:12:09,446 | INFO | Iter 3700/5004 | loss 0.0136 | lr 0.053287
2025-10-15 20:12:30,481 | INFO | Iter 3750/5004 | loss 0.0136 | lr 0.053269
2025-10-15 20:12:51,515 | INFO | Iter 3800/5004 | loss 0.0136 | lr 0.053250
2025-10-15 20:13:12,549 | INFO | Iter 3850/5004 | loss 0.0136 | lr 0.053232
2025-10-15 20:13:33,585 | INFO | Iter 3900/5004 | loss 0.0136 | lr 0.053213
2025-10-15 20:13:54,621 | INFO | Iter 3950/5004 | loss 0.0136 | lr 0.053195
2025-10-15 20:14:15,656 | INFO | Iter 4000/5004 | loss 0.0136 | lr 0.053177
2025-10-15 20:14:36,692 | INFO | Iter 4050/5004 | loss 0.0136 | lr 0.053158
2025-10-15 20:14:57,727 | INFO | Iter 4100/5004 | loss 0.0136 | lr 0.053140
2025-10-15 20:15:18,760 | INFO | Iter 4150/5004 | loss 0.0136 | lr 0.053121
2025-10-15 20:15:39,791 | INFO | Iter 4200/5004 | loss 0.0136 | lr 0.053103
2025-10-15 20:16:00,822 | INFO | Iter 4250/5004 | loss 0.0136 | lr 0.053084
2025-10-15 20:16:21,856 | INFO | Iter 4300/5004 | loss 0.0136 | lr 0.053066
2025-10-15 20:16:42,890 | INFO | Iter 4350/5004 | loss 0.0136 | lr 0.053048
2025-10-15 20:17:03,927 | INFO | Iter 4400/5004 | loss 0.0136 | lr 0.053029
2025-10-15 20:17:24,963 | INFO | Iter 4450/5004 | loss 0.0136 | lr 0.053011
2025-10-15 20:17:45,997 | INFO | Iter 4500/5004 | loss 0.0136 | lr 0.052992
2025-10-15 20:18:07,029 | INFO | Iter 4550/5004 | loss 0.0136 | lr 0.052974
2025-10-15 20:18:28,062 | INFO | Iter 4600/5004 | loss 0.0136 | lr 0.052955
2025-10-15 20:18:49,098 | INFO | Iter 4650/5004 | loss 0.0136 | lr 0.052937
2025-10-15 20:19:10,131 | INFO | Iter 4700/5004 | loss 0.0136 | lr 0.052919
2025-10-15 20:19:31,167 | INFO | Iter 4750/5004 | loss 0.0136 | lr 0.052900
2025-10-15 20:19:52,194 | INFO | Iter 4800/5004 | loss 0.0136 | lr 0.052882
2025-10-15 20:20:13,230 | INFO | Iter 4850/5004 | loss 0.0136 | lr 0.052863
2025-10-15 20:20:34,267 | INFO | Iter 4900/5004 | loss 0.0136 | lr 0.052845
2025-10-15 20:20:55,292 | INFO | Iter 4950/5004 | loss 0.0136 | lr 0.052826
2025-10-15 20:21:16,315 | INFO | Iter 5000/5004 | loss 0.0136 | lr 0.052808
2025-10-15 20:22:08,303 | INFO | Epoch 46/90 | Train loss 0.0136 | Val acc@1 61.11 | acc@5 84.67 | LR 0.052808
2025-10-15 20:22:31,262 | INFO | Iter 50/5004 | loss 0.0136 | lr 0.052789
2025-10-15 20:22:52,296 | INFO | Iter 100/5004 | loss 0.0142 | lr 0.052771
2025-10-15 20:23:13,330 | INFO | Iter 150/5004 | loss 0.0140 | lr 0.052753
2025-10-15 20:23:34,363 | INFO | Iter 200/5004 | loss 0.0138 | lr 0.052734
2025-10-15 20:23:55,399 | INFO | Iter 250/5004 | loss 0.0138 | lr 0.052716
2025-10-15 20:24:16,434 | INFO | Iter 300/5004 | loss 0.0137 | lr 0.052697
2025-10-15 20:24:37,468 | INFO | Iter 350/5004 | loss 0.0137 | lr 0.052679
2025-10-15 20:24:58,503 | INFO | Iter 400/5004 | loss 0.0138 | lr 0.052660
2025-10-15 20:25:19,537 | INFO | Iter 450/5004 | loss 0.0138 | lr 0.052642
2025-10-15 20:25:40,574 | INFO | Iter 500/5004 | loss 0.0138 | lr 0.052624
2025-10-15 20:26:01,607 | INFO | Iter 550/5004 | loss 0.0137 | lr 0.052605
2025-10-15 20:26:22,639 | INFO | Iter 600/5004 | loss 0.0137 | lr 0.052587
2025-10-15 20:26:43,672 | INFO | Iter 650/5004 | loss 0.0137 | lr 0.052568
2025-10-15 20:27:04,708 | INFO | Iter 700/5004 | loss 0.0137 | lr 0.052550
2025-10-15 20:27:25,743 | INFO | Iter 750/5004 | loss 0.0137 | lr 0.052531
2025-10-15 20:27:46,777 | INFO | Iter 800/5004 | loss 0.0136 | lr 0.052513
2025-10-15 20:28:07,811 | INFO | Iter 850/5004 | loss 0.0136 | lr 0.052494
2025-10-15 20:28:28,846 | INFO | Iter 900/5004 | loss 0.0136 | lr 0.052476
2025-10-15 20:28:49,880 | INFO | Iter 950/5004 | loss 0.0136 | lr 0.052458
2025-10-15 20:29:10,914 | INFO | Iter 1000/5004 | loss 0.0136 | lr 0.052439
2025-10-15 20:29:31,948 | INFO | Iter 1050/5004 | loss 0.0136 | lr 0.052421
2025-10-15 20:29:52,981 | INFO | Iter 1100/5004 | loss 0.0135 | lr 0.052402
2025-10-15 20:30:14,016 | INFO | Iter 1150/5004 | loss 0.0136 | lr 0.052384
2025-10-15 20:30:35,051 | INFO | Iter 1200/5004 | loss 0.0136 | lr 0.052365
2025-10-15 20:30:56,084 | INFO | Iter 1250/5004 | loss 0.0136 | lr 0.052347
2025-10-15 20:31:17,119 | INFO | Iter 1300/5004 | loss 0.0136 | lr 0.052328
2025-10-15 20:31:38,155 | INFO | Iter 1350/5004 | loss 0.0136 | lr 0.052310
2025-10-15 20:31:59,191 | INFO | Iter 1400/5004 | loss 0.0136 | lr 0.052292
2025-10-15 20:32:20,223 | INFO | Iter 1450/5004 | loss 0.0136 | lr 0.052273
2025-10-15 20:32:41,258 | INFO | Iter 1500/5004 | loss 0.0136 | lr 0.052255
2025-10-15 20:33:02,292 | INFO | Iter 1550/5004 | loss 0.0136 | lr 0.052236
2025-10-15 20:33:23,325 | INFO | Iter 1600/5004 | loss 0.0136 | lr 0.052218
2025-10-15 20:33:44,361 | INFO | Iter 1650/5004 | loss 0.0136 | lr 0.052199
2025-10-15 20:34:05,395 | INFO | Iter 1700/5004 | loss 0.0136 | lr 0.052181
2025-10-15 20:34:26,430 | INFO | Iter 1750/5004 | loss 0.0136 | lr 0.052162
2025-10-15 20:34:47,459 | INFO | Iter 1800/5004 | loss 0.0136 | lr 0.052144
2025-10-15 20:35:08,492 | INFO | Iter 1850/5004 | loss 0.0136 | lr 0.052126
2025-10-15 20:35:29,525 | INFO | Iter 1900/5004 | loss 0.0136 | lr 0.052107
2025-10-15 20:35:50,559 | INFO | Iter 1950/5004 | loss 0.0136 | lr 0.052089
2025-10-15 20:36:11,593 | INFO | Iter 2000/5004 | loss 0.0136 | lr 0.052070
2025-10-15 20:36:32,629 | INFO | Iter 2050/5004 | loss 0.0136 | lr 0.052052
2025-10-15 20:36:53,661 | INFO | Iter 2100/5004 | loss 0.0136 | lr 0.052033
2025-10-15 20:37:14,695 | INFO | Iter 2150/5004 | loss 0.0136 | lr 0.052015
2025-10-15 20:37:35,733 | INFO | Iter 2200/5004 | loss 0.0136 | lr 0.051996
2025-10-15 20:37:56,767 | INFO | Iter 2250/5004 | loss 0.0136 | lr 0.051978
2025-10-15 20:38:17,803 | INFO | Iter 2300/5004 | loss 0.0136 | lr 0.051960
2025-10-15 20:38:38,835 | INFO | Iter 2350/5004 | loss 0.0136 | lr 0.051941
2025-10-15 20:38:59,868 | INFO | Iter 2400/5004 | loss 0.0136 | lr 0.051923
2025-10-15 20:39:20,901 | INFO | Iter 2450/5004 | loss 0.0135 | lr 0.051904
2025-10-15 20:39:41,935 | INFO | Iter 2500/5004 | loss 0.0136 | lr 0.051886
2025-10-15 20:40:02,970 | INFO | Iter 2550/5004 | loss 0.0136 | lr 0.051867
2025-10-15 20:40:24,003 | INFO | Iter 2600/5004 | loss 0.0136 | lr 0.051849
2025-10-15 20:40:45,034 | INFO | Iter 2650/5004 | loss 0.0136 | lr 0.051830
2025-10-15 20:41:06,069 | INFO | Iter 2700/5004 | loss 0.0135 | lr 0.051812
2025-10-15 20:41:27,104 | INFO | Iter 2750/5004 | loss 0.0135 | lr 0.051793
2025-10-15 20:41:48,139 | INFO | Iter 2800/5004 | loss 0.0135 | lr 0.051775
2025-10-15 20:42:09,172 | INFO | Iter 2850/5004 | loss 0.0136 | lr 0.051757
2025-10-15 20:42:30,209 | INFO | Iter 2900/5004 | loss 0.0135 | lr 0.051738
2025-10-15 20:42:51,242 | INFO | Iter 2950/5004 | loss 0.0135 | lr 0.051720
2025-10-15 20:43:12,274 | INFO | Iter 3000/5004 | loss 0.0136 | lr 0.051701
2025-10-15 20:43:33,310 | INFO | Iter 3050/5004 | loss 0.0136 | lr 0.051683
2025-10-15 20:43:54,346 | INFO | Iter 3100/5004 | loss 0.0136 | lr 0.051664
2025-10-15 20:44:15,381 | INFO | Iter 3150/5004 | loss 0.0136 | lr 0.051646
2025-10-15 20:44:36,415 | INFO | Iter 3200/5004 | loss 0.0136 | lr 0.051627
2025-10-15 20:44:57,450 | INFO | Iter 3250/5004 | loss 0.0136 | lr 0.051609
2025-10-15 20:45:18,485 | INFO | Iter 3300/5004 | loss 0.0136 | lr 0.051590
2025-10-15 20:45:39,520 | INFO | Iter 3350/5004 | loss 0.0136 | lr 0.051572
2025-10-15 20:46:00,555 | INFO | Iter 3400/5004 | loss 0.0136 | lr 0.051554
2025-10-15 20:46:21,592 | INFO | Iter 3450/5004 | loss 0.0136 | lr 0.051535
2025-10-15 20:46:42,624 | INFO | Iter 3500/5004 | loss 0.0136 | lr 0.051517
2025-10-15 20:47:03,659 | INFO | Iter 3550/5004 | loss 0.0136 | lr 0.051498
2025-10-15 20:47:24,694 | INFO | Iter 3600/5004 | loss 0.0136 | lr 0.051480
2025-10-15 20:47:45,728 | INFO | Iter 3650/5004 | loss 0.0136 | lr 0.051461
2025-10-15 20:48:06,760 | INFO | Iter 3700/5004 | loss 0.0136 | lr 0.051443
2025-10-15 20:48:27,795 | INFO | Iter 3750/5004 | loss 0.0136 | lr 0.051424
2025-10-15 20:48:48,830 | INFO | Iter 3800/5004 | loss 0.0136 | lr 0.051406
2025-10-15 20:49:09,864 | INFO | Iter 3850/5004 | loss 0.0136 | lr 0.051387
2025-10-15 20:49:30,900 | INFO | Iter 3900/5004 | loss 0.0136 | lr 0.051369
2025-10-15 20:49:51,931 | INFO | Iter 3950/5004 | loss 0.0136 | lr 0.051350
2025-10-15 20:50:12,965 | INFO | Iter 4000/5004 | loss 0.0136 | lr 0.051332
2025-10-15 20:50:33,997 | INFO | Iter 4050/5004 | loss 0.0136 | lr 0.051314
2025-10-15 20:50:55,030 | INFO | Iter 4100/5004 | loss 0.0136 | lr 0.051295
2025-10-15 20:51:16,062 | INFO | Iter 4150/5004 | loss 0.0136 | lr 0.051277
2025-10-15 20:51:37,095 | INFO | Iter 4200/5004 | loss 0.0136 | lr 0.051258
2025-10-15 20:51:58,129 | INFO | Iter 4250/5004 | loss 0.0136 | lr 0.051240
2025-10-15 20:52:19,165 | INFO | Iter 4300/5004 | loss 0.0136 | lr 0.051221
2025-10-15 20:52:40,201 | INFO | Iter 4350/5004 | loss 0.0136 | lr 0.051203
2025-10-15 20:53:01,236 | INFO | Iter 4400/5004 | loss 0.0136 | lr 0.051184
2025-10-15 20:53:22,269 | INFO | Iter 4450/5004 | loss 0.0136 | lr 0.051166
2025-10-15 20:53:43,301 | INFO | Iter 4500/5004 | loss 0.0136 | lr 0.051147
2025-10-15 20:54:04,334 | INFO | Iter 4550/5004 | loss 0.0136 | lr 0.051129
2025-10-15 20:54:25,366 | INFO | Iter 4600/5004 | loss 0.0136 | lr 0.051111
2025-10-15 20:54:46,401 | INFO | Iter 4650/5004 | loss 0.0136 | lr 0.051092
2025-10-15 20:55:07,435 | INFO | Iter 4700/5004 | loss 0.0136 | lr 0.051074
2025-10-15 20:55:28,468 | INFO | Iter 4750/5004 | loss 0.0136 | lr 0.051055
2025-10-15 20:55:49,498 | INFO | Iter 4800/5004 | loss 0.0136 | lr 0.051037
2025-10-15 20:56:10,532 | INFO | Iter 4850/5004 | loss 0.0136 | lr 0.051018
2025-10-15 20:56:31,565 | INFO | Iter 4900/5004 | loss 0.0136 | lr 0.051000
2025-10-15 20:56:52,595 | INFO | Iter 4950/5004 | loss 0.0136 | lr 0.050981
2025-10-15 20:57:13,616 | INFO | Iter 5000/5004 | loss 0.0136 | lr 0.050963
2025-10-15 20:58:04,786 | INFO | Epoch 47/90 | Train loss 0.0136 | Val acc@1 61.37 | acc@5 84.64 | LR 0.050963
2025-10-15 20:58:27,364 | INFO | Iter 50/5004 | loss 0.0135 | lr 0.050944
2025-10-15 20:58:48,399 | INFO | Iter 100/5004 | loss 0.0135 | lr 0.050926
2025-10-15 20:59:09,435 | INFO | Iter 150/5004 | loss 0.0136 | lr 0.050907
2025-10-15 20:59:30,472 | INFO | Iter 200/5004 | loss 0.0136 | lr 0.050889
2025-10-15 20:59:51,509 | INFO | Iter 250/5004 | loss 0.0136 | lr 0.050871
2025-10-15 21:00:12,547 | INFO | Iter 300/5004 | loss 0.0137 | lr 0.050852
2025-10-15 21:00:33,585 | INFO | Iter 350/5004 | loss 0.0137 | lr 0.050834
2025-10-15 21:00:54,621 | INFO | Iter 400/5004 | loss 0.0136 | lr 0.050815
2025-10-15 21:01:15,658 | INFO | Iter 450/5004 | loss 0.0136 | lr 0.050797
2025-10-15 21:01:36,696 | INFO | Iter 500/5004 | loss 0.0136 | lr 0.050778
2025-10-15 21:01:57,734 | INFO | Iter 550/5004 | loss 0.0136 | lr 0.050760
2025-10-15 21:02:18,769 | INFO | Iter 600/5004 | loss 0.0136 | lr 0.050741
2025-10-15 21:02:39,808 | INFO | Iter 650/5004 | loss 0.0136 | lr 0.050723
2025-10-15 21:03:00,844 | INFO | Iter 700/5004 | loss 0.0136 | lr 0.050704
2025-10-15 21:03:21,880 | INFO | Iter 750/5004 | loss 0.0137 | lr 0.050686
2025-10-15 21:03:42,915 | INFO | Iter 800/5004 | loss 0.0137 | lr 0.050667
2025-10-15 21:04:03,952 | INFO | Iter 850/5004 | loss 0.0137 | lr 0.050649
2025-10-15 21:04:24,988 | INFO | Iter 900/5004 | loss 0.0137 | lr 0.050631
2025-10-15 21:04:46,024 | INFO | Iter 950/5004 | loss 0.0137 | lr 0.050612
2025-10-15 21:05:07,062 | INFO | Iter 1000/5004 | loss 0.0137 | lr 0.050594
2025-10-15 21:05:28,099 | INFO | Iter 1050/5004 | loss 0.0137 | lr 0.050575
2025-10-15 21:05:49,136 | INFO | Iter 1100/5004 | loss 0.0137 | lr 0.050557
2025-10-15 21:06:10,172 | INFO | Iter 1150/5004 | loss 0.0137 | lr 0.050538
2025-10-15 21:06:31,209 | INFO | Iter 1200/5004 | loss 0.0137 | lr 0.050520
2025-10-15 21:06:52,246 | INFO | Iter 1250/5004 | loss 0.0137 | lr 0.050501
2025-10-15 21:07:13,283 | INFO | Iter 1300/5004 | loss 0.0137 | lr 0.050483
2025-10-15 21:07:34,322 | INFO | Iter 1350/5004 | loss 0.0136 | lr 0.050464
2025-10-15 21:07:55,359 | INFO | Iter 1400/5004 | loss 0.0137 | lr 0.050446
2025-10-15 21:08:16,397 | INFO | Iter 1450/5004 | loss 0.0137 | lr 0.050427
2025-10-15 21:08:37,432 | INFO | Iter 1500/5004 | loss 0.0137 | lr 0.050409
2025-10-15 21:08:58,471 | INFO | Iter 1550/5004 | loss 0.0137 | lr 0.050390
2025-10-15 21:09:19,511 | INFO | Iter 1600/5004 | loss 0.0137 | lr 0.050372
2025-10-15 21:09:40,549 | INFO | Iter 1650/5004 | loss 0.0137 | lr 0.050354
2025-10-15 21:10:01,585 | INFO | Iter 1700/5004 | loss 0.0137 | lr 0.050335
2025-10-15 21:10:22,622 | INFO | Iter 1750/5004 | loss 0.0136 | lr 0.050317
2025-10-15 21:10:43,658 | INFO | Iter 1800/5004 | loss 0.0137 | lr 0.050298
2025-10-15 21:11:04,693 | INFO | Iter 1850/5004 | loss 0.0137 | lr 0.050280
2025-10-15 21:11:25,730 | INFO | Iter 1900/5004 | loss 0.0136 | lr 0.050261
2025-10-15 21:11:46,767 | INFO | Iter 1950/5004 | loss 0.0136 | lr 0.050243
2025-10-15 21:12:07,803 | INFO | Iter 2000/5004 | loss 0.0136 | lr 0.050224
2025-10-15 21:12:28,840 | INFO | Iter 2050/5004 | loss 0.0136 | lr 0.050206
2025-10-15 21:12:49,876 | INFO | Iter 2100/5004 | loss 0.0136 | lr 0.050187
2025-10-15 21:13:10,915 | INFO | Iter 2150/5004 | loss 0.0136 | lr 0.050169
2025-10-15 21:13:31,949 | INFO | Iter 2200/5004 | loss 0.0136 | lr 0.050150
2025-10-15 21:13:52,988 | INFO | Iter 2250/5004 | loss 0.0136 | lr 0.050132
2025-10-15 21:14:14,033 | INFO | Iter 2300/5004 | loss 0.0136 | lr 0.050114
2025-10-15 21:14:35,071 | INFO | Iter 2350/5004 | loss 0.0136 | lr 0.050095
2025-10-15 21:14:56,106 | INFO | Iter 2400/5004 | loss 0.0136 | lr 0.050077
2025-10-15 21:15:17,141 | INFO | Iter 2450/5004 | loss 0.0136 | lr 0.050058
2025-10-15 21:15:38,175 | INFO | Iter 2500/5004 | loss 0.0136 | lr 0.050040
2025-10-15 21:15:59,207 | INFO | Iter 2550/5004 | loss 0.0136 | lr 0.050021
2025-10-15 21:16:20,240 | INFO | Iter 2600/5004 | loss 0.0136 | lr 0.050003
2025-10-15 21:16:41,273 | INFO | Iter 2650/5004 | loss 0.0136 | lr 0.049984
2025-10-15 21:17:02,307 | INFO | Iter 2700/5004 | loss 0.0136 | lr 0.049966
2025-10-15 21:17:23,343 | INFO | Iter 2750/5004 | loss 0.0136 | lr 0.049947
2025-10-15 21:17:44,378 | INFO | Iter 2800/5004 | loss 0.0136 | lr 0.049929
2025-10-15 21:18:05,414 | INFO | Iter 2850/5004 | loss 0.0136 | lr 0.049910
2025-10-15 21:18:26,448 | INFO | Iter 2900/5004 | loss 0.0136 | lr 0.049892
2025-10-15 21:18:47,483 | INFO | Iter 2950/5004 | loss 0.0136 | lr 0.049873
2025-10-15 21:19:08,516 | INFO | Iter 3000/5004 | loss 0.0136 | lr 0.049855
2025-10-15 21:19:29,551 | INFO | Iter 3050/5004 | loss 0.0136 | lr 0.049837
2025-10-15 21:19:50,587 | INFO | Iter 3100/5004 | loss 0.0136 | lr 0.049818
2025-10-15 21:20:11,621 | INFO | Iter 3150/5004 | loss 0.0136 | lr 0.049800
2025-10-15 21:20:32,656 | INFO | Iter 3200/5004 | loss 0.0136 | lr 0.049781
2025-10-15 21:20:53,689 | INFO | Iter 3250/5004 | loss 0.0136 | lr 0.049763
2025-10-15 21:21:14,723 | INFO | Iter 3300/5004 | loss 0.0136 | lr 0.049744
2025-10-15 21:21:35,756 | INFO | Iter 3350/5004 | loss 0.0136 | lr 0.049726
2025-10-15 21:21:56,793 | INFO | Iter 3400/5004 | loss 0.0136 | lr 0.049707
2025-10-15 21:22:17,828 | INFO | Iter 3450/5004 | loss 0.0136 | lr 0.049689
2025-10-15 21:22:38,863 | INFO | Iter 3500/5004 | loss 0.0136 | lr 0.049670
2025-10-15 21:22:59,897 | INFO | Iter 3550/5004 | loss 0.0136 | lr 0.049652
2025-10-15 21:23:20,930 | INFO | Iter 3600/5004 | loss 0.0136 | lr 0.049633
2025-10-15 21:23:41,966 | INFO | Iter 3650/5004 | loss 0.0136 | lr 0.049615
2025-10-15 21:24:02,998 | INFO | Iter 3700/5004 | loss 0.0136 | lr 0.049596
2025-10-15 21:24:24,033 | INFO | Iter 3750/5004 | loss 0.0136 | lr 0.049578
2025-10-15 21:24:45,067 | INFO | Iter 3800/5004 | loss 0.0136 | lr 0.049560
2025-10-15 21:25:06,100 | INFO | Iter 3850/5004 | loss 0.0136 | lr 0.049541
2025-10-15 21:25:27,132 | INFO | Iter 3900/5004 | loss 0.0136 | lr 0.049523
2025-10-15 21:25:48,168 | INFO | Iter 3950/5004 | loss 0.0136 | lr 0.049504
2025-10-15 21:26:09,200 | INFO | Iter 4000/5004 | loss 0.0136 | lr 0.049486
2025-10-15 21:26:30,231 | INFO | Iter 4050/5004 | loss 0.0136 | lr 0.049467
2025-10-15 21:26:51,267 | INFO | Iter 4100/5004 | loss 0.0136 | lr 0.049449
2025-10-15 21:27:12,300 | INFO | Iter 4150/5004 | loss 0.0135 | lr 0.049430
2025-10-15 21:27:33,334 | INFO | Iter 4200/5004 | loss 0.0136 | lr 0.049412
2025-10-15 21:27:54,367 | INFO | Iter 4250/5004 | loss 0.0136 | lr 0.049393
2025-10-15 21:28:15,398 | INFO | Iter 4300/5004 | loss 0.0136 | lr 0.049375
2025-10-15 21:28:36,434 | INFO | Iter 4350/5004 | loss 0.0136 | lr 0.049356
2025-10-15 21:28:57,468 | INFO | Iter 4400/5004 | loss 0.0136 | lr 0.049338
2025-10-15 21:29:18,502 | INFO | Iter 4450/5004 | loss 0.0136 | lr 0.049320
2025-10-15 21:29:39,535 | INFO | Iter 4500/5004 | loss 0.0136 | lr 0.049301
2025-10-15 21:30:00,570 | INFO | Iter 4550/5004 | loss 0.0136 | lr 0.049283
2025-10-15 21:30:21,603 | INFO | Iter 4600/5004 | loss 0.0136 | lr 0.049264
2025-10-15 21:30:42,637 | INFO | Iter 4650/5004 | loss 0.0136 | lr 0.049246
2025-10-15 21:31:03,671 | INFO | Iter 4700/5004 | loss 0.0136 | lr 0.049227
2025-10-15 21:31:24,704 | INFO | Iter 4750/5004 | loss 0.0136 | lr 0.049209
2025-10-15 21:31:45,731 | INFO | Iter 4800/5004 | loss 0.0136 | lr 0.049190
2025-10-15 21:32:06,762 | INFO | Iter 4850/5004 | loss 0.0136 | lr 0.049172
2025-10-15 21:32:27,797 | INFO | Iter 4900/5004 | loss 0.0136 | lr 0.049153
2025-10-15 21:32:48,835 | INFO | Iter 4950/5004 | loss 0.0136 | lr 0.049135
2025-10-15 21:33:09,857 | INFO | Iter 5000/5004 | loss 0.0136 | lr 0.049116
2025-10-15 21:33:58,963 | INFO | Epoch 48/90 | Train loss 0.0136 | Val acc@1 60.67 | acc@5 83.96 | LR 0.049116
2025-10-15 21:34:22,004 | INFO | Iter 50/5004 | loss 0.0135 | lr 0.049098
2025-10-15 21:34:43,040 | INFO | Iter 100/5004 | loss 0.0132 | lr 0.049080
2025-10-15 21:35:04,076 | INFO | Iter 150/5004 | loss 0.0134 | lr 0.049061
2025-10-15 21:35:25,112 | INFO | Iter 200/5004 | loss 0.0133 | lr 0.049043
2025-10-15 21:35:46,149 | INFO | Iter 250/5004 | loss 0.0134 | lr 0.049024
2025-10-15 21:36:07,188 | INFO | Iter 300/5004 | loss 0.0134 | lr 0.049006
2025-10-15 21:36:28,225 | INFO | Iter 350/5004 | loss 0.0134 | lr 0.048987
2025-10-15 21:36:49,263 | INFO | Iter 400/5004 | loss 0.0134 | lr 0.048969
2025-10-15 21:37:10,300 | INFO | Iter 450/5004 | loss 0.0133 | lr 0.048950
2025-10-15 21:37:31,341 | INFO | Iter 500/5004 | loss 0.0133 | lr 0.048932
2025-10-15 21:37:52,377 | INFO | Iter 550/5004 | loss 0.0133 | lr 0.048913
2025-10-15 21:38:13,414 | INFO | Iter 600/5004 | loss 0.0134 | lr 0.048895
2025-10-15 21:38:34,451 | INFO | Iter 650/5004 | loss 0.0134 | lr 0.048876
2025-10-15 21:38:55,488 | INFO | Iter 700/5004 | loss 0.0134 | lr 0.048858
2025-10-15 21:39:16,525 | INFO | Iter 750/5004 | loss 0.0134 | lr 0.048840
2025-10-15 21:39:37,562 | INFO | Iter 800/5004 | loss 0.0134 | lr 0.048821
2025-10-15 21:39:58,598 | INFO | Iter 850/5004 | loss 0.0134 | lr 0.048803
2025-10-15 21:40:19,632 | INFO | Iter 900/5004 | loss 0.0134 | lr 0.048784
2025-10-15 21:40:40,669 | INFO | Iter 950/5004 | loss 0.0134 | lr 0.048766
2025-10-15 21:41:01,706 | INFO | Iter 1000/5004 | loss 0.0134 | lr 0.048747
2025-10-15 21:41:22,738 | INFO | Iter 1050/5004 | loss 0.0134 | lr 0.048729
2025-10-15 21:41:43,775 | INFO | Iter 1100/5004 | loss 0.0134 | lr 0.048710
2025-10-15 21:42:04,815 | INFO | Iter 1150/5004 | loss 0.0134 | lr 0.048692
2025-10-15 21:42:25,850 | INFO | Iter 1200/5004 | loss 0.0134 | lr 0.048673
2025-10-15 21:42:46,887 | INFO | Iter 1250/5004 | loss 0.0134 | lr 0.048655
2025-10-15 21:43:07,925 | INFO | Iter 1300/5004 | loss 0.0134 | lr 0.048636
2025-10-15 21:43:28,959 | INFO | Iter 1350/5004 | loss 0.0134 | lr 0.048618
2025-10-15 21:43:49,994 | INFO | Iter 1400/5004 | loss 0.0134 | lr 0.048600
2025-10-15 21:44:11,028 | INFO | Iter 1450/5004 | loss 0.0134 | lr 0.048581
2025-10-15 21:44:32,061 | INFO | Iter 1500/5004 | loss 0.0134 | lr 0.048563
2025-10-15 21:44:53,095 | INFO | Iter 1550/5004 | loss 0.0134 | lr 0.048544
2025-10-15 21:45:14,127 | INFO | Iter 1600/5004 | loss 0.0134 | lr 0.048526
2025-10-15 21:45:35,160 | INFO | Iter 1650/5004 | loss 0.0134 | lr 0.048507
2025-10-15 21:45:56,193 | INFO | Iter 1700/5004 | loss 0.0134 | lr 0.048489
2025-10-15 21:46:17,227 | INFO | Iter 1750/5004 | loss 0.0134 | lr 0.048470
2025-10-15 21:46:38,261 | INFO | Iter 1800/5004 | loss 0.0134 | lr 0.048452
2025-10-15 21:46:59,294 | INFO | Iter 1850/5004 | loss 0.0134 | lr 0.048433
2025-10-15 21:47:20,330 | INFO | Iter 1900/5004 | loss 0.0134 | lr 0.048415
2025-10-15 21:47:41,362 | INFO | Iter 1950/5004 | loss 0.0134 | lr 0.048397
2025-10-15 21:48:02,395 | INFO | Iter 2000/5004 | loss 0.0134 | lr 0.048378
2025-10-15 21:48:23,429 | INFO | Iter 2050/5004 | loss 0.0134 | lr 0.048360
2025-10-15 21:48:44,464 | INFO | Iter 2100/5004 | loss 0.0134 | lr 0.048341
2025-10-15 21:49:05,495 | INFO | Iter 2150/5004 | loss 0.0134 | lr 0.048323
2025-10-15 21:49:26,525 | INFO | Iter 2200/5004 | loss 0.0134 | lr 0.048304
2025-10-15 21:49:47,559 | INFO | Iter 2250/5004 | loss 0.0134 | lr 0.048286
2025-10-15 21:50:08,595 | INFO | Iter 2300/5004 | loss 0.0134 | lr 0.048267
2025-10-15 21:50:29,631 | INFO | Iter 2350/5004 | loss 0.0134 | lr 0.048249
2025-10-15 21:50:50,668 | INFO | Iter 2400/5004 | loss 0.0134 | lr 0.048230
2025-10-15 21:51:11,701 | INFO | Iter 2450/5004 | loss 0.0134 | lr 0.048212
2025-10-15 21:51:32,738 | INFO | Iter 2500/5004 | loss 0.0134 | lr 0.048194
2025-10-15 21:51:53,771 | INFO | Iter 2550/5004 | loss 0.0135 | lr 0.048175
2025-10-15 21:52:14,808 | INFO | Iter 2600/5004 | loss 0.0135 | lr 0.048157
2025-10-15 21:52:35,843 | INFO | Iter 2650/5004 | loss 0.0134 | lr 0.048138
2025-10-15 21:52:56,878 | INFO | Iter 2700/5004 | loss 0.0135 | lr 0.048120
2025-10-15 21:53:17,913 | INFO | Iter 2750/5004 | loss 0.0135 | lr 0.048101
2025-10-15 21:53:38,948 | INFO | Iter 2800/5004 | loss 0.0134 | lr 0.048083
2025-10-15 21:53:59,981 | INFO | Iter 2850/5004 | loss 0.0134 | lr 0.048064
2025-10-15 21:54:21,014 | INFO | Iter 2900/5004 | loss 0.0135 | lr 0.048046
2025-10-15 21:54:42,048 | INFO | Iter 2950/5004 | loss 0.0134 | lr 0.048027
2025-10-15 21:55:03,085 | INFO | Iter 3000/5004 | loss 0.0134 | lr 0.048009
2025-10-15 21:55:24,121 | INFO | Iter 3050/5004 | loss 0.0134 | lr 0.047991
2025-10-15 21:55:45,153 | INFO | Iter 3100/5004 | loss 0.0134 | lr 0.047972
2025-10-15 21:56:06,188 | INFO | Iter 3150/5004 | loss 0.0134 | lr 0.047954
2025-10-15 21:56:27,222 | INFO | Iter 3200/5004 | loss 0.0134 | lr 0.047935
2025-10-15 21:56:48,255 | INFO | Iter 3250/5004 | loss 0.0134 | lr 0.047917
2025-10-15 21:57:09,289 | INFO | Iter 3300/5004 | loss 0.0134 | lr 0.047898
2025-10-15 21:57:30,323 | INFO | Iter 3350/5004 | loss 0.0134 | lr 0.047880
2025-10-15 21:57:51,357 | INFO | Iter 3400/5004 | loss 0.0134 | lr 0.047861
2025-10-15 21:58:12,391 | INFO | Iter 3450/5004 | loss 0.0134 | lr 0.047843
2025-10-15 21:58:33,424 | INFO | Iter 3500/5004 | loss 0.0134 | lr 0.047825
2025-10-15 21:58:54,459 | INFO | Iter 3550/5004 | loss 0.0134 | lr 0.047806
2025-10-15 21:59:15,494 | INFO | Iter 3600/5004 | loss 0.0134 | lr 0.047788
2025-10-15 21:59:36,529 | INFO | Iter 3650/5004 | loss 0.0135 | lr 0.047769
2025-10-15 21:59:57,565 | INFO | Iter 3700/5004 | loss 0.0134 | lr 0.047751
2025-10-15 22:00:18,599 | INFO | Iter 3750/5004 | loss 0.0134 | lr 0.047732
2025-10-15 22:00:39,636 | INFO | Iter 3800/5004 | loss 0.0134 | lr 0.047714
2025-10-15 22:01:00,669 | INFO | Iter 3850/5004 | loss 0.0134 | lr 0.047695
2025-10-15 22:01:21,703 | INFO | Iter 3900/5004 | loss 0.0134 | lr 0.047677
2025-10-15 22:01:42,738 | INFO | Iter 3950/5004 | loss 0.0134 | lr 0.047659
2025-10-15 22:02:03,773 | INFO | Iter 4000/5004 | loss 0.0134 | lr 0.047640
2025-10-15 22:02:24,808 | INFO | Iter 4050/5004 | loss 0.0134 | lr 0.047622
2025-10-15 22:02:45,841 | INFO | Iter 4100/5004 | loss 0.0134 | lr 0.047603
2025-10-15 22:03:06,874 | INFO | Iter 4150/5004 | loss 0.0134 | lr 0.047585
2025-10-15 22:03:27,905 | INFO | Iter 4200/5004 | loss 0.0134 | lr 0.047566
2025-10-15 22:03:48,940 | INFO | Iter 4250/5004 | loss 0.0134 | lr 0.047548
2025-10-15 22:04:09,974 | INFO | Iter 4300/5004 | loss 0.0134 | lr 0.047529
2025-10-15 22:04:31,006 | INFO | Iter 4350/5004 | loss 0.0134 | lr 0.047511
2025-10-15 22:04:52,039 | INFO | Iter 4400/5004 | loss 0.0134 | lr 0.047493
2025-10-15 22:05:13,071 | INFO | Iter 4450/5004 | loss 0.0134 | lr 0.047474
2025-10-15 22:05:34,106 | INFO | Iter 4500/5004 | loss 0.0134 | lr 0.047456
2025-10-15 22:05:55,141 | INFO | Iter 4550/5004 | loss 0.0134 | lr 0.047437
2025-10-15 22:06:16,175 | INFO | Iter 4600/5004 | loss 0.0134 | lr 0.047419
2025-10-15 22:06:37,208 | INFO | Iter 4650/5004 | loss 0.0134 | lr 0.047400
2025-10-15 22:06:58,243 | INFO | Iter 4700/5004 | loss 0.0134 | lr 0.047382
2025-10-15 22:07:19,273 | INFO | Iter 4750/5004 | loss 0.0134 | lr 0.047363
2025-10-15 22:07:40,305 | INFO | Iter 4800/5004 | loss 0.0134 | lr 0.047345
2025-10-15 22:08:01,338 | INFO | Iter 4850/5004 | loss 0.0134 | lr 0.047327
2025-10-15 22:08:22,379 | INFO | Iter 4900/5004 | loss 0.0134 | lr 0.047308
2025-10-15 22:08:43,411 | INFO | Iter 4950/5004 | loss 0.0134 | lr 0.047290
2025-10-15 22:09:04,431 | INFO | Iter 5000/5004 | loss 0.0134 | lr 0.047271
2025-10-15 22:09:53,924 | INFO | Epoch 49/90 | Train loss 0.0134 | Val acc@1 61.24 | acc@5 84.45 | LR 0.047271
2025-10-15 22:10:17,137 | INFO | Iter 50/5004 | loss 0.0136 | lr 0.047253
2025-10-15 22:10:38,171 | INFO | Iter 100/5004 | loss 0.0137 | lr 0.047234
2025-10-15 22:10:59,202 | INFO | Iter 150/5004 | loss 0.0137 | lr 0.047216
2025-10-15 22:11:20,234 | INFO | Iter 200/5004 | loss 0.0137 | lr 0.047198
2025-10-15 22:11:41,271 | INFO | Iter 250/5004 | loss 0.0137 | lr 0.047179
2025-10-15 22:12:02,306 | INFO | Iter 300/5004 | loss 0.0137 | lr 0.047161
2025-10-15 22:12:23,340 | INFO | Iter 350/5004 | loss 0.0137 | lr 0.047142
2025-10-15 22:12:44,374 | INFO | Iter 400/5004 | loss 0.0137 | lr 0.047124
2025-10-15 22:13:05,410 | INFO | Iter 450/5004 | loss 0.0137 | lr 0.047105
2025-10-15 22:13:26,446 | INFO | Iter 500/5004 | loss 0.0137 | lr 0.047087
2025-10-15 22:13:47,479 | INFO | Iter 550/5004 | loss 0.0137 | lr 0.047068
2025-10-15 22:14:08,514 | INFO | Iter 600/5004 | loss 0.0136 | lr 0.047050
2025-10-15 22:14:29,549 | INFO | Iter 650/5004 | loss 0.0136 | lr 0.047032
2025-10-15 22:14:50,585 | INFO | Iter 700/5004 | loss 0.0136 | lr 0.047013
2025-10-15 22:15:11,621 | INFO | Iter 750/5004 | loss 0.0136 | lr 0.046995
2025-10-15 22:15:32,654 | INFO | Iter 800/5004 | loss 0.0136 | lr 0.046976
2025-10-15 22:15:53,688 | INFO | Iter 850/5004 | loss 0.0136 | lr 0.046958
2025-10-15 22:16:14,723 | INFO | Iter 900/5004 | loss 0.0136 | lr 0.046939
2025-10-15 22:16:35,760 | INFO | Iter 950/5004 | loss 0.0136 | lr 0.046921
2025-10-15 22:16:56,795 | INFO | Iter 1000/5004 | loss 0.0136 | lr 0.046903
2025-10-15 22:17:17,829 | INFO | Iter 1050/5004 | loss 0.0136 | lr 0.046884
2025-10-15 22:17:38,863 | INFO | Iter 1100/5004 | loss 0.0136 | lr 0.046866
2025-10-15 22:17:59,898 | INFO | Iter 1150/5004 | loss 0.0136 | lr 0.046847
2025-10-15 22:18:20,930 | INFO | Iter 1200/5004 | loss 0.0136 | lr 0.046829
2025-10-15 22:18:41,962 | INFO | Iter 1250/5004 | loss 0.0136 | lr 0.046810
2025-10-15 22:19:02,998 | INFO | Iter 1300/5004 | loss 0.0136 | lr 0.046792
2025-10-15 22:19:24,032 | INFO | Iter 1350/5004 | loss 0.0136 | lr 0.046774
2025-10-15 22:19:45,068 | INFO | Iter 1400/5004 | loss 0.0136 | lr 0.046755
2025-10-15 22:20:06,104 | INFO | Iter 1450/5004 | loss 0.0136 | lr 0.046737
2025-10-15 22:20:27,140 | INFO | Iter 1500/5004 | loss 0.0136 | lr 0.046718
2025-10-15 22:20:48,175 | INFO | Iter 1550/5004 | loss 0.0136 | lr 0.046700
2025-10-15 22:21:09,211 | INFO | Iter 1600/5004 | loss 0.0136 | lr 0.046681
2025-10-15 22:21:30,245 | INFO | Iter 1650/5004 | loss 0.0135 | lr 0.046663
2025-10-15 22:21:51,277 | INFO | Iter 1700/5004 | loss 0.0135 | lr 0.046645
2025-10-15 22:22:12,312 | INFO | Iter 1750/5004 | loss 0.0135 | lr 0.046626
2025-10-15 22:22:33,347 | INFO | Iter 1800/5004 | loss 0.0135 | lr 0.046608
2025-10-15 22:22:54,381 | INFO | Iter 1850/5004 | loss 0.0135 | lr 0.046589
2025-10-15 22:23:15,416 | INFO | Iter 1900/5004 | loss 0.0135 | lr 0.046571
2025-10-15 22:23:36,453 | INFO | Iter 1950/5004 | loss 0.0135 | lr 0.046552
2025-10-15 22:23:57,484 | INFO | Iter 2000/5004 | loss 0.0135 | lr 0.046534
2025-10-15 22:24:18,518 | INFO | Iter 2050/5004 | loss 0.0135 | lr 0.046516
2025-10-15 22:24:39,551 | INFO | Iter 2100/5004 | loss 0.0135 | lr 0.046497
2025-10-15 22:25:00,586 | INFO | Iter 2150/5004 | loss 0.0135 | lr 0.046479
2025-10-15 22:25:21,621 | INFO | Iter 2200/5004 | loss 0.0135 | lr 0.046460
2025-10-15 22:25:42,654 | INFO | Iter 2250/5004 | loss 0.0135 | lr 0.046442
2025-10-15 22:26:03,691 | INFO | Iter 2300/5004 | loss 0.0135 | lr 0.046424
2025-10-15 22:26:24,724 | INFO | Iter 2350/5004 | loss 0.0135 | lr 0.046405
2025-10-15 22:26:45,758 | INFO | Iter 2400/5004 | loss 0.0135 | lr 0.046387
2025-10-15 22:27:06,792 | INFO | Iter 2450/5004 | loss 0.0135 | lr 0.046368
2025-10-15 22:27:27,827 | INFO | Iter 2500/5004 | loss 0.0134 | lr 0.046350
2025-10-15 22:27:48,860 | INFO | Iter 2550/5004 | loss 0.0134 | lr 0.046331
2025-10-15 22:28:09,894 | INFO | Iter 2600/5004 | loss 0.0134 | lr 0.046313
2025-10-15 22:28:30,930 | INFO | Iter 2650/5004 | loss 0.0134 | lr 0.046295
2025-10-15 22:28:51,964 | INFO | Iter 2700/5004 | loss 0.0134 | lr 0.046276
2025-10-15 22:29:12,999 | INFO | Iter 2750/5004 | loss 0.0134 | lr 0.046258
2025-10-15 22:29:34,034 | INFO | Iter 2800/5004 | loss 0.0134 | lr 0.046239
2025-10-15 22:29:55,069 | INFO | Iter 2850/5004 | loss 0.0134 | lr 0.046221
2025-10-15 22:30:16,106 | INFO | Iter 2900/5004 | loss 0.0134 | lr 0.046203
2025-10-15 22:30:37,141 | INFO | Iter 2950/5004 | loss 0.0134 | lr 0.046184
2025-10-15 22:30:58,179 | INFO | Iter 3000/5004 | loss 0.0134 | lr 0.046166
2025-10-15 22:31:19,213 | INFO | Iter 3050/5004 | loss 0.0134 | lr 0.046147
2025-10-15 22:31:40,248 | INFO | Iter 3100/5004 | loss 0.0134 | lr 0.046129
2025-10-15 22:32:01,285 | INFO | Iter 3150/5004 | loss 0.0134 | lr 0.046111
2025-10-15 22:32:22,319 | INFO | Iter 3200/5004 | loss 0.0134 | lr 0.046092
2025-10-15 22:32:43,354 | INFO | Iter 3250/5004 | loss 0.0134 | lr 0.046074
2025-10-15 22:33:04,387 | INFO | Iter 3300/5004 | loss 0.0134 | lr 0.046055
2025-10-15 22:33:25,422 | INFO | Iter 3350/5004 | loss 0.0135 | lr 0.046037
2025-10-15 22:33:46,457 | INFO | Iter 3400/5004 | loss 0.0135 | lr 0.046018
2025-10-15 22:34:07,491 | INFO | Iter 3450/5004 | loss 0.0135 | lr 0.046000
2025-10-15 22:34:28,531 | INFO | Iter 3500/5004 | loss 0.0135 | lr 0.045982
2025-10-15 22:34:49,566 | INFO | Iter 3550/5004 | loss 0.0135 | lr 0.045963
2025-10-15 22:35:10,602 | INFO | Iter 3600/5004 | loss 0.0135 | lr 0.045945
2025-10-15 22:35:31,636 | INFO | Iter 3650/5004 | loss 0.0135 | lr 0.045926
2025-10-15 22:35:52,668 | INFO | Iter 3700/5004 | loss 0.0135 | lr 0.045908
2025-10-15 22:36:13,700 | INFO | Iter 3750/5004 | loss 0.0135 | lr 0.045890
2025-10-15 22:36:34,734 | INFO | Iter 3800/5004 | loss 0.0135 | lr 0.045871
2025-10-15 22:36:55,774 | INFO | Iter 3850/5004 | loss 0.0135 | lr 0.045853
2025-10-15 22:37:16,809 | INFO | Iter 3900/5004 | loss 0.0135 | lr 0.045834
2025-10-15 22:37:37,844 | INFO | Iter 3950/5004 | loss 0.0135 | lr 0.045816
2025-10-15 22:37:58,880 | INFO | Iter 4000/5004 | loss 0.0135 | lr 0.045798
2025-10-15 22:38:19,915 | INFO | Iter 4050/5004 | loss 0.0135 | lr 0.045779
2025-10-15 22:38:40,951 | INFO | Iter 4100/5004 | loss 0.0135 | lr 0.045761
2025-10-15 22:39:01,985 | INFO | Iter 4150/5004 | loss 0.0135 | lr 0.045742
2025-10-15 22:39:23,018 | INFO | Iter 4200/5004 | loss 0.0135 | lr 0.045724
2025-10-15 22:39:44,052 | INFO | Iter 4250/5004 | loss 0.0135 | lr 0.045706
2025-10-15 22:40:05,088 | INFO | Iter 4300/5004 | loss 0.0135 | lr 0.045687
2025-10-15 22:40:26,123 | INFO | Iter 4350/5004 | loss 0.0135 | lr 0.045669
2025-10-15 22:40:47,158 | INFO | Iter 4400/5004 | loss 0.0135 | lr 0.045650
2025-10-15 22:41:08,194 | INFO | Iter 4450/5004 | loss 0.0135 | lr 0.045632
2025-10-15 22:41:29,229 | INFO | Iter 4500/5004 | loss 0.0135 | lr 0.045614
2025-10-15 22:41:50,261 | INFO | Iter 4550/5004 | loss 0.0135 | lr 0.045595
2025-10-15 22:42:11,294 | INFO | Iter 4600/5004 | loss 0.0135 | lr 0.045577
2025-10-15 22:42:32,329 | INFO | Iter 4650/5004 | loss 0.0135 | lr 0.045559
2025-10-15 22:42:53,363 | INFO | Iter 4700/5004 | loss 0.0135 | lr 0.045540
2025-10-15 22:43:14,395 | INFO | Iter 4750/5004 | loss 0.0135 | lr 0.045522
2025-10-15 22:43:35,425 | INFO | Iter 4800/5004 | loss 0.0135 | lr 0.045503
2025-10-15 22:43:56,458 | INFO | Iter 4850/5004 | loss 0.0135 | lr 0.045485
2025-10-15 22:44:17,490 | INFO | Iter 4900/5004 | loss 0.0135 | lr 0.045467
2025-10-15 22:44:38,526 | INFO | Iter 4950/5004 | loss 0.0135 | lr 0.045448
2025-10-15 22:44:59,549 | INFO | Iter 5000/5004 | loss 0.0135 | lr 0.045430
2025-10-15 22:45:50,587 | INFO | Epoch 50/90 | Train loss 0.0135 | Val acc@1 61.77 | acc@5 84.92 | LR 0.045430
2025-10-15 22:46:13,388 | INFO | Iter 50/5004 | loss 0.0134 | lr 0.045411
2025-10-15 22:46:34,423 | INFO | Iter 100/5004 | loss 0.0132 | lr 0.045393
2025-10-15 22:46:55,452 | INFO | Iter 150/5004 | loss 0.0133 | lr 0.045375
2025-10-15 22:47:16,480 | INFO | Iter 200/5004 | loss 0.0133 | lr 0.045356
2025-10-15 22:47:37,513 | INFO | Iter 250/5004 | loss 0.0133 | lr 0.045338
2025-10-15 22:47:58,548 | INFO | Iter 300/5004 | loss 0.0135 | lr 0.045319
2025-10-15 22:48:19,584 | INFO | Iter 350/5004 | loss 0.0135 | lr 0.045301
2025-10-15 22:48:40,615 | INFO | Iter 400/5004 | loss 0.0134 | lr 0.045283
2025-10-15 22:49:01,656 | INFO | Iter 450/5004 | loss 0.0133 | lr 0.045264
2025-10-15 22:49:22,690 | INFO | Iter 500/5004 | loss 0.0134 | lr 0.045246
2025-10-15 22:49:43,726 | INFO | Iter 550/5004 | loss 0.0134 | lr 0.045228
2025-10-15 22:50:04,761 | INFO | Iter 600/5004 | loss 0.0133 | lr 0.045209
2025-10-15 22:50:25,794 | INFO | Iter 650/5004 | loss 0.0134 | lr 0.045191
2025-10-15 22:50:46,827 | INFO | Iter 700/5004 | loss 0.0134 | lr 0.045172
2025-10-15 22:51:07,862 | INFO | Iter 750/5004 | loss 0.0133 | lr 0.045154
2025-10-15 22:51:28,897 | INFO | Iter 800/5004 | loss 0.0133 | lr 0.045136
2025-10-15 22:51:49,932 | INFO | Iter 850/5004 | loss 0.0133 | lr 0.045117
2025-10-15 22:52:10,971 | INFO | Iter 900/5004 | loss 0.0133 | lr 0.045099
2025-10-15 22:52:32,005 | INFO | Iter 950/5004 | loss 0.0133 | lr 0.045081
2025-10-15 22:52:53,042 | INFO | Iter 1000/5004 | loss 0.0133 | lr 0.045062
2025-10-15 22:53:14,077 | INFO | Iter 1050/5004 | loss 0.0133 | lr 0.045044
2025-10-15 22:53:35,109 | INFO | Iter 1100/5004 | loss 0.0133 | lr 0.045025
2025-10-15 22:53:56,142 | INFO | Iter 1150/5004 | loss 0.0133 | lr 0.045007
2025-10-15 22:54:17,177 | INFO | Iter 1200/5004 | loss 0.0133 | lr 0.044989
2025-10-15 22:54:38,210 | INFO | Iter 1250/5004 | loss 0.0133 | lr 0.044970
2025-10-15 22:54:59,244 | INFO | Iter 1300/5004 | loss 0.0133 | lr 0.044952
2025-10-15 22:55:20,279 | INFO | Iter 1350/5004 | loss 0.0134 | lr 0.044934
2025-10-15 22:55:41,312 | INFO | Iter 1400/5004 | loss 0.0133 | lr 0.044915
2025-10-15 22:56:02,346 | INFO | Iter 1450/5004 | loss 0.0133 | lr 0.044897
2025-10-15 22:56:23,380 | INFO | Iter 1500/5004 | loss 0.0133 | lr 0.044878
2025-10-15 22:56:44,414 | INFO | Iter 1550/5004 | loss 0.0133 | lr 0.044860
2025-10-15 22:57:05,445 | INFO | Iter 1600/5004 | loss 0.0133 | lr 0.044842
2025-10-15 22:57:26,477 | INFO | Iter 1650/5004 | loss 0.0133 | lr 0.044823
2025-10-15 22:57:47,511 | INFO | Iter 1700/5004 | loss 0.0134 | lr 0.044805
2025-10-15 22:58:08,548 | INFO | Iter 1750/5004 | loss 0.0134 | lr 0.044787
2025-10-15 22:58:29,581 | INFO | Iter 1800/5004 | loss 0.0134 | lr 0.044768
2025-10-15 22:58:50,615 | INFO | Iter 1850/5004 | loss 0.0134 | lr 0.044750
2025-10-15 22:59:11,648 | INFO | Iter 1900/5004 | loss 0.0134 | lr 0.044732
2025-10-15 22:59:32,680 | INFO | Iter 1950/5004 | loss 0.0133 | lr 0.044713
2025-10-15 22:59:53,715 | INFO | Iter 2000/5004 | loss 0.0133 | lr 0.044695
2025-10-15 23:00:14,752 | INFO | Iter 2050/5004 | loss 0.0133 | lr 0.044676
2025-10-15 23:00:35,784 | INFO | Iter 2100/5004 | loss 0.0133 | lr 0.044658
2025-10-15 23:00:56,819 | INFO | Iter 2150/5004 | loss 0.0133 | lr 0.044640
2025-10-15 23:01:17,856 | INFO | Iter 2200/5004 | loss 0.0133 | lr 0.044621
2025-10-15 23:01:38,892 | INFO | Iter 2250/5004 | loss 0.0134 | lr 0.044603
2025-10-15 23:01:59,925 | INFO | Iter 2300/5004 | loss 0.0134 | lr 0.044585
2025-10-15 23:02:20,958 | INFO | Iter 2350/5004 | loss 0.0134 | lr 0.044566
2025-10-15 23:02:41,993 | INFO | Iter 2400/5004 | loss 0.0134 | lr 0.044548
2025-10-15 23:03:03,028 | INFO | Iter 2450/5004 | loss 0.0133 | lr 0.044530
2025-10-15 23:03:24,061 | INFO | Iter 2500/5004 | loss 0.0133 | lr 0.044511
2025-10-15 23:03:45,096 | INFO | Iter 2550/5004 | loss 0.0133 | lr 0.044493
2025-10-15 23:04:06,128 | INFO | Iter 2600/5004 | loss 0.0133 | lr 0.044475
2025-10-15 23:04:27,162 | INFO | Iter 2650/5004 | loss 0.0134 | lr 0.044456
2025-10-15 23:04:48,192 | INFO | Iter 2700/5004 | loss 0.0134 | lr 0.044438
2025-10-15 23:05:09,227 | INFO | Iter 2750/5004 | loss 0.0133 | lr 0.044419
2025-10-15 23:05:30,259 | INFO | Iter 2800/5004 | loss 0.0134 | lr 0.044401
2025-10-15 23:05:51,291 | INFO | Iter 2850/5004 | loss 0.0134 | lr 0.044383
2025-10-15 23:06:12,326 | INFO | Iter 2900/5004 | loss 0.0134 | lr 0.044364
2025-10-15 23:06:33,360 | INFO | Iter 2950/5004 | loss 0.0134 | lr 0.044346
2025-10-15 23:06:54,393 | INFO | Iter 3000/5004 | loss 0.0134 | lr 0.044328
2025-10-15 23:07:15,427 | INFO | Iter 3050/5004 | loss 0.0134 | lr 0.044309
2025-10-15 23:07:36,463 | INFO | Iter 3100/5004 | loss 0.0134 | lr 0.044291
2025-10-15 23:07:57,497 | INFO | Iter 3150/5004 | loss 0.0134 | lr 0.044273
2025-10-15 23:08:18,531 | INFO | Iter 3200/5004 | loss 0.0134 | lr 0.044254
2025-10-15 23:08:39,564 | INFO | Iter 3250/5004 | loss 0.0134 | lr 0.044236
2025-10-15 23:09:00,596 | INFO | Iter 3300/5004 | loss 0.0134 | lr 0.044218
2025-10-15 23:09:21,630 | INFO | Iter 3350/5004 | loss 0.0134 | lr 0.044199
2025-10-15 23:09:42,664 | INFO | Iter 3400/5004 | loss 0.0134 | lr 0.044181
2025-10-15 23:10:03,698 | INFO | Iter 3450/5004 | loss 0.0134 | lr 0.044163
2025-10-15 23:10:24,731 | INFO | Iter 3500/5004 | loss 0.0134 | lr 0.044144
2025-10-15 23:10:45,765 | INFO | Iter 3550/5004 | loss 0.0134 | lr 0.044126
2025-10-15 23:11:06,798 | INFO | Iter 3600/5004 | loss 0.0134 | lr 0.044108
2025-10-15 23:11:27,832 | INFO | Iter 3650/5004 | loss 0.0134 | lr 0.044089
2025-10-15 23:11:48,866 | INFO | Iter 3700/5004 | loss 0.0134 | lr 0.044071
2025-10-15 23:12:09,900 | INFO | Iter 3750/5004 | loss 0.0134 | lr 0.044053
2025-10-15 23:12:30,933 | INFO | Iter 3800/5004 | loss 0.0134 | lr 0.044034
2025-10-15 23:12:51,970 | INFO | Iter 3850/5004 | loss 0.0134 | lr 0.044016
2025-10-15 23:13:13,004 | INFO | Iter 3900/5004 | loss 0.0134 | lr 0.043998
2025-10-15 23:13:34,040 | INFO | Iter 3950/5004 | loss 0.0134 | lr 0.043979
2025-10-15 23:13:55,075 | INFO | Iter 4000/5004 | loss 0.0133 | lr 0.043961
2025-10-15 23:14:16,109 | INFO | Iter 4050/5004 | loss 0.0134 | lr 0.043943
2025-10-15 23:14:37,144 | INFO | Iter 4100/5004 | loss 0.0134 | lr 0.043924
2025-10-15 23:14:58,180 | INFO | Iter 4150/5004 | loss 0.0134 | lr 0.043906
2025-10-15 23:15:19,212 | INFO | Iter 4200/5004 | loss 0.0134 | lr 0.043888
2025-10-15 23:15:40,245 | INFO | Iter 4250/5004 | loss 0.0134 | lr 0.043869
2025-10-15 23:16:01,281 | INFO | Iter 4300/5004 | loss 0.0134 | lr 0.043851
2025-10-15 23:16:22,314 | INFO | Iter 4350/5004 | loss 0.0134 | lr 0.043833
2025-10-15 23:16:43,345 | INFO | Iter 4400/5004 | loss 0.0134 | lr 0.043814
2025-10-15 23:17:04,375 | INFO | Iter 4450/5004 | loss 0.0134 | lr 0.043796
2025-10-15 23:17:25,407 | INFO | Iter 4500/5004 | loss 0.0134 | lr 0.043778
2025-10-15 23:17:46,442 | INFO | Iter 4550/5004 | loss 0.0134 | lr 0.043759
2025-10-15 23:18:07,477 | INFO | Iter 4600/5004 | loss 0.0134 | lr 0.043741
2025-10-15 23:18:28,511 | INFO | Iter 4650/5004 | loss 0.0134 | lr 0.043723
2025-10-15 23:18:49,544 | INFO | Iter 4700/5004 | loss 0.0134 | lr 0.043704
2025-10-15 23:19:10,578 | INFO | Iter 4750/5004 | loss 0.0134 | lr 0.043686
2025-10-15 23:19:31,610 | INFO | Iter 4800/5004 | loss 0.0134 | lr 0.043668
2025-10-15 23:19:52,640 | INFO | Iter 4850/5004 | loss 0.0134 | lr 0.043649
2025-10-15 23:20:13,673 | INFO | Iter 4900/5004 | loss 0.0134 | lr 0.043631
2025-10-15 23:20:34,702 | INFO | Iter 4950/5004 | loss 0.0134 | lr 0.043613
2025-10-15 23:20:55,728 | INFO | Iter 5000/5004 | loss 0.0134 | lr 0.043595
2025-10-15 23:21:44,626 | INFO | Epoch 51/90 | Train loss 0.0134 | Val acc@1 61.45 | acc@5 84.59 | LR 0.043595
2025-10-15 23:22:07,651 | INFO | Iter 50/5004 | loss 0.0130 | lr 0.043576
2025-10-15 23:22:28,684 | INFO | Iter 100/5004 | loss 0.0136 | lr 0.043558
2025-10-15 23:22:49,716 | INFO | Iter 150/5004 | loss 0.0134 | lr 0.043540
2025-10-15 23:23:10,747 | INFO | Iter 200/5004 | loss 0.0136 | lr 0.043521
2025-10-15 23:23:31,782 | INFO | Iter 250/5004 | loss 0.0135 | lr 0.043503
2025-10-15 23:23:52,818 | INFO | Iter 300/5004 | loss 0.0136 | lr 0.043485
2025-10-15 23:24:13,852 | INFO | Iter 350/5004 | loss 0.0136 | lr 0.043466
2025-10-15 23:24:34,886 | INFO | Iter 400/5004 | loss 0.0135 | lr 0.043448
2025-10-15 23:24:55,921 | INFO | Iter 450/5004 | loss 0.0135 | lr 0.043430
2025-10-15 23:25:16,954 | INFO | Iter 500/5004 | loss 0.0136 | lr 0.043411
2025-10-15 23:25:37,992 | INFO | Iter 550/5004 | loss 0.0136 | lr 0.043393
2025-10-15 23:25:59,028 | INFO | Iter 600/5004 | loss 0.0136 | lr 0.043375
2025-10-15 23:26:20,064 | INFO | Iter 650/5004 | loss 0.0136 | lr 0.043357
2025-10-15 23:26:41,097 | INFO | Iter 700/5004 | loss 0.0135 | lr 0.043338
2025-10-15 23:27:02,132 | INFO | Iter 750/5004 | loss 0.0135 | lr 0.043320
2025-10-15 23:27:23,168 | INFO | Iter 800/5004 | loss 0.0135 | lr 0.043302
2025-10-15 23:27:44,203 | INFO | Iter 850/5004 | loss 0.0134 | lr 0.043283
2025-10-15 23:28:05,238 | INFO | Iter 900/5004 | loss 0.0134 | lr 0.043265
2025-10-15 23:28:26,271 | INFO | Iter 950/5004 | loss 0.0134 | lr 0.043247
2025-10-15 23:28:47,307 | INFO | Iter 1000/5004 | loss 0.0134 | lr 0.043228
2025-10-15 23:29:08,342 | INFO | Iter 1050/5004 | loss 0.0134 | lr 0.043210
2025-10-15 23:29:29,376 | INFO | Iter 1100/5004 | loss 0.0134 | lr 0.043192
2025-10-15 23:29:50,409 | INFO | Iter 1150/5004 | loss 0.0134 | lr 0.043174
2025-10-15 23:30:11,443 | INFO | Iter 1200/5004 | loss 0.0134 | lr 0.043155
2025-10-15 23:30:32,475 | INFO | Iter 1250/5004 | loss 0.0134 | lr 0.043137
2025-10-15 23:30:53,512 | INFO | Iter 1300/5004 | loss 0.0134 | lr 0.043119
2025-10-15 23:31:14,544 | INFO | Iter 1350/5004 | loss 0.0134 | lr 0.043100
2025-10-15 23:31:35,578 | INFO | Iter 1400/5004 | loss 0.0134 | lr 0.043082
2025-10-15 23:31:56,613 | INFO | Iter 1450/5004 | loss 0.0134 | lr 0.043064
2025-10-15 23:32:17,646 | INFO | Iter 1500/5004 | loss 0.0134 | lr 0.043046
2025-10-15 23:32:38,681 | INFO | Iter 1550/5004 | loss 0.0134 | lr 0.043027
2025-10-15 23:32:59,714 | INFO | Iter 1600/5004 | loss 0.0134 | lr 0.043009
2025-10-15 23:33:20,746 | INFO | Iter 1650/5004 | loss 0.0134 | lr 0.042991
2025-10-15 23:33:41,779 | INFO | Iter 1700/5004 | loss 0.0133 | lr 0.042972
2025-10-15 23:34:02,811 | INFO | Iter 1750/5004 | loss 0.0133 | lr 0.042954
2025-10-15 23:34:23,845 | INFO | Iter 1800/5004 | loss 0.0133 | lr 0.042936
2025-10-15 23:34:44,879 | INFO | Iter 1850/5004 | loss 0.0133 | lr 0.042918
2025-10-15 23:35:05,912 | INFO | Iter 1900/5004 | loss 0.0133 | lr 0.042899
2025-10-15 23:35:26,948 | INFO | Iter 1950/5004 | loss 0.0133 | lr 0.042881
2025-10-15 23:35:47,984 | INFO | Iter 2000/5004 | loss 0.0133 | lr 0.042863
2025-10-15 23:36:09,016 | INFO | Iter 2050/5004 | loss 0.0133 | lr 0.042844
2025-10-15 23:36:30,047 | INFO | Iter 2100/5004 | loss 0.0133 | lr 0.042826
2025-10-15 23:36:51,082 | INFO | Iter 2150/5004 | loss 0.0133 | lr 0.042808
2025-10-15 23:37:12,117 | INFO | Iter 2200/5004 | loss 0.0133 | lr 0.042790
2025-10-15 23:37:33,152 | INFO | Iter 2250/5004 | loss 0.0133 | lr 0.042771
2025-10-15 23:37:54,185 | INFO | Iter 2300/5004 | loss 0.0133 | lr 0.042753
2025-10-15 23:38:15,219 | INFO | Iter 2350/5004 | loss 0.0133 | lr 0.042735
2025-10-15 23:38:36,256 | INFO | Iter 2400/5004 | loss 0.0133 | lr 0.042717
2025-10-15 23:38:57,291 | INFO | Iter 2450/5004 | loss 0.0133 | lr 0.042698
2025-10-15 23:39:18,324 | INFO | Iter 2500/5004 | loss 0.0133 | lr 0.042680
2025-10-15 23:39:39,358 | INFO | Iter 2550/5004 | loss 0.0133 | lr 0.042662
2025-10-15 23:40:00,391 | INFO | Iter 2600/5004 | loss 0.0133 | lr 0.042644
2025-10-15 23:40:21,427 | INFO | Iter 2650/5004 | loss 0.0133 | lr 0.042625
2025-10-15 23:40:42,461 | INFO | Iter 2700/5004 | loss 0.0133 | lr 0.042607
2025-10-15 23:41:03,497 | INFO | Iter 2750/5004 | loss 0.0133 | lr 0.042589
2025-10-15 23:41:24,532 | INFO | Iter 2800/5004 | loss 0.0133 | lr 0.042570
2025-10-15 23:41:45,567 | INFO | Iter 2850/5004 | loss 0.0133 | lr 0.042552
2025-10-15 23:42:06,602 | INFO | Iter 2900/5004 | loss 0.0133 | lr 0.042534
2025-10-15 23:42:27,638 | INFO | Iter 2950/5004 | loss 0.0133 | lr 0.042516
2025-10-15 23:42:48,673 | INFO | Iter 3000/5004 | loss 0.0133 | lr 0.042497
2025-10-15 23:43:09,704 | INFO | Iter 3050/5004 | loss 0.0133 | lr 0.042479
2025-10-15 23:43:30,741 | INFO | Iter 3100/5004 | loss 0.0133 | lr 0.042461
2025-10-15 23:43:51,776 | INFO | Iter 3150/5004 | loss 0.0133 | lr 0.042443
2025-10-15 23:44:12,808 | INFO | Iter 3200/5004 | loss 0.0133 | lr 0.042424
2025-10-15 23:44:33,842 | INFO | Iter 3250/5004 | loss 0.0133 | lr 0.042406
2025-10-15 23:44:54,878 | INFO | Iter 3300/5004 | loss 0.0133 | lr 0.042388
2025-10-15 23:45:15,913 | INFO | Iter 3350/5004 | loss 0.0133 | lr 0.042370
2025-10-15 23:45:36,948 | INFO | Iter 3400/5004 | loss 0.0133 | lr 0.042351
2025-10-15 23:45:57,984 | INFO | Iter 3450/5004 | loss 0.0133 | lr 0.042333
2025-10-15 23:46:19,018 | INFO | Iter 3500/5004 | loss 0.0133 | lr 0.042315
2025-10-15 23:46:40,051 | INFO | Iter 3550/5004 | loss 0.0133 | lr 0.042297
2025-10-15 23:47:01,083 | INFO | Iter 3600/5004 | loss 0.0133 | lr 0.042278
2025-10-15 23:47:22,118 | INFO | Iter 3650/5004 | loss 0.0133 | lr 0.042260
2025-10-15 23:47:43,154 | INFO | Iter 3700/5004 | loss 0.0133 | lr 0.042242
2025-10-15 23:48:04,189 | INFO | Iter 3750/5004 | loss 0.0133 | lr 0.042224
2025-10-15 23:48:25,224 | INFO | Iter 3800/5004 | loss 0.0133 | lr 0.042205
2025-10-15 23:48:46,256 | INFO | Iter 3850/5004 | loss 0.0133 | lr 0.042187
2025-10-15 23:49:07,291 | INFO | Iter 3900/5004 | loss 0.0133 | lr 0.042169
2025-10-15 23:49:28,323 | INFO | Iter 3950/5004 | loss 0.0133 | lr 0.042151
2025-10-15 23:49:49,357 | INFO | Iter 4000/5004 | loss 0.0133 | lr 0.042133
2025-10-15 23:50:10,390 | INFO | Iter 4050/5004 | loss 0.0133 | lr 0.042114
2025-10-15 23:50:31,425 | INFO | Iter 4100/5004 | loss 0.0133 | lr 0.042096
2025-10-15 23:50:52,461 | INFO | Iter 4150/5004 | loss 0.0133 | lr 0.042078
2025-10-15 23:51:13,496 | INFO | Iter 4200/5004 | loss 0.0133 | lr 0.042060
2025-10-15 23:51:34,529 | INFO | Iter 4250/5004 | loss 0.0133 | lr 0.042041
2025-10-15 23:51:55,564 | INFO | Iter 4300/5004 | loss 0.0133 | lr 0.042023
2025-10-15 23:52:16,595 | INFO | Iter 4350/5004 | loss 0.0133 | lr 0.042005
2025-10-15 23:52:37,627 | INFO | Iter 4400/5004 | loss 0.0133 | lr 0.041987
2025-10-15 23:52:58,661 | INFO | Iter 4450/5004 | loss 0.0133 | lr 0.041968
2025-10-15 23:53:19,695 | INFO | Iter 4500/5004 | loss 0.0133 | lr 0.041950
2025-10-15 23:53:40,728 | INFO | Iter 4550/5004 | loss 0.0133 | lr 0.041932
2025-10-15 23:54:01,761 | INFO | Iter 4600/5004 | loss 0.0133 | lr 0.041914
2025-10-15 23:54:22,795 | INFO | Iter 4650/5004 | loss 0.0133 | lr 0.041896
2025-10-15 23:54:43,829 | INFO | Iter 4700/5004 | loss 0.0133 | lr 0.041877
2025-10-15 23:55:04,863 | INFO | Iter 4750/5004 | loss 0.0134 | lr 0.041859
2025-10-15 23:55:25,892 | INFO | Iter 4800/5004 | loss 0.0133 | lr 0.041841
2025-10-15 23:55:46,930 | INFO | Iter 4850/5004 | loss 0.0133 | lr 0.041823
2025-10-15 23:56:07,962 | INFO | Iter 4900/5004 | loss 0.0133 | lr 0.041804
2025-10-15 23:56:28,992 | INFO | Iter 4950/5004 | loss 0.0133 | lr 0.041786
2025-10-15 23:56:50,013 | INFO | Iter 5000/5004 | loss 0.0133 | lr 0.041768
2025-10-15 23:57:38,196 | INFO | Epoch 52/90 | Train loss 0.0133 | Val acc@1 61.08 | acc@5 84.54 | LR 0.041768
2025-10-15 23:58:00,769 | INFO | Iter 50/5004 | loss 0.0133 | lr 0.041750
2025-10-15 23:58:21,799 | INFO | Iter 100/5004 | loss 0.0132 | lr 0.041732
2025-10-15 23:58:42,833 | INFO | Iter 150/5004 | loss 0.0132 | lr 0.041713
2025-10-15 23:59:03,865 | INFO | Iter 200/5004 | loss 0.0133 | lr 0.041695
2025-10-15 23:59:24,898 | INFO | Iter 250/5004 | loss 0.0131 | lr 0.041677
2025-10-15 23:59:45,933 | INFO | Iter 300/5004 | loss 0.0131 | lr 0.041659
2025-10-16 00:00:06,965 | INFO | Iter 350/5004 | loss 0.0132 | lr 0.041641
2025-10-16 00:00:27,998 | INFO | Iter 400/5004 | loss 0.0132 | lr 0.041622
2025-10-16 00:00:49,034 | INFO | Iter 450/5004 | loss 0.0132 | lr 0.041604
2025-10-16 00:01:10,070 | INFO | Iter 500/5004 | loss 0.0132 | lr 0.041586
2025-10-16 00:01:31,104 | INFO | Iter 550/5004 | loss 0.0133 | lr 0.041568
2025-10-16 00:01:52,138 | INFO | Iter 600/5004 | loss 0.0134 | lr 0.041550
2025-10-16 00:02:13,173 | INFO | Iter 650/5004 | loss 0.0133 | lr 0.041531
2025-10-16 00:02:34,206 | INFO | Iter 700/5004 | loss 0.0133 | lr 0.041513
2025-10-16 00:02:55,242 | INFO | Iter 750/5004 | loss 0.0134 | lr 0.041495
2025-10-16 00:03:16,278 | INFO | Iter 800/5004 | loss 0.0133 | lr 0.041477
2025-10-16 00:03:37,312 | INFO | Iter 850/5004 | loss 0.0133 | lr 0.041459
2025-10-16 00:03:58,347 | INFO | Iter 900/5004 | loss 0.0134 | lr 0.041440
2025-10-16 00:04:19,379 | INFO | Iter 950/5004 | loss 0.0134 | lr 0.041422
2025-10-16 00:04:40,414 | INFO | Iter 1000/5004 | loss 0.0134 | lr 0.041404
2025-10-16 00:05:01,451 | INFO | Iter 1050/5004 | loss 0.0134 | lr 0.041386
2025-10-16 00:05:22,486 | INFO | Iter 1100/5004 | loss 0.0134 | lr 0.041368
2025-10-16 00:05:43,518 | INFO | Iter 1150/5004 | loss 0.0134 | lr 0.041349
2025-10-16 00:06:04,555 | INFO | Iter 1200/5004 | loss 0.0133 | lr 0.041331
2025-10-16 00:06:25,589 | INFO | Iter 1250/5004 | loss 0.0134 | lr 0.041313
2025-10-16 00:06:46,623 | INFO | Iter 1300/5004 | loss 0.0134 | lr 0.041295
2025-10-16 00:07:07,656 | INFO | Iter 1350/5004 | loss 0.0134 | lr 0.041277
2025-10-16 00:07:28,687 | INFO | Iter 1400/5004 | loss 0.0133 | lr 0.041259
2025-10-16 00:07:49,718 | INFO | Iter 1450/5004 | loss 0.0133 | lr 0.041240
2025-10-16 00:08:10,754 | INFO | Iter 1500/5004 | loss 0.0133 | lr 0.041222
2025-10-16 00:08:31,788 | INFO | Iter 1550/5004 | loss 0.0133 | lr 0.041204
2025-10-16 00:08:52,825 | INFO | Iter 1600/5004 | loss 0.0133 | lr 0.041186
2025-10-16 00:09:13,860 | INFO | Iter 1650/5004 | loss 0.0133 | lr 0.041168
2025-10-16 00:09:34,895 | INFO | Iter 1700/5004 | loss 0.0133 | lr 0.041149
2025-10-16 00:09:55,928 | INFO | Iter 1750/5004 | loss 0.0133 | lr 0.041131
2025-10-16 00:10:16,961 | INFO | Iter 1800/5004 | loss 0.0133 | lr 0.041113
2025-10-16 00:10:37,995 | INFO | Iter 1850/5004 | loss 0.0133 | lr 0.041095
2025-10-16 00:10:59,030 | INFO | Iter 1900/5004 | loss 0.0133 | lr 0.041077
2025-10-16 00:11:20,064 | INFO | Iter 1950/5004 | loss 0.0133 | lr 0.041059
2025-10-16 00:11:41,100 | INFO | Iter 2000/5004 | loss 0.0133 | lr 0.041040
2025-10-16 00:12:02,133 | INFO | Iter 2050/5004 | loss 0.0133 | lr 0.041022
2025-10-16 00:12:23,166 | INFO | Iter 2100/5004 | loss 0.0133 | lr 0.041004
2025-10-16 00:12:44,199 | INFO | Iter 2150/5004 | loss 0.0133 | lr 0.040986
2025-10-16 00:13:05,231 | INFO | Iter 2200/5004 | loss 0.0133 | lr 0.040968
2025-10-16 00:13:26,267 | INFO | Iter 2250/5004 | loss 0.0133 | lr 0.040950
2025-10-16 00:13:47,298 | INFO | Iter 2300/5004 | loss 0.0133 | lr 0.040931
2025-10-16 00:14:08,331 | INFO | Iter 2350/5004 | loss 0.0133 | lr 0.040913
2025-10-16 00:14:29,364 | INFO | Iter 2400/5004 | loss 0.0133 | lr 0.040895
2025-10-16 00:14:50,398 | INFO | Iter 2450/5004 | loss 0.0133 | lr 0.040877
2025-10-16 00:15:11,434 | INFO | Iter 2500/5004 | loss 0.0133 | lr 0.040859
2025-10-16 00:15:32,465 | INFO | Iter 2550/5004 | loss 0.0133 | lr 0.040841
2025-10-16 00:15:53,497 | INFO | Iter 2600/5004 | loss 0.0133 | lr 0.040823
2025-10-16 00:16:14,529 | INFO | Iter 2650/5004 | loss 0.0133 | lr 0.040804
2025-10-16 00:16:35,561 | INFO | Iter 2700/5004 | loss 0.0133 | lr 0.040786
2025-10-16 00:16:56,593 | INFO | Iter 2750/5004 | loss 0.0133 | lr 0.040768
2025-10-16 00:17:17,626 | INFO | Iter 2800/5004 | loss 0.0133 | lr 0.040750
2025-10-16 00:17:38,660 | INFO | Iter 2850/5004 | loss 0.0133 | lr 0.040732
2025-10-16 00:17:59,693 | INFO | Iter 2900/5004 | loss 0.0133 | lr 0.040714
2025-10-16 00:18:20,728 | INFO | Iter 2950/5004 | loss 0.0133 | lr 0.040696
2025-10-16 00:18:41,762 | INFO | Iter 3000/5004 | loss 0.0133 | lr 0.040677
2025-10-16 00:19:02,798 | INFO | Iter 3050/5004 | loss 0.0133 | lr 0.040659
2025-10-16 00:19:23,832 | INFO | Iter 3100/5004 | loss 0.0133 | lr 0.040641
2025-10-16 00:19:44,865 | INFO | Iter 3150/5004 | loss 0.0133 | lr 0.040623
2025-10-16 00:20:05,900 | INFO | Iter 3200/5004 | loss 0.0133 | lr 0.040605
2025-10-16 00:20:26,934 | INFO | Iter 3250/5004 | loss 0.0133 | lr 0.040587
2025-10-16 00:20:47,969 | INFO | Iter 3300/5004 | loss 0.0133 | lr 0.040569
2025-10-16 00:21:09,001 | INFO | Iter 3350/5004 | loss 0.0133 | lr 0.040550
2025-10-16 00:21:30,033 | INFO | Iter 3400/5004 | loss 0.0133 | lr 0.040532
2025-10-16 00:21:51,067 | INFO | Iter 3450/5004 | loss 0.0133 | lr 0.040514
2025-10-16 00:22:12,100 | INFO | Iter 3500/5004 | loss 0.0133 | lr 0.040496
2025-10-16 00:22:33,135 | INFO | Iter 3550/5004 | loss 0.0133 | lr 0.040478
2025-10-16 00:22:54,168 | INFO | Iter 3600/5004 | loss 0.0133 | lr 0.040460
2025-10-16 00:23:15,202 | INFO | Iter 3650/5004 | loss 0.0133 | lr 0.040442
2025-10-16 00:23:36,238 | INFO | Iter 3700/5004 | loss 0.0133 | lr 0.040424
2025-10-16 00:23:57,272 | INFO | Iter 3750/5004 | loss 0.0133 | lr 0.040405
2025-10-16 00:24:18,307 | INFO | Iter 3800/5004 | loss 0.0133 | lr 0.040387
2025-10-16 00:24:39,340 | INFO | Iter 3850/5004 | loss 0.0132 | lr 0.040369
2025-10-16 00:25:00,374 | INFO | Iter 3900/5004 | loss 0.0132 | lr 0.040351
2025-10-16 00:25:21,409 | INFO | Iter 3950/5004 | loss 0.0132 | lr 0.040333
2025-10-16 00:25:42,444 | INFO | Iter 4000/5004 | loss 0.0132 | lr 0.040315
2025-10-16 00:26:03,479 | INFO | Iter 4050/5004 | loss 0.0132 | lr 0.040297
2025-10-16 00:26:24,513 | INFO | Iter 4100/5004 | loss 0.0132 | lr 0.040279
2025-10-16 00:26:45,546 | INFO | Iter 4150/5004 | loss 0.0132 | lr 0.040260
2025-10-16 00:27:06,579 | INFO | Iter 4200/5004 | loss 0.0132 | lr 0.040242
2025-10-16 00:27:27,617 | INFO | Iter 4250/5004 | loss 0.0132 | lr 0.040224
2025-10-16 00:27:48,649 | INFO | Iter 4300/5004 | loss 0.0132 | lr 0.040206
2025-10-16 00:28:09,682 | INFO | Iter 4350/5004 | loss 0.0132 | lr 0.040188
2025-10-16 00:28:30,716 | INFO | Iter 4400/5004 | loss 0.0132 | lr 0.040170
2025-10-16 00:28:51,750 | INFO | Iter 4450/5004 | loss 0.0132 | lr 0.040152
2025-10-16 00:29:12,785 | INFO | Iter 4500/5004 | loss 0.0132 | lr 0.040134
2025-10-16 00:29:33,819 | INFO | Iter 4550/5004 | loss 0.0132 | lr 0.040116
2025-10-16 00:29:54,849 | INFO | Iter 4600/5004 | loss 0.0132 | lr 0.040098
2025-10-16 00:30:15,880 | INFO | Iter 4650/5004 | loss 0.0132 | lr 0.040079
2025-10-16 00:30:36,910 | INFO | Iter 4700/5004 | loss 0.0132 | lr 0.040061
2025-10-16 00:30:57,944 | INFO | Iter 4750/5004 | loss 0.0132 | lr 0.040043
2025-10-16 00:31:18,976 | INFO | Iter 4800/5004 | loss 0.0132 | lr 0.040025
2025-10-16 00:31:40,004 | INFO | Iter 4850/5004 | loss 0.0132 | lr 0.040007
2025-10-16 00:32:01,035 | INFO | Iter 4900/5004 | loss 0.0132 | lr 0.039989
2025-10-16 00:32:22,072 | INFO | Iter 4950/5004 | loss 0.0132 | lr 0.039971
2025-10-16 00:32:43,092 | INFO | Iter 5000/5004 | loss 0.0132 | lr 0.039953
2025-10-16 00:33:33,781 | INFO | Epoch 53/90 | Train loss 0.0132 | Val acc@1 62.27 | acc@5 85.26 | LR 0.039953
2025-10-16 00:33:56,922 | INFO | Iter 50/5004 | loss 0.0131 | lr 0.039935
2025-10-16 00:34:17,954 | INFO | Iter 100/5004 | loss 0.0133 | lr 0.039917
2025-10-16 00:34:38,988 | INFO | Iter 150/5004 | loss 0.0136 | lr 0.039899
2025-10-16 00:35:00,019 | INFO | Iter 200/5004 | loss 0.0136 | lr 0.039880
2025-10-16 00:35:21,053 | INFO | Iter 250/5004 | loss 0.0135 | lr 0.039862
2025-10-16 00:35:42,089 | INFO | Iter 300/5004 | loss 0.0135 | lr 0.039844
2025-10-16 00:36:03,123 | INFO | Iter 350/5004 | loss 0.0135 | lr 0.039826
2025-10-16 00:36:24,156 | INFO | Iter 400/5004 | loss 0.0135 | lr 0.039808
2025-10-16 00:36:45,191 | INFO | Iter 450/5004 | loss 0.0134 | lr 0.039790
2025-10-16 00:37:06,225 | INFO | Iter 500/5004 | loss 0.0134 | lr 0.039772
2025-10-16 00:37:27,263 | INFO | Iter 550/5004 | loss 0.0134 | lr 0.039754
2025-10-16 00:37:48,298 | INFO | Iter 600/5004 | loss 0.0134 | lr 0.039736
2025-10-16 00:38:09,331 | INFO | Iter 650/5004 | loss 0.0134 | lr 0.039718
2025-10-16 00:38:30,363 | INFO | Iter 700/5004 | loss 0.0133 | lr 0.039700
2025-10-16 00:38:51,401 | INFO | Iter 750/5004 | loss 0.0134 | lr 0.039682
2025-10-16 00:39:12,431 | INFO | Iter 800/5004 | loss 0.0134 | lr 0.039664
2025-10-16 00:39:33,466 | INFO | Iter 850/5004 | loss 0.0134 | lr 0.039645
2025-10-16 00:39:54,502 | INFO | Iter 900/5004 | loss 0.0134 | lr 0.039627
2025-10-16 00:40:15,535 | INFO | Iter 950/5004 | loss 0.0134 | lr 0.039609
2025-10-16 00:40:36,567 | INFO | Iter 1000/5004 | loss 0.0133 | lr 0.039591
2025-10-16 00:40:57,603 | INFO | Iter 1050/5004 | loss 0.0133 | lr 0.039573
2025-10-16 00:41:18,638 | INFO | Iter 1100/5004 | loss 0.0133 | lr 0.039555
2025-10-16 00:41:39,670 | INFO | Iter 1150/5004 | loss 0.0133 | lr 0.039537
2025-10-16 00:42:00,703 | INFO | Iter 1200/5004 | loss 0.0133 | lr 0.039519
2025-10-16 00:42:21,739 | INFO | Iter 1250/5004 | loss 0.0133 | lr 0.039501
2025-10-16 00:42:42,772 | INFO | Iter 1300/5004 | loss 0.0133 | lr 0.039483
2025-10-16 00:43:03,807 | INFO | Iter 1350/5004 | loss 0.0133 | lr 0.039465
2025-10-16 00:43:24,842 | INFO | Iter 1400/5004 | loss 0.0133 | lr 0.039447
2025-10-16 00:43:45,877 | INFO | Iter 1450/5004 | loss 0.0133 | lr 0.039429
2025-10-16 00:44:06,912 | INFO | Iter 1500/5004 | loss 0.0133 | lr 0.039411
2025-10-16 00:44:27,947 | INFO | Iter 1550/5004 | loss 0.0133 | lr 0.039393
2025-10-16 00:44:48,981 | INFO | Iter 1600/5004 | loss 0.0133 | lr 0.039375
2025-10-16 00:45:10,013 | INFO | Iter 1650/5004 | loss 0.0133 | lr 0.039357
2025-10-16 00:45:31,047 | INFO | Iter 1700/5004 | loss 0.0133 | lr 0.039339
2025-10-16 00:45:52,082 | INFO | Iter 1750/5004 | loss 0.0133 | lr 0.039321
2025-10-16 00:46:13,117 | INFO | Iter 1800/5004 | loss 0.0133 | lr 0.039303
2025-10-16 00:46:34,152 | INFO | Iter 1850/5004 | loss 0.0133 | lr 0.039284
2025-10-16 00:46:55,190 | INFO | Iter 1900/5004 | loss 0.0133 | lr 0.039266
2025-10-16 00:47:16,223 | INFO | Iter 1950/5004 | loss 0.0133 | lr 0.039248
2025-10-16 00:47:37,255 | INFO | Iter 2000/5004 | loss 0.0133 | lr 0.039230
2025-10-16 00:47:58,287 | INFO | Iter 2050/5004 | loss 0.0133 | lr 0.039212
2025-10-16 00:48:19,320 | INFO | Iter 2100/5004 | loss 0.0133 | lr 0.039194
2025-10-16 00:48:40,355 | INFO | Iter 2150/5004 | loss 0.0133 | lr 0.039176
2025-10-16 00:49:01,389 | INFO | Iter 2200/5004 | loss 0.0133 | lr 0.039158
2025-10-16 00:49:22,424 | INFO | Iter 2250/5004 | loss 0.0133 | lr 0.039140
2025-10-16 00:49:43,459 | INFO | Iter 2300/5004 | loss 0.0133 | lr 0.039122
2025-10-16 00:50:04,493 | INFO | Iter 2350/5004 | loss 0.0133 | lr 0.039104
2025-10-16 00:50:25,526 | INFO | Iter 2400/5004 | loss 0.0133 | lr 0.039086
2025-10-16 00:50:46,559 | INFO | Iter 2450/5004 | loss 0.0133 | lr 0.039068
2025-10-16 00:51:07,593 | INFO | Iter 2500/5004 | loss 0.0133 | lr 0.039050
2025-10-16 00:51:28,627 | INFO | Iter 2550/5004 | loss 0.0133 | lr 0.039032
2025-10-16 00:51:49,660 | INFO | Iter 2600/5004 | loss 0.0133 | lr 0.039014
2025-10-16 00:52:10,694 | INFO | Iter 2650/5004 | loss 0.0133 | lr 0.038996
2025-10-16 00:52:31,733 | INFO | Iter 2700/5004 | loss 0.0133 | lr 0.038978
2025-10-16 00:52:52,770 | INFO | Iter 2750/5004 | loss 0.0133 | lr 0.038960
2025-10-16 00:53:13,803 | INFO | Iter 2800/5004 | loss 0.0133 | lr 0.038942
2025-10-16 00:53:34,838 | INFO | Iter 2850/5004 | loss 0.0132 | lr 0.038924
2025-10-16 00:53:55,871 | INFO | Iter 2900/5004 | loss 0.0133 | lr 0.038906
2025-10-16 00:54:16,905 | INFO | Iter 2950/5004 | loss 0.0133 | lr 0.038888
2025-10-16 00:54:37,940 | INFO | Iter 3000/5004 | loss 0.0133 | lr 0.038870
2025-10-16 00:54:58,976 | INFO | Iter 3050/5004 | loss 0.0133 | lr 0.038852
2025-10-16 00:55:20,011 | INFO | Iter 3100/5004 | loss 0.0133 | lr 0.038834
2025-10-16 00:55:41,048 | INFO | Iter 3150/5004 | loss 0.0133 | lr 0.038816
2025-10-16 00:56:02,083 | INFO | Iter 3200/5004 | loss 0.0133 | lr 0.038798
2025-10-16 00:56:23,119 | INFO | Iter 3250/5004 | loss 0.0133 | lr 0.038780
2025-10-16 00:56:44,154 | INFO | Iter 3300/5004 | loss 0.0133 | lr 0.038762
2025-10-16 00:57:05,191 | INFO | Iter 3350/5004 | loss 0.0133 | lr 0.038744
2025-10-16 00:57:26,224 | INFO | Iter 3400/5004 | loss 0.0133 | lr 0.038726
2025-10-16 00:57:47,258 | INFO | Iter 3450/5004 | loss 0.0133 | lr 0.038708
2025-10-16 00:58:08,293 | INFO | Iter 3500/5004 | loss 0.0133 | lr 0.038690
2025-10-16 00:58:29,327 | INFO | Iter 3550/5004 | loss 0.0133 | lr 0.038672
2025-10-16 00:58:50,362 | INFO | Iter 3600/5004 | loss 0.0133 | lr 0.038654
2025-10-16 00:59:11,397 | INFO | Iter 3650/5004 | loss 0.0133 | lr 0.038636
2025-10-16 00:59:32,429 | INFO | Iter 3700/5004 | loss 0.0133 | lr 0.038618
2025-10-16 00:59:53,465 | INFO | Iter 3750/5004 | loss 0.0133 | lr 0.038600
2025-10-16 01:00:14,495 | INFO | Iter 3800/5004 | loss 0.0133 | lr 0.038582
2025-10-16 01:00:35,529 | INFO | Iter 3850/5004 | loss 0.0133 | lr 0.038564
2025-10-16 01:00:56,560 | INFO | Iter 3900/5004 | loss 0.0133 | lr 0.038546
2025-10-16 01:01:17,595 | INFO | Iter 3950/5004 | loss 0.0133 | lr 0.038528
2025-10-16 01:01:38,630 | INFO | Iter 4000/5004 | loss 0.0133 | lr 0.038510
2025-10-16 01:01:59,666 | INFO | Iter 4050/5004 | loss 0.0133 | lr 0.038492
2025-10-16 01:02:20,699 | INFO | Iter 4100/5004 | loss 0.0133 | lr 0.038474
2025-10-16 01:02:41,735 | INFO | Iter 4150/5004 | loss 0.0133 | lr 0.038456
2025-10-16 01:03:02,769 | INFO | Iter 4200/5004 | loss 0.0133 | lr 0.038438
2025-10-16 01:03:23,807 | INFO | Iter 4250/5004 | loss 0.0133 | lr 0.038420
2025-10-16 01:03:44,840 | INFO | Iter 4300/5004 | loss 0.0133 | lr 0.038403
2025-10-16 01:04:05,875 | INFO | Iter 4350/5004 | loss 0.0132 | lr 0.038385
2025-10-16 01:04:26,912 | INFO | Iter 4400/5004 | loss 0.0132 | lr 0.038367
2025-10-16 01:04:47,944 | INFO | Iter 4450/5004 | loss 0.0132 | lr 0.038349
2025-10-16 01:05:08,980 | INFO | Iter 4500/5004 | loss 0.0132 | lr 0.038331
2025-10-16 01:05:30,013 | INFO | Iter 4550/5004 | loss 0.0133 | lr 0.038313
2025-10-16 01:05:51,047 | INFO | Iter 4600/5004 | loss 0.0132 | lr 0.038295
2025-10-16 01:06:12,083 | INFO | Iter 4650/5004 | loss 0.0133 | lr 0.038277
2025-10-16 01:06:33,115 | INFO | Iter 4700/5004 | loss 0.0133 | lr 0.038259
2025-10-16 01:06:54,150 | INFO | Iter 4750/5004 | loss 0.0132 | lr 0.038241
2025-10-16 01:07:15,174 | INFO | Iter 4800/5004 | loss 0.0133 | lr 0.038223
2025-10-16 01:07:36,205 | INFO | Iter 4850/5004 | loss 0.0133 | lr 0.038205
2025-10-16 01:07:57,238 | INFO | Iter 4900/5004 | loss 0.0133 | lr 0.038187
2025-10-16 01:08:18,269 | INFO | Iter 4950/5004 | loss 0.0132 | lr 0.038169
2025-10-16 01:08:39,296 | INFO | Iter 5000/5004 | loss 0.0133 | lr 0.038151
2025-10-16 01:09:28,852 | INFO | Epoch 54/90 | Train loss 0.0133 | Val acc@1 61.13 | acc@5 84.42 | LR 0.038151
2025-10-16 01:09:51,993 | INFO | Iter 50/5004 | loss 0.0129 | lr 0.038133
2025-10-16 01:10:13,027 | INFO | Iter 100/5004 | loss 0.0133 | lr 0.038115
2025-10-16 01:10:34,059 | INFO | Iter 150/5004 | loss 0.0130 | lr 0.038097
2025-10-16 01:10:55,091 | INFO | Iter 200/5004 | loss 0.0130 | lr 0.038079
2025-10-16 01:11:16,126 | INFO | Iter 250/5004 | loss 0.0130 | lr 0.038062
2025-10-16 01:11:37,159 | INFO | Iter 300/5004 | loss 0.0129 | lr 0.038044
2025-10-16 01:11:58,193 | INFO | Iter 350/5004 | loss 0.0129 | lr 0.038026
2025-10-16 01:12:19,228 | INFO | Iter 400/5004 | loss 0.0129 | lr 0.038008
2025-10-16 01:12:40,262 | INFO | Iter 450/5004 | loss 0.0129 | lr 0.037990
2025-10-16 01:13:01,294 | INFO | Iter 500/5004 | loss 0.0130 | lr 0.037972
2025-10-16 01:13:22,326 | INFO | Iter 550/5004 | loss 0.0130 | lr 0.037954
2025-10-16 01:13:43,359 | INFO | Iter 600/5004 | loss 0.0130 | lr 0.037936
2025-10-16 01:14:04,393 | INFO | Iter 650/5004 | loss 0.0131 | lr 0.037918
2025-10-16 01:14:25,427 | INFO | Iter 700/5004 | loss 0.0131 | lr 0.037900
2025-10-16 01:14:46,459 | INFO | Iter 750/5004 | loss 0.0131 | lr 0.037882
2025-10-16 01:15:07,493 | INFO | Iter 800/5004 | loss 0.0131 | lr 0.037864
2025-10-16 01:15:28,526 | INFO | Iter 850/5004 | loss 0.0131 | lr 0.037846
2025-10-16 01:15:49,558 | INFO | Iter 900/5004 | loss 0.0131 | lr 0.037829
2025-10-16 01:16:10,591 | INFO | Iter 950/5004 | loss 0.0131 | lr 0.037811
2025-10-16 01:16:31,625 | INFO | Iter 1000/5004 | loss 0.0132 | lr 0.037793
2025-10-16 01:16:52,660 | INFO | Iter 1050/5004 | loss 0.0131 | lr 0.037775
2025-10-16 01:17:13,695 | INFO | Iter 1100/5004 | loss 0.0132 | lr 0.037757
2025-10-16 01:17:34,728 | INFO | Iter 1150/5004 | loss 0.0132 | lr 0.037739
2025-10-16 01:17:55,763 | INFO | Iter 1200/5004 | loss 0.0132 | lr 0.037721
2025-10-16 01:18:16,796 | INFO | Iter 1250/5004 | loss 0.0131 | lr 0.037703
2025-10-16 01:18:37,830 | INFO | Iter 1300/5004 | loss 0.0131 | lr 0.037685
2025-10-16 01:18:58,863 | INFO | Iter 1350/5004 | loss 0.0131 | lr 0.037667
2025-10-16 01:19:19,894 | INFO | Iter 1400/5004 | loss 0.0131 | lr 0.037650
2025-10-16 01:19:40,927 | INFO | Iter 1450/5004 | loss 0.0131 | lr 0.037632
2025-10-16 01:20:01,961 | INFO | Iter 1500/5004 | loss 0.0131 | lr 0.037614
2025-10-16 01:20:22,998 | INFO | Iter 1550/5004 | loss 0.0131 | lr 0.037596
2025-10-16 01:20:44,034 | INFO | Iter 1600/5004 | loss 0.0131 | lr 0.037578
2025-10-16 01:21:05,068 | INFO | Iter 1650/5004 | loss 0.0131 | lr 0.037560
2025-10-16 01:21:26,109 | INFO | Iter 1700/5004 | loss 0.0131 | lr 0.037542
2025-10-16 01:21:47,144 | INFO | Iter 1750/5004 | loss 0.0131 | lr 0.037524
2025-10-16 01:22:08,175 | INFO | Iter 1800/5004 | loss 0.0131 | lr 0.037506
2025-10-16 01:22:29,209 | INFO | Iter 1850/5004 | loss 0.0131 | lr 0.037489
2025-10-16 01:22:50,242 | INFO | Iter 1900/5004 | loss 0.0131 | lr 0.037471
2025-10-16 01:23:11,274 | INFO | Iter 1950/5004 | loss 0.0131 | lr 0.037453
2025-10-16 01:23:32,311 | INFO | Iter 2000/5004 | loss 0.0130 | lr 0.037435
2025-10-16 01:23:53,343 | INFO | Iter 2050/5004 | loss 0.0130 | lr 0.037417
2025-10-16 01:24:14,380 | INFO | Iter 2100/5004 | loss 0.0130 | lr 0.037399
2025-10-16 01:24:35,413 | INFO | Iter 2150/5004 | loss 0.0131 | lr 0.037381
2025-10-16 01:24:56,447 | INFO | Iter 2200/5004 | loss 0.0131 | lr 0.037363
2025-10-16 01:25:17,480 | INFO | Iter 2250/5004 | loss 0.0131 | lr 0.037346
2025-10-16 01:25:38,512 | INFO | Iter 2300/5004 | loss 0.0131 | lr 0.037328
2025-10-16 01:25:59,544 | INFO | Iter 2350/5004 | loss 0.0130 | lr 0.037310
2025-10-16 01:26:20,579 | INFO | Iter 2400/5004 | loss 0.0130 | lr 0.037292
2025-10-16 01:26:41,613 | INFO | Iter 2450/5004 | loss 0.0130 | lr 0.037274
2025-10-16 01:27:02,646 | INFO | Iter 2500/5004 | loss 0.0130 | lr 0.037256
2025-10-16 01:27:23,677 | INFO | Iter 2550/5004 | loss 0.0130 | lr 0.037238
2025-10-16 01:27:44,709 | INFO | Iter 2600/5004 | loss 0.0130 | lr 0.037221
2025-10-16 01:28:05,742 | INFO | Iter 2650/5004 | loss 0.0130 | lr 0.037203
2025-10-16 01:28:26,777 | INFO | Iter 2700/5004 | loss 0.0130 | lr 0.037185
2025-10-16 01:28:47,811 | INFO | Iter 2750/5004 | loss 0.0131 | lr 0.037167
2025-10-16 01:29:08,846 | INFO | Iter 2800/5004 | loss 0.0131 | lr 0.037149
2025-10-16 01:29:29,876 | INFO | Iter 2850/5004 | loss 0.0131 | lr 0.037131
2025-10-16 01:29:50,911 | INFO | Iter 2900/5004 | loss 0.0131 | lr 0.037114
2025-10-16 01:30:11,946 | INFO | Iter 2950/5004 | loss 0.0131 | lr 0.037096
2025-10-16 01:30:32,982 | INFO | Iter 3000/5004 | loss 0.0131 | lr 0.037078
2025-10-16 01:30:54,016 | INFO | Iter 3050/5004 | loss 0.0131 | lr 0.037060
2025-10-16 01:31:15,049 | INFO | Iter 3100/5004 | loss 0.0131 | lr 0.037042
2025-10-16 01:31:36,081 | INFO | Iter 3150/5004 | loss 0.0131 | lr 0.037024
2025-10-16 01:31:57,116 | INFO | Iter 3200/5004 | loss 0.0131 | lr 0.037007
2025-10-16 01:32:18,151 | INFO | Iter 3250/5004 | loss 0.0131 | lr 0.036989
2025-10-16 01:32:39,186 | INFO | Iter 3300/5004 | loss 0.0131 | lr 0.036971
2025-10-16 01:33:00,219 | INFO | Iter 3350/5004 | loss 0.0131 | lr 0.036953
2025-10-16 01:33:21,254 | INFO | Iter 3400/5004 | loss 0.0131 | lr 0.036935
2025-10-16 01:33:42,288 | INFO | Iter 3450/5004 | loss 0.0131 | lr 0.036917
2025-10-16 01:34:03,320 | INFO | Iter 3500/5004 | loss 0.0131 | lr 0.036900
2025-10-16 01:34:24,354 | INFO | Iter 3550/5004 | loss 0.0131 | lr 0.036882
2025-10-16 01:34:45,387 | INFO | Iter 3600/5004 | loss 0.0131 | lr 0.036864
2025-10-16 01:35:06,426 | INFO | Iter 3650/5004 | loss 0.0131 | lr 0.036846
2025-10-16 01:35:27,460 | INFO | Iter 3700/5004 | loss 0.0131 | lr 0.036828
2025-10-16 01:35:48,492 | INFO | Iter 3750/5004 | loss 0.0131 | lr 0.036811
2025-10-16 01:36:09,527 | INFO | Iter 3800/5004 | loss 0.0131 | lr 0.036793
2025-10-16 01:36:30,558 | INFO | Iter 3850/5004 | loss 0.0131 | lr 0.036775
2025-10-16 01:36:51,592 | INFO | Iter 3900/5004 | loss 0.0131 | lr 0.036757
2025-10-16 01:37:12,624 | INFO | Iter 3950/5004 | loss 0.0131 | lr 0.036739
2025-10-16 01:37:33,655 | INFO | Iter 4000/5004 | loss 0.0131 | lr 0.036721
2025-10-16 01:37:54,689 | INFO | Iter 4050/5004 | loss 0.0131 | lr 0.036704
2025-10-16 01:38:15,721 | INFO | Iter 4100/5004 | loss 0.0131 | lr 0.036686
2025-10-16 01:38:36,754 | INFO | Iter 4150/5004 | loss 0.0131 | lr 0.036668
2025-10-16 01:38:57,787 | INFO | Iter 4200/5004 | loss 0.0131 | lr 0.036650
2025-10-16 01:39:18,821 | INFO | Iter 4250/5004 | loss 0.0131 | lr 0.036632
2025-10-16 01:39:39,854 | INFO | Iter 4300/5004 | loss 0.0131 | lr 0.036615
2025-10-16 01:40:00,888 | INFO | Iter 4350/5004 | loss 0.0131 | lr 0.036597
2025-10-16 01:40:21,921 | INFO | Iter 4400/5004 | loss 0.0131 | lr 0.036579
2025-10-16 01:40:42,955 | INFO | Iter 4450/5004 | loss 0.0131 | lr 0.036561
2025-10-16 01:41:03,990 | INFO | Iter 4500/5004 | loss 0.0131 | lr 0.036544
2025-10-16 01:41:25,024 | INFO | Iter 4550/5004 | loss 0.0131 | lr 0.036526
2025-10-16 01:41:46,055 | INFO | Iter 4600/5004 | loss 0.0131 | lr 0.036508
2025-10-16 01:42:07,089 | INFO | Iter 4650/5004 | loss 0.0131 | lr 0.036490
2025-10-16 01:42:28,122 | INFO | Iter 4700/5004 | loss 0.0131 | lr 0.036472
2025-10-16 01:42:49,157 | INFO | Iter 4750/5004 | loss 0.0131 | lr 0.036455
2025-10-16 01:43:10,185 | INFO | Iter 4800/5004 | loss 0.0131 | lr 0.036437
2025-10-16 01:43:31,219 | INFO | Iter 4850/5004 | loss 0.0131 | lr 0.036419
2025-10-16 01:43:52,251 | INFO | Iter 4900/5004 | loss 0.0131 | lr 0.036401
2025-10-16 01:44:13,282 | INFO | Iter 4950/5004 | loss 0.0131 | lr 0.036384
2025-10-16 01:44:34,300 | INFO | Iter 5000/5004 | loss 0.0131 | lr 0.036366
2025-10-16 01:45:24,753 | INFO | Epoch 55/90 | Train loss 0.0131 | Val acc@1 63.79 | acc@5 86.22 | LR 0.036366
2025-10-16 01:45:47,310 | INFO | Iter 50/5004 | loss 0.0135 | lr 0.036348
2025-10-16 01:46:08,344 | INFO | Iter 100/5004 | loss 0.0131 | lr 0.036330
2025-10-16 01:46:29,374 | INFO | Iter 150/5004 | loss 0.0131 | lr 0.036313
2025-10-16 01:46:50,408 | INFO | Iter 200/5004 | loss 0.0132 | lr 0.036295
2025-10-16 01:47:11,442 | INFO | Iter 250/5004 | loss 0.0131 | lr 0.036277
2025-10-16 01:47:32,476 | INFO | Iter 300/5004 | loss 0.0131 | lr 0.036259
2025-10-16 01:47:53,512 | INFO | Iter 350/5004 | loss 0.0131 | lr 0.036241
2025-10-16 01:48:14,545 | INFO | Iter 400/5004 | loss 0.0130 | lr 0.036224
2025-10-16 01:48:35,579 | INFO | Iter 450/5004 | loss 0.0130 | lr 0.036206
2025-10-16 01:48:56,616 | INFO | Iter 500/5004 | loss 0.0130 | lr 0.036188
2025-10-16 01:49:17,650 | INFO | Iter 550/5004 | loss 0.0130 | lr 0.036170
2025-10-16 01:49:38,686 | INFO | Iter 600/5004 | loss 0.0130 | lr 0.036153
2025-10-16 01:49:59,720 | INFO | Iter 650/5004 | loss 0.0131 | lr 0.036135
2025-10-16 01:50:20,754 | INFO | Iter 700/5004 | loss 0.0131 | lr 0.036117
2025-10-16 01:50:41,788 | INFO | Iter 750/5004 | loss 0.0131 | lr 0.036100
2025-10-16 01:51:02,824 | INFO | Iter 800/5004 | loss 0.0131 | lr 0.036082
2025-10-16 01:51:23,858 | INFO | Iter 850/5004 | loss 0.0131 | lr 0.036064
2025-10-16 01:51:44,892 | INFO | Iter 900/5004 | loss 0.0131 | lr 0.036046
2025-10-16 01:52:05,927 | INFO | Iter 950/5004 | loss 0.0131 | lr 0.036029
2025-10-16 01:52:26,958 | INFO | Iter 1000/5004 | loss 0.0131 | lr 0.036011
2025-10-16 01:52:47,992 | INFO | Iter 1050/5004 | loss 0.0131 | lr 0.035993
2025-10-16 01:53:09,028 | INFO | Iter 1100/5004 | loss 0.0131 | lr 0.035975
2025-10-16 01:53:30,062 | INFO | Iter 1150/5004 | loss 0.0130 | lr 0.035958
2025-10-16 01:53:51,097 | INFO | Iter 1200/5004 | loss 0.0130 | lr 0.035940
2025-10-16 01:54:12,130 | INFO | Iter 1250/5004 | loss 0.0131 | lr 0.035922
2025-10-16 01:54:33,165 | INFO | Iter 1300/5004 | loss 0.0130 | lr 0.035905
2025-10-16 01:54:54,200 | INFO | Iter 1350/5004 | loss 0.0130 | lr 0.035887
2025-10-16 01:55:15,235 | INFO | Iter 1400/5004 | loss 0.0130 | lr 0.035869
2025-10-16 01:55:36,267 | INFO | Iter 1450/5004 | loss 0.0131 | lr 0.035851
2025-10-16 01:55:57,302 | INFO | Iter 1500/5004 | loss 0.0131 | lr 0.035834
2025-10-16 01:56:18,336 | INFO | Iter 1550/5004 | loss 0.0131 | lr 0.035816
2025-10-16 01:56:39,369 | INFO | Iter 1600/5004 | loss 0.0131 | lr 0.035798
2025-10-16 01:57:00,402 | INFO | Iter 1650/5004 | loss 0.0131 | lr 0.035781
2025-10-16 01:57:21,437 | INFO | Iter 1700/5004 | loss 0.0130 | lr 0.035763
2025-10-16 01:57:42,469 | INFO | Iter 1750/5004 | loss 0.0130 | lr 0.035745
2025-10-16 01:58:03,503 | INFO | Iter 1800/5004 | loss 0.0130 | lr 0.035727
2025-10-16 01:58:24,532 | INFO | Iter 1850/5004 | loss 0.0130 | lr 0.035710
2025-10-16 01:58:45,568 | INFO | Iter 1900/5004 | loss 0.0130 | lr 0.035692
2025-10-16 01:59:06,600 | INFO | Iter 1950/5004 | loss 0.0130 | lr 0.035674
2025-10-16 01:59:27,634 | INFO | Iter 2000/5004 | loss 0.0130 | lr 0.035657
2025-10-16 01:59:48,666 | INFO | Iter 2050/5004 | loss 0.0130 | lr 0.035639
2025-10-16 02:00:09,701 | INFO | Iter 2100/5004 | loss 0.0130 | lr 0.035621
2025-10-16 02:00:30,734 | INFO | Iter 2150/5004 | loss 0.0130 | lr 0.035604
2025-10-16 02:00:51,766 | INFO | Iter 2200/5004 | loss 0.0130 | lr 0.035586
2025-10-16 02:01:12,799 | INFO | Iter 2250/5004 | loss 0.0130 | lr 0.035568
2025-10-16 02:01:33,832 | INFO | Iter 2300/5004 | loss 0.0130 | lr 0.035551
2025-10-16 02:01:54,864 | INFO | Iter 2350/5004 | loss 0.0130 | lr 0.035533
2025-10-16 02:02:15,898 | INFO | Iter 2400/5004 | loss 0.0130 | lr 0.035515
2025-10-16 02:02:36,932 | INFO | Iter 2450/5004 | loss 0.0130 | lr 0.035498
2025-10-16 02:02:57,966 | INFO | Iter 2500/5004 | loss 0.0130 | lr 0.035480
2025-10-16 02:03:18,999 | INFO | Iter 2550/5004 | loss 0.0130 | lr 0.035462
2025-10-16 02:03:40,033 | INFO | Iter 2600/5004 | loss 0.0130 | lr 0.035445
2025-10-16 02:04:01,064 | INFO | Iter 2650/5004 | loss 0.0130 | lr 0.035427
2025-10-16 02:04:22,097 | INFO | Iter 2700/5004 | loss 0.0130 | lr 0.035409
2025-10-16 02:04:43,132 | INFO | Iter 2750/5004 | loss 0.0130 | lr 0.035392
2025-10-16 02:05:04,168 | INFO | Iter 2800/5004 | loss 0.0130 | lr 0.035374
2025-10-16 02:05:25,202 | INFO | Iter 2850/5004 | loss 0.0130 | lr 0.035356
2025-10-16 02:05:46,235 | INFO | Iter 2900/5004 | loss 0.0130 | lr 0.035339
2025-10-16 02:06:07,270 | INFO | Iter 2950/5004 | loss 0.0130 | lr 0.035321
2025-10-16 02:06:28,306 | INFO | Iter 3000/5004 | loss 0.0130 | lr 0.035303
2025-10-16 02:06:49,341 | INFO | Iter 3050/5004 | loss 0.0130 | lr 0.035286
2025-10-16 02:07:10,375 | INFO | Iter 3100/5004 | loss 0.0130 | lr 0.035268
2025-10-16 02:07:31,408 | INFO | Iter 3150/5004 | loss 0.0130 | lr 0.035250
2025-10-16 02:07:52,442 | INFO | Iter 3200/5004 | loss 0.0130 | lr 0.035233
2025-10-16 02:08:13,474 | INFO | Iter 3250/5004 | loss 0.0130 | lr 0.035215
2025-10-16 02:08:34,509 | INFO | Iter 3300/5004 | loss 0.0130 | lr 0.035197
2025-10-16 02:08:55,544 | INFO | Iter 3350/5004 | loss 0.0130 | lr 0.035180
2025-10-16 02:09:16,580 | INFO | Iter 3400/5004 | loss 0.0130 | lr 0.035162
2025-10-16 02:09:37,616 | INFO | Iter 3450/5004 | loss 0.0130 | lr 0.035145
2025-10-16 02:09:58,651 | INFO | Iter 3500/5004 | loss 0.0130 | lr 0.035127
2025-10-16 02:10:19,685 | INFO | Iter 3550/5004 | loss 0.0130 | lr 0.035109
2025-10-16 02:10:40,722 | INFO | Iter 3600/5004 | loss 0.0130 | lr 0.035092
2025-10-16 02:11:01,757 | INFO | Iter 3650/5004 | loss 0.0130 | lr 0.035074
2025-10-16 02:11:22,793 | INFO | Iter 3700/5004 | loss 0.0130 | lr 0.035056
2025-10-16 02:11:43,827 | INFO | Iter 3750/5004 | loss 0.0130 | lr 0.035039
2025-10-16 02:12:04,863 | INFO | Iter 3800/5004 | loss 0.0130 | lr 0.035021
2025-10-16 02:12:25,893 | INFO | Iter 3850/5004 | loss 0.0130 | lr 0.035004
2025-10-16 02:12:46,928 | INFO | Iter 3900/5004 | loss 0.0130 | lr 0.034986
2025-10-16 02:13:07,961 | INFO | Iter 3950/5004 | loss 0.0130 | lr 0.034968
2025-10-16 02:13:28,996 | INFO | Iter 4000/5004 | loss 0.0130 | lr 0.034951
2025-10-16 02:13:50,031 | INFO | Iter 4050/5004 | loss 0.0130 | lr 0.034933
2025-10-16 02:14:11,066 | INFO | Iter 4100/5004 | loss 0.0130 | lr 0.034916
2025-10-16 02:14:32,100 | INFO | Iter 4150/5004 | loss 0.0130 | lr 0.034898
2025-10-16 02:14:53,136 | INFO | Iter 4200/5004 | loss 0.0130 | lr 0.034880
2025-10-16 02:15:14,170 | INFO | Iter 4250/5004 | loss 0.0130 | lr 0.034863
2025-10-16 02:15:35,207 | INFO | Iter 4300/5004 | loss 0.0130 | lr 0.034845
2025-10-16 02:15:56,241 | INFO | Iter 4350/5004 | loss 0.0130 | lr 0.034828
2025-10-16 02:16:17,273 | INFO | Iter 4400/5004 | loss 0.0130 | lr 0.034810
2025-10-16 02:16:38,306 | INFO | Iter 4450/5004 | loss 0.0130 | lr 0.034792
2025-10-16 02:16:59,342 | INFO | Iter 4500/5004 | loss 0.0130 | lr 0.034775
2025-10-16 02:17:20,375 | INFO | Iter 4550/5004 | loss 0.0130 | lr 0.034757
2025-10-16 02:17:41,410 | INFO | Iter 4600/5004 | loss 0.0130 | lr 0.034740
2025-10-16 02:18:02,441 | INFO | Iter 4650/5004 | loss 0.0130 | lr 0.034722
2025-10-16 02:18:23,476 | INFO | Iter 4700/5004 | loss 0.0130 | lr 0.034704
2025-10-16 02:18:44,509 | INFO | Iter 4750/5004 | loss 0.0130 | lr 0.034687
2025-10-16 02:19:05,536 | INFO | Iter 4800/5004 | loss 0.0130 | lr 0.034669
2025-10-16 02:19:26,567 | INFO | Iter 4850/5004 | loss 0.0130 | lr 0.034652
2025-10-16 02:19:47,601 | INFO | Iter 4900/5004 | loss 0.0130 | lr 0.034634
2025-10-16 02:20:08,630 | INFO | Iter 4950/5004 | loss 0.0130 | lr 0.034617
2025-10-16 02:20:29,659 | INFO | Iter 5000/5004 | loss 0.0130 | lr 0.034599
2025-10-16 02:21:21,101 | INFO | Epoch 56/90 | Train loss 0.0130 | Val acc@1 64.06 | acc@5 86.28 | LR 0.034599
2025-10-16 02:21:44,201 | INFO | Iter 50/5004 | loss 0.0128 | lr 0.034581
2025-10-16 02:22:05,231 | INFO | Iter 100/5004 | loss 0.0132 | lr 0.034564
2025-10-16 02:22:26,265 | INFO | Iter 150/5004 | loss 0.0133 | lr 0.034546
2025-10-16 02:22:47,296 | INFO | Iter 200/5004 | loss 0.0131 | lr 0.034529
2025-10-16 02:23:08,329 | INFO | Iter 250/5004 | loss 0.0131 | lr 0.034511
2025-10-16 02:23:29,364 | INFO | Iter 300/5004 | loss 0.0130 | lr 0.034494
2025-10-16 02:23:50,397 | INFO | Iter 350/5004 | loss 0.0131 | lr 0.034476
2025-10-16 02:24:11,431 | INFO | Iter 400/5004 | loss 0.0131 | lr 0.034459
2025-10-16 02:24:32,464 | INFO | Iter 450/5004 | loss 0.0130 | lr 0.034441
2025-10-16 02:24:53,498 | INFO | Iter 500/5004 | loss 0.0130 | lr 0.034423
2025-10-16 02:25:14,534 | INFO | Iter 550/5004 | loss 0.0130 | lr 0.034406
2025-10-16 02:25:35,570 | INFO | Iter 600/5004 | loss 0.0131 | lr 0.034388
2025-10-16 02:25:56,603 | INFO | Iter 650/5004 | loss 0.0130 | lr 0.034371
2025-10-16 02:26:17,640 | INFO | Iter 700/5004 | loss 0.0129 | lr 0.034353
2025-10-16 02:26:38,676 | INFO | Iter 750/5004 | loss 0.0129 | lr 0.034336
2025-10-16 02:26:59,712 | INFO | Iter 800/5004 | loss 0.0130 | lr 0.034318
2025-10-16 02:27:20,745 | INFO | Iter 850/5004 | loss 0.0131 | lr 0.034301
2025-10-16 02:27:41,781 | INFO | Iter 900/5004 | loss 0.0130 | lr 0.034283
2025-10-16 02:28:02,815 | INFO | Iter 950/5004 | loss 0.0130 | lr 0.034266
2025-10-16 02:28:23,853 | INFO | Iter 1000/5004 | loss 0.0130 | lr 0.034248
2025-10-16 02:28:44,888 | INFO | Iter 1050/5004 | loss 0.0130 | lr 0.034231
2025-10-16 02:29:05,924 | INFO | Iter 1100/5004 | loss 0.0130 | lr 0.034213
2025-10-16 02:29:26,961 | INFO | Iter 1150/5004 | loss 0.0130 | lr 0.034196
2025-10-16 02:29:47,997 | INFO | Iter 1200/5004 | loss 0.0130 | lr 0.034178
2025-10-16 02:30:09,035 | INFO | Iter 1250/5004 | loss 0.0129 | lr 0.034160
2025-10-16 02:30:30,067 | INFO | Iter 1300/5004 | loss 0.0129 | lr 0.034143
2025-10-16 02:30:51,101 | INFO | Iter 1350/5004 | loss 0.0129 | lr 0.034125
2025-10-16 02:31:12,133 | INFO | Iter 1400/5004 | loss 0.0129 | lr 0.034108
2025-10-16 02:31:33,166 | INFO | Iter 1450/5004 | loss 0.0129 | lr 0.034090
2025-10-16 02:31:54,200 | INFO | Iter 1500/5004 | loss 0.0129 | lr 0.034073
2025-10-16 02:32:15,234 | INFO | Iter 1550/5004 | loss 0.0129 | lr 0.034055
2025-10-16 02:32:36,267 | INFO | Iter 1600/5004 | loss 0.0129 | lr 0.034038
2025-10-16 02:32:57,301 | INFO | Iter 1650/5004 | loss 0.0129 | lr 0.034020
2025-10-16 02:33:18,333 | INFO | Iter 1700/5004 | loss 0.0129 | lr 0.034003
2025-10-16 02:33:39,371 | INFO | Iter 1750/5004 | loss 0.0129 | lr 0.033985
2025-10-16 02:34:00,405 | INFO | Iter 1800/5004 | loss 0.0129 | lr 0.033968
2025-10-16 02:34:21,440 | INFO | Iter 1850/5004 | loss 0.0129 | lr 0.033950
2025-10-16 02:34:42,476 | INFO | Iter 1900/5004 | loss 0.0129 | lr 0.033933
2025-10-16 02:35:03,509 | INFO | Iter 1950/5004 | loss 0.0129 | lr 0.033915
2025-10-16 02:35:24,543 | INFO | Iter 2000/5004 | loss 0.0128 | lr 0.033898
2025-10-16 02:35:45,574 | INFO | Iter 2050/5004 | loss 0.0129 | lr 0.033881
2025-10-16 02:36:06,609 | INFO | Iter 2100/5004 | loss 0.0128 | lr 0.033863
2025-10-16 02:36:27,641 | INFO | Iter 2150/5004 | loss 0.0128 | lr 0.033846
2025-10-16 02:36:48,675 | INFO | Iter 2200/5004 | loss 0.0128 | lr 0.033828
2025-10-16 02:37:09,708 | INFO | Iter 2250/5004 | loss 0.0128 | lr 0.033811
2025-10-16 02:37:30,741 | INFO | Iter 2300/5004 | loss 0.0128 | lr 0.033793
2025-10-16 02:37:51,774 | INFO | Iter 2350/5004 | loss 0.0128 | lr 0.033776
2025-10-16 02:38:12,807 | INFO | Iter 2400/5004 | loss 0.0128 | lr 0.033758
2025-10-16 02:38:33,840 | INFO | Iter 2450/5004 | loss 0.0129 | lr 0.033741
2025-10-16 02:38:54,872 | INFO | Iter 2500/5004 | loss 0.0129 | lr 0.033723
2025-10-16 02:39:15,906 | INFO | Iter 2550/5004 | loss 0.0129 | lr 0.033706
2025-10-16 02:39:36,939 | INFO | Iter 2600/5004 | loss 0.0129 | lr 0.033688
2025-10-16 02:39:57,974 | INFO | Iter 2650/5004 | loss 0.0129 | lr 0.033671
2025-10-16 02:40:19,007 | INFO | Iter 2700/5004 | loss 0.0129 | lr 0.033653
2025-10-16 02:40:40,041 | INFO | Iter 2750/5004 | loss 0.0129 | lr 0.033636
2025-10-16 02:41:01,075 | INFO | Iter 2800/5004 | loss 0.0129 | lr 0.033619
2025-10-16 02:41:22,110 | INFO | Iter 2850/5004 | loss 0.0129 | lr 0.033601
2025-10-16 02:41:43,141 | INFO | Iter 2900/5004 | loss 0.0129 | lr 0.033584
2025-10-16 02:42:04,175 | INFO | Iter 2950/5004 | loss 0.0129 | lr 0.033566
2025-10-16 02:42:25,211 | INFO | Iter 3000/5004 | loss 0.0129 | lr 0.033549
2025-10-16 02:42:46,245 | INFO | Iter 3050/5004 | loss 0.0129 | lr 0.033531
2025-10-16 02:43:07,278 | INFO | Iter 3100/5004 | loss 0.0129 | lr 0.033514
2025-10-16 02:43:28,313 | INFO | Iter 3150/5004 | loss 0.0129 | lr 0.033497
2025-10-16 02:43:49,348 | INFO | Iter 3200/5004 | loss 0.0129 | lr 0.033479
2025-10-16 02:44:10,382 | INFO | Iter 3250/5004 | loss 0.0129 | lr 0.033462
2025-10-16 02:44:31,416 | INFO | Iter 3300/5004 | loss 0.0129 | lr 0.033444
2025-10-16 02:44:52,452 | INFO | Iter 3350/5004 | loss 0.0129 | lr 0.033427
2025-10-16 02:45:13,485 | INFO | Iter 3400/5004 | loss 0.0129 | lr 0.033409
2025-10-16 02:45:34,514 | INFO | Iter 3450/5004 | loss 0.0129 | lr 0.033392
2025-10-16 02:45:55,547 | INFO | Iter 3500/5004 | loss 0.0129 | lr 0.033375
2025-10-16 02:46:16,579 | INFO | Iter 3550/5004 | loss 0.0129 | lr 0.033357
2025-10-16 02:46:37,616 | INFO | Iter 3600/5004 | loss 0.0129 | lr 0.033340
2025-10-16 02:46:58,649 | INFO | Iter 3650/5004 | loss 0.0129 | lr 0.033322
2025-10-16 02:47:19,687 | INFO | Iter 3700/5004 | loss 0.0129 | lr 0.033305
2025-10-16 02:47:40,722 | INFO | Iter 3750/5004 | loss 0.0129 | lr 0.033288
2025-10-16 02:48:01,754 | INFO | Iter 3800/5004 | loss 0.0129 | lr 0.033270
2025-10-16 02:48:22,787 | INFO | Iter 3850/5004 | loss 0.0129 | lr 0.033253
2025-10-16 02:48:43,820 | INFO | Iter 3900/5004 | loss 0.0129 | lr 0.033235
2025-10-16 02:49:04,854 | INFO | Iter 3950/5004 | loss 0.0129 | lr 0.033218
2025-10-16 02:49:25,888 | INFO | Iter 4000/5004 | loss 0.0129 | lr 0.033201
2025-10-16 02:49:46,922 | INFO | Iter 4050/5004 | loss 0.0129 | lr 0.033183
2025-10-16 02:50:07,959 | INFO | Iter 4100/5004 | loss 0.0129 | lr 0.033166
2025-10-16 02:50:28,994 | INFO | Iter 4150/5004 | loss 0.0129 | lr 0.033148
2025-10-16 02:50:50,028 | INFO | Iter 4200/5004 | loss 0.0129 | lr 0.033131
2025-10-16 02:51:11,060 | INFO | Iter 4250/5004 | loss 0.0129 | lr 0.033114
2025-10-16 02:51:32,093 | INFO | Iter 4300/5004 | loss 0.0129 | lr 0.033096
2025-10-16 02:51:53,130 | INFO | Iter 4350/5004 | loss 0.0129 | lr 0.033079
2025-10-16 02:52:14,162 | INFO | Iter 4400/5004 | loss 0.0129 | lr 0.033061
2025-10-16 02:52:35,196 | INFO | Iter 4450/5004 | loss 0.0129 | lr 0.033044
2025-10-16 02:52:56,226 | INFO | Iter 4500/5004 | loss 0.0129 | lr 0.033027
2025-10-16 02:53:17,261 | INFO | Iter 4550/5004 | loss 0.0129 | lr 0.033009
2025-10-16 02:53:38,297 | INFO | Iter 4600/5004 | loss 0.0129 | lr 0.032992
2025-10-16 02:53:59,331 | INFO | Iter 4650/5004 | loss 0.0129 | lr 0.032975
2025-10-16 02:54:20,363 | INFO | Iter 4700/5004 | loss 0.0129 | lr 0.032957
2025-10-16 02:54:41,394 | INFO | Iter 4750/5004 | loss 0.0129 | lr 0.032940
2025-10-16 02:55:02,422 | INFO | Iter 4800/5004 | loss 0.0129 | lr 0.032923
2025-10-16 02:55:23,460 | INFO | Iter 4850/5004 | loss 0.0129 | lr 0.032905
2025-10-16 02:55:44,494 | INFO | Iter 4900/5004 | loss 0.0129 | lr 0.032888
2025-10-16 02:56:05,519 | INFO | Iter 4950/5004 | loss 0.0129 | lr 0.032871
2025-10-16 02:56:26,539 | INFO | Iter 5000/5004 | loss 0.0129 | lr 0.032853
2025-10-16 02:57:17,751 | INFO | Epoch 57/90 | Train loss 0.0129 | Val acc@1 64.70 | acc@5 86.53 | LR 0.032853
2025-10-16 02:57:40,830 | INFO | Iter 50/5004 | loss 0.0136 | lr 0.032836
2025-10-16 02:58:01,861 | INFO | Iter 100/5004 | loss 0.0131 | lr 0.032818
2025-10-16 02:58:22,891 | INFO | Iter 150/5004 | loss 0.0130 | lr 0.032801
2025-10-16 02:58:43,922 | INFO | Iter 200/5004 | loss 0.0131 | lr 0.032784
2025-10-16 02:59:04,956 | INFO | Iter 250/5004 | loss 0.0131 | lr 0.032766
2025-10-16 02:59:25,988 | INFO | Iter 300/5004 | loss 0.0130 | lr 0.032749
2025-10-16 02:59:47,021 | INFO | Iter 350/5004 | loss 0.0130 | lr 0.032732
2025-10-16 03:00:08,055 | INFO | Iter 400/5004 | loss 0.0130 | lr 0.032714
2025-10-16 03:00:29,086 | INFO | Iter 450/5004 | loss 0.0130 | lr 0.032697
2025-10-16 03:00:50,121 | INFO | Iter 500/5004 | loss 0.0130 | lr 0.032680
2025-10-16 03:01:11,156 | INFO | Iter 550/5004 | loss 0.0130 | lr 0.032663
2025-10-16 03:01:32,190 | INFO | Iter 600/5004 | loss 0.0130 | lr 0.032645
2025-10-16 03:01:53,224 | INFO | Iter 650/5004 | loss 0.0129 | lr 0.032628
2025-10-16 03:02:14,258 | INFO | Iter 700/5004 | loss 0.0129 | lr 0.032611
2025-10-16 03:02:35,290 | INFO | Iter 750/5004 | loss 0.0129 | lr 0.032593
2025-10-16 03:02:56,323 | INFO | Iter 800/5004 | loss 0.0129 | lr 0.032576
2025-10-16 03:03:17,357 | INFO | Iter 850/5004 | loss 0.0129 | lr 0.032559
2025-10-16 03:03:38,390 | INFO | Iter 900/5004 | loss 0.0129 | lr 0.032541
2025-10-16 03:03:59,424 | INFO | Iter 950/5004 | loss 0.0129 | lr 0.032524
2025-10-16 03:04:20,457 | INFO | Iter 1000/5004 | loss 0.0129 | lr 0.032507
2025-10-16 03:04:41,492 | INFO | Iter 1050/5004 | loss 0.0129 | lr 0.032489
2025-10-16 03:05:02,529 | INFO | Iter 1100/5004 | loss 0.0129 | lr 0.032472
2025-10-16 03:05:23,564 | INFO | Iter 1150/5004 | loss 0.0129 | lr 0.032455
2025-10-16 03:05:44,597 | INFO | Iter 1200/5004 | loss 0.0129 | lr 0.032438
2025-10-16 03:06:05,629 | INFO | Iter 1250/5004 | loss 0.0129 | lr 0.032420
2025-10-16 03:06:26,664 | INFO | Iter 1300/5004 | loss 0.0129 | lr 0.032403
2025-10-16 03:06:47,702 | INFO | Iter 1350/5004 | loss 0.0129 | lr 0.032386
2025-10-16 03:07:08,736 | INFO | Iter 1400/5004 | loss 0.0129 | lr 0.032368
2025-10-16 03:07:29,769 | INFO | Iter 1450/5004 | loss 0.0129 | lr 0.032351
2025-10-16 03:07:50,804 | INFO | Iter 1500/5004 | loss 0.0129 | lr 0.032334
2025-10-16 03:08:11,836 | INFO | Iter 1550/5004 | loss 0.0129 | lr 0.032317
2025-10-16 03:08:32,869 | INFO | Iter 1600/5004 | loss 0.0129 | lr 0.032299
2025-10-16 03:08:53,898 | INFO | Iter 1650/5004 | loss 0.0129 | lr 0.032282
2025-10-16 03:09:14,934 | INFO | Iter 1700/5004 | loss 0.0129 | lr 0.032265
2025-10-16 03:09:35,969 | INFO | Iter 1750/5004 | loss 0.0129 | lr 0.032248
2025-10-16 03:09:57,003 | INFO | Iter 1800/5004 | loss 0.0129 | lr 0.032230
2025-10-16 03:10:18,036 | INFO | Iter 1850/5004 | loss 0.0129 | lr 0.032213
2025-10-16 03:10:39,071 | INFO | Iter 1900/5004 | loss 0.0129 | lr 0.032196
2025-10-16 03:11:00,103 | INFO | Iter 1950/5004 | loss 0.0129 | lr 0.032179
2025-10-16 03:11:21,134 | INFO | Iter 2000/5004 | loss 0.0129 | lr 0.032161
2025-10-16 03:11:42,167 | INFO | Iter 2050/5004 | loss 0.0129 | lr 0.032144
2025-10-16 03:12:03,203 | INFO | Iter 2100/5004 | loss 0.0129 | lr 0.032127
2025-10-16 03:12:24,235 | INFO | Iter 2150/5004 | loss 0.0129 | lr 0.032110
2025-10-16 03:12:45,269 | INFO | Iter 2200/5004 | loss 0.0129 | lr 0.032092
2025-10-16 03:13:06,303 | INFO | Iter 2250/5004 | loss 0.0129 | lr 0.032075
2025-10-16 03:13:27,337 | INFO | Iter 2300/5004 | loss 0.0129 | lr 0.032058
2025-10-16 03:13:48,369 | INFO | Iter 2350/5004 | loss 0.0130 | lr 0.032041
2025-10-16 03:14:09,403 | INFO | Iter 2400/5004 | loss 0.0130 | lr 0.032023
2025-10-16 03:14:30,439 | INFO | Iter 2450/5004 | loss 0.0130 | lr 0.032006
2025-10-16 03:14:51,474 | INFO | Iter 2500/5004 | loss 0.0130 | lr 0.031989
2025-10-16 03:15:12,507 | INFO | Iter 2550/5004 | loss 0.0130 | lr 0.031972
2025-10-16 03:15:33,543 | INFO | Iter 2600/5004 | loss 0.0130 | lr 0.031954
2025-10-16 03:15:54,575 | INFO | Iter 2650/5004 | loss 0.0129 | lr 0.031937
2025-10-16 03:16:15,609 | INFO | Iter 2700/5004 | loss 0.0129 | lr 0.031920
2025-10-16 03:16:36,642 | INFO | Iter 2750/5004 | loss 0.0129 | lr 0.031903
2025-10-16 03:16:57,677 | INFO | Iter 2800/5004 | loss 0.0130 | lr 0.031886
2025-10-16 03:17:18,710 | INFO | Iter 2850/5004 | loss 0.0130 | lr 0.031868
2025-10-16 03:17:39,746 | INFO | Iter 2900/5004 | loss 0.0130 | lr 0.031851
2025-10-16 03:18:00,779 | INFO | Iter 2950/5004 | loss 0.0129 | lr 0.031834
2025-10-16 03:18:21,815 | INFO | Iter 3000/5004 | loss 0.0130 | lr 0.031817
2025-10-16 03:18:42,849 | INFO | Iter 3050/5004 | loss 0.0130 | lr 0.031800
2025-10-16 03:19:03,882 | INFO | Iter 3100/5004 | loss 0.0130 | lr 0.031782
2025-10-16 03:19:24,915 | INFO | Iter 3150/5004 | loss 0.0130 | lr 0.031765
2025-10-16 03:19:45,949 | INFO | Iter 3200/5004 | loss 0.0130 | lr 0.031748
2025-10-16 03:20:06,982 | INFO | Iter 3250/5004 | loss 0.0130 | lr 0.031731
2025-10-16 03:20:28,014 | INFO | Iter 3300/5004 | loss 0.0130 | lr 0.031714
2025-10-16 03:20:49,044 | INFO | Iter 3350/5004 | loss 0.0130 | lr 0.031696
2025-10-16 03:21:10,076 | INFO | Iter 3400/5004 | loss 0.0130 | lr 0.031679
2025-10-16 03:21:31,111 | INFO | Iter 3450/5004 | loss 0.0130 | lr 0.031662
2025-10-16 03:21:52,146 | INFO | Iter 3500/5004 | loss 0.0130 | lr 0.031645
2025-10-16 03:22:13,180 | INFO | Iter 3550/5004 | loss 0.0130 | lr 0.031628
2025-10-16 03:22:34,214 | INFO | Iter 3600/5004 | loss 0.0130 | lr 0.031611
2025-10-16 03:22:55,248 | INFO | Iter 3650/5004 | loss 0.0130 | lr 0.031593
2025-10-16 03:23:16,281 | INFO | Iter 3700/5004 | loss 0.0130 | lr 0.031576
2025-10-16 03:23:37,315 | INFO | Iter 3750/5004 | loss 0.0130 | lr 0.031559
2025-10-16 03:23:58,350 | INFO | Iter 3800/5004 | loss 0.0130 | lr 0.031542
2025-10-16 03:24:19,383 | INFO | Iter 3850/5004 | loss 0.0130 | lr 0.031525
2025-10-16 03:24:40,417 | INFO | Iter 3900/5004 | loss 0.0130 | lr 0.031508
2025-10-16 03:25:01,450 | INFO | Iter 3950/5004 | loss 0.0130 | lr 0.031490
2025-10-16 03:25:22,485 | INFO | Iter 4000/5004 | loss 0.0130 | lr 0.031473
2025-10-16 03:25:43,517 | INFO | Iter 4050/5004 | loss 0.0130 | lr 0.031456
2025-10-16 03:26:04,549 | INFO | Iter 4100/5004 | loss 0.0130 | lr 0.031439
2025-10-16 03:26:25,586 | INFO | Iter 4150/5004 | loss 0.0130 | lr 0.031422
2025-10-16 03:26:46,619 | INFO | Iter 4200/5004 | loss 0.0130 | lr 0.031405
2025-10-16 03:27:07,654 | INFO | Iter 4250/5004 | loss 0.0130 | lr 0.031388
2025-10-16 03:27:28,686 | INFO | Iter 4300/5004 | loss 0.0130 | lr 0.031370
2025-10-16 03:27:49,717 | INFO | Iter 4350/5004 | loss 0.0130 | lr 0.031353
2025-10-16 03:28:10,750 | INFO | Iter 4400/5004 | loss 0.0130 | lr 0.031336
2025-10-16 03:28:31,782 | INFO | Iter 4450/5004 | loss 0.0130 | lr 0.031319
2025-10-16 03:28:52,815 | INFO | Iter 4500/5004 | loss 0.0130 | lr 0.031302
2025-10-16 03:29:13,848 | INFO | Iter 4550/5004 | loss 0.0130 | lr 0.031285
2025-10-16 03:29:34,884 | INFO | Iter 4600/5004 | loss 0.0130 | lr 0.031268
2025-10-16 03:29:55,916 | INFO | Iter 4650/5004 | loss 0.0130 | lr 0.031250
2025-10-16 03:30:16,947 | INFO | Iter 4700/5004 | loss 0.0130 | lr 0.031233
2025-10-16 03:30:37,980 | INFO | Iter 4750/5004 | loss 0.0130 | lr 0.031216
2025-10-16 03:30:59,013 | INFO | Iter 4800/5004 | loss 0.0130 | lr 0.031199
2025-10-16 03:31:20,046 | INFO | Iter 4850/5004 | loss 0.0129 | lr 0.031182
2025-10-16 03:31:41,079 | INFO | Iter 4900/5004 | loss 0.0129 | lr 0.031165
2025-10-16 03:32:02,108 | INFO | Iter 4950/5004 | loss 0.0129 | lr 0.031148
2025-10-16 03:32:23,131 | INFO | Iter 5000/5004 | loss 0.0129 | lr 0.031131
2025-10-16 03:33:15,030 | INFO | Epoch 58/90 | Train loss 0.0129 | Val acc@1 64.74 | acc@5 86.80 | LR 0.031131
2025-10-16 03:33:38,135 | INFO | Iter 50/5004 | loss 0.0128 | lr 0.031114
2025-10-16 03:33:59,170 | INFO | Iter 100/5004 | loss 0.0127 | lr 0.031097
2025-10-16 03:34:20,201 | INFO | Iter 150/5004 | loss 0.0127 | lr 0.031079
2025-10-16 03:34:41,232 | INFO | Iter 200/5004 | loss 0.0128 | lr 0.031062
2025-10-16 03:35:02,267 | INFO | Iter 250/5004 | loss 0.0128 | lr 0.031045
2025-10-16 03:35:23,303 | INFO | Iter 300/5004 | loss 0.0127 | lr 0.031028
2025-10-16 03:35:44,337 | INFO | Iter 350/5004 | loss 0.0128 | lr 0.031011
2025-10-16 03:36:05,372 | INFO | Iter 400/5004 | loss 0.0128 | lr 0.030994
2025-10-16 03:36:26,408 | INFO | Iter 450/5004 | loss 0.0128 | lr 0.030977
2025-10-16 03:36:47,443 | INFO | Iter 500/5004 | loss 0.0128 | lr 0.030960
2025-10-16 03:37:08,478 | INFO | Iter 550/5004 | loss 0.0129 | lr 0.030943
2025-10-16 03:37:29,511 | INFO | Iter 600/5004 | loss 0.0129 | lr 0.030926
2025-10-16 03:37:50,545 | INFO | Iter 650/5004 | loss 0.0129 | lr 0.030909
2025-10-16 03:38:11,582 | INFO | Iter 700/5004 | loss 0.0128 | lr 0.030892
2025-10-16 03:38:32,614 | INFO | Iter 750/5004 | loss 0.0128 | lr 0.030875
2025-10-16 03:38:53,648 | INFO | Iter 800/5004 | loss 0.0128 | lr 0.030857
2025-10-16 03:39:14,681 | INFO | Iter 850/5004 | loss 0.0129 | lr 0.030840
2025-10-16 03:39:35,714 | INFO | Iter 900/5004 | loss 0.0128 | lr 0.030823
2025-10-16 03:39:56,745 | INFO | Iter 950/5004 | loss 0.0128 | lr 0.030806
2025-10-16 03:40:17,779 | INFO | Iter 1000/5004 | loss 0.0129 | lr 0.030789
2025-10-16 03:40:38,813 | INFO | Iter 1050/5004 | loss 0.0128 | lr 0.030772
2025-10-16 03:40:59,847 | INFO | Iter 1100/5004 | loss 0.0128 | lr 0.030755
2025-10-16 03:41:20,882 | INFO | Iter 1150/5004 | loss 0.0128 | lr 0.030738
2025-10-16 03:41:41,914 | INFO | Iter 1200/5004 | loss 0.0129 | lr 0.030721
2025-10-16 03:42:02,947 | INFO | Iter 1250/5004 | loss 0.0129 | lr 0.030704
2025-10-16 03:42:23,980 | INFO | Iter 1300/5004 | loss 0.0129 | lr 0.030687
2025-10-16 03:42:45,011 | INFO | Iter 1350/5004 | loss 0.0129 | lr 0.030670
2025-10-16 03:43:06,045 | INFO | Iter 1400/5004 | loss 0.0129 | lr 0.030653
2025-10-16 03:43:27,077 | INFO | Iter 1450/5004 | loss 0.0129 | lr 0.030636
2025-10-16 03:43:48,112 | INFO | Iter 1500/5004 | loss 0.0129 | lr 0.030619
2025-10-16 03:44:09,146 | INFO | Iter 1550/5004 | loss 0.0128 | lr 0.030602
2025-10-16 03:44:30,178 | INFO | Iter 1600/5004 | loss 0.0128 | lr 0.030585
2025-10-16 03:44:51,212 | INFO | Iter 1650/5004 | loss 0.0128 | lr 0.030568
2025-10-16 03:45:12,244 | INFO | Iter 1700/5004 | loss 0.0128 | lr 0.030551
2025-10-16 03:45:33,281 | INFO | Iter 1750/5004 | loss 0.0128 | lr 0.030534
2025-10-16 03:45:54,312 | INFO | Iter 1800/5004 | loss 0.0128 | lr 0.030517
2025-10-16 03:46:15,346 | INFO | Iter 1850/5004 | loss 0.0128 | lr 0.030500
2025-10-16 03:46:36,383 | INFO | Iter 1900/5004 | loss 0.0128 | lr 0.030483
2025-10-16 03:46:57,418 | INFO | Iter 1950/5004 | loss 0.0128 | lr 0.030466
2025-10-16 03:47:18,453 | INFO | Iter 2000/5004 | loss 0.0128 | lr 0.030449
2025-10-16 03:47:39,486 | INFO | Iter 2050/5004 | loss 0.0128 | lr 0.030432
2025-10-16 03:48:00,521 | INFO | Iter 2100/5004 | loss 0.0128 | lr 0.030415
2025-10-16 03:48:21,555 | INFO | Iter 2150/5004 | loss 0.0128 | lr 0.030398
2025-10-16 03:48:42,585 | INFO | Iter 2200/5004 | loss 0.0128 | lr 0.030381
2025-10-16 03:49:03,620 | INFO | Iter 2250/5004 | loss 0.0128 | lr 0.030364
2025-10-16 03:49:24,653 | INFO | Iter 2300/5004 | loss 0.0128 | lr 0.030347
2025-10-16 03:49:45,688 | INFO | Iter 2350/5004 | loss 0.0128 | lr 0.030330
2025-10-16 03:50:06,716 | INFO | Iter 2400/5004 | loss 0.0128 | lr 0.030313
2025-10-16 03:50:27,750 | INFO | Iter 2450/5004 | loss 0.0128 | lr 0.030296
2025-10-16 03:50:48,784 | INFO | Iter 2500/5004 | loss 0.0128 | lr 0.030279
2025-10-16 03:51:09,818 | INFO | Iter 2550/5004 | loss 0.0128 | lr 0.030262
2025-10-16 03:51:30,853 | INFO | Iter 2600/5004 | loss 0.0128 | lr 0.030245
2025-10-16 03:51:51,887 | INFO | Iter 2650/5004 | loss 0.0128 | lr 0.030228
2025-10-16 03:52:12,922 | INFO | Iter 2700/5004 | loss 0.0128 | lr 0.030211
2025-10-16 03:52:33,956 | INFO | Iter 2750/5004 | loss 0.0128 | lr 0.030194
2025-10-16 03:52:54,989 | INFO | Iter 2800/5004 | loss 0.0128 | lr 0.030177
2025-10-16 03:53:16,022 | INFO | Iter 2850/5004 | loss 0.0128 | lr 0.030160
2025-10-16 03:53:37,058 | INFO | Iter 2900/5004 | loss 0.0128 | lr 0.030143
2025-10-16 03:53:58,090 | INFO | Iter 2950/5004 | loss 0.0128 | lr 0.030126
2025-10-16 03:54:19,122 | INFO | Iter 3000/5004 | loss 0.0128 | lr 0.030109
2025-10-16 03:54:40,154 | INFO | Iter 3050/5004 | loss 0.0128 | lr 0.030093
2025-10-16 03:55:01,187 | INFO | Iter 3100/5004 | loss 0.0128 | lr 0.030076
2025-10-16 03:55:22,220 | INFO | Iter 3150/5004 | loss 0.0128 | lr 0.030059
2025-10-16 03:55:43,252 | INFO | Iter 3200/5004 | loss 0.0128 | lr 0.030042
2025-10-16 03:56:04,286 | INFO | Iter 3250/5004 | loss 0.0128 | lr 0.030025
2025-10-16 03:56:25,321 | INFO | Iter 3300/5004 | loss 0.0128 | lr 0.030008
2025-10-16 03:56:46,356 | INFO | Iter 3350/5004 | loss 0.0128 | lr 0.029991
2025-10-16 03:57:07,389 | INFO | Iter 3400/5004 | loss 0.0128 | lr 0.029974
2025-10-16 03:57:28,421 | INFO | Iter 3450/5004 | loss 0.0128 | lr 0.029957
2025-10-16 03:57:49,454 | INFO | Iter 3500/5004 | loss 0.0128 | lr 0.029940
2025-10-16 03:58:10,492 | INFO | Iter 3550/5004 | loss 0.0128 | lr 0.029923
2025-10-16 03:58:31,524 | INFO | Iter 3600/5004 | loss 0.0128 | lr 0.029906
2025-10-16 03:58:52,558 | INFO | Iter 3650/5004 | loss 0.0128 | lr 0.029889
2025-10-16 03:59:13,590 | INFO | Iter 3700/5004 | loss 0.0128 | lr 0.029873
2025-10-16 03:59:34,622 | INFO | Iter 3750/5004 | loss 0.0128 | lr 0.029856
2025-10-16 03:59:55,654 | INFO | Iter 3800/5004 | loss 0.0128 | lr 0.029839
2025-10-16 04:00:16,684 | INFO | Iter 3850/5004 | loss 0.0128 | lr 0.029822
2025-10-16 04:00:37,717 | INFO | Iter 3900/5004 | loss 0.0128 | lr 0.029805
2025-10-16 04:00:58,750 | INFO | Iter 3950/5004 | loss 0.0128 | lr 0.029788
2025-10-16 04:01:19,782 | INFO | Iter 4000/5004 | loss 0.0128 | lr 0.029771
2025-10-16 04:01:40,817 | INFO | Iter 4050/5004 | loss 0.0128 | lr 0.029754
2025-10-16 04:02:01,849 | INFO | Iter 4100/5004 | loss 0.0128 | lr 0.029737
2025-10-16 04:02:22,883 | INFO | Iter 4150/5004 | loss 0.0128 | lr 0.029721
2025-10-16 04:02:43,914 | INFO | Iter 4200/5004 | loss 0.0128 | lr 0.029704
2025-10-16 04:03:04,947 | INFO | Iter 4250/5004 | loss 0.0128 | lr 0.029687
2025-10-16 04:03:25,978 | INFO | Iter 4300/5004 | loss 0.0128 | lr 0.029670
2025-10-16 04:03:47,012 | INFO | Iter 4350/5004 | loss 0.0128 | lr 0.029653
2025-10-16 04:04:08,046 | INFO | Iter 4400/5004 | loss 0.0128 | lr 0.029636
2025-10-16 04:04:29,081 | INFO | Iter 4450/5004 | loss 0.0128 | lr 0.029619
2025-10-16 04:04:50,114 | INFO | Iter 4500/5004 | loss 0.0128 | lr 0.029602
2025-10-16 04:05:11,147 | INFO | Iter 4550/5004 | loss 0.0128 | lr 0.029586
2025-10-16 04:05:32,184 | INFO | Iter 4600/5004 | loss 0.0128 | lr 0.029569
2025-10-16 04:05:53,219 | INFO | Iter 4650/5004 | loss 0.0128 | lr 0.029552
2025-10-16 04:06:14,251 | INFO | Iter 4700/5004 | loss 0.0128 | lr 0.029535
2025-10-16 04:06:35,286 | INFO | Iter 4750/5004 | loss 0.0128 | lr 0.029518
2025-10-16 04:06:56,315 | INFO | Iter 4800/5004 | loss 0.0128 | lr 0.029501
2025-10-16 04:07:17,347 | INFO | Iter 4850/5004 | loss 0.0128 | lr 0.029485
2025-10-16 04:07:38,380 | INFO | Iter 4900/5004 | loss 0.0128 | lr 0.029468
2025-10-16 04:07:59,411 | INFO | Iter 4950/5004 | loss 0.0128 | lr 0.029451
2025-10-16 04:08:20,437 | INFO | Iter 5000/5004 | loss 0.0128 | lr 0.029434
2025-10-16 04:09:09,372 | INFO | Epoch 59/90 | Train loss 0.0128 | Val acc@1 64.43 | acc@5 86.73 | LR 0.029434
2025-10-16 04:09:32,480 | INFO | Iter 50/5004 | loss 0.0129 | lr 0.029417
2025-10-16 04:09:53,514 | INFO | Iter 100/5004 | loss 0.0128 | lr 0.029400
2025-10-16 04:10:14,548 | INFO | Iter 150/5004 | loss 0.0126 | lr 0.029384
2025-10-16 04:10:35,583 | INFO | Iter 200/5004 | loss 0.0127 | lr 0.029367
2025-10-16 04:10:56,620 | INFO | Iter 250/5004 | loss 0.0127 | lr 0.029350
2025-10-16 04:11:17,657 | INFO | Iter 300/5004 | loss 0.0127 | lr 0.029333
2025-10-16 04:11:38,691 | INFO | Iter 350/5004 | loss 0.0126 | lr 0.029316
2025-10-16 04:11:59,729 | INFO | Iter 400/5004 | loss 0.0128 | lr 0.029299
2025-10-16 04:12:20,764 | INFO | Iter 450/5004 | loss 0.0128 | lr 0.029283
2025-10-16 04:12:41,800 | INFO | Iter 500/5004 | loss 0.0128 | lr 0.029266
2025-10-16 04:13:02,835 | INFO | Iter 550/5004 | loss 0.0128 | lr 0.029249
2025-10-16 04:13:23,869 | INFO | Iter 600/5004 | loss 0.0128 | lr 0.029232
2025-10-16 04:13:44,904 | INFO | Iter 650/5004 | loss 0.0128 | lr 0.029215
2025-10-16 04:14:05,942 | INFO | Iter 700/5004 | loss 0.0128 | lr 0.029199
2025-10-16 04:14:26,977 | INFO | Iter 750/5004 | loss 0.0127 | lr 0.029182
2025-10-16 04:14:48,013 | INFO | Iter 800/5004 | loss 0.0127 | lr 0.029165
2025-10-16 04:15:09,047 | INFO | Iter 850/5004 | loss 0.0127 | lr 0.029148
2025-10-16 04:15:30,083 | INFO | Iter 900/5004 | loss 0.0127 | lr 0.029132
2025-10-16 04:15:51,120 | INFO | Iter 950/5004 | loss 0.0127 | lr 0.029115
2025-10-16 04:16:12,158 | INFO | Iter 1000/5004 | loss 0.0127 | lr 0.029098
2025-10-16 04:16:33,196 | INFO | Iter 1050/5004 | loss 0.0127 | lr 0.029081
2025-10-16 04:16:54,233 | INFO | Iter 1100/5004 | loss 0.0128 | lr 0.029064
2025-10-16 04:17:15,267 | INFO | Iter 1150/5004 | loss 0.0128 | lr 0.029048
2025-10-16 04:17:36,304 | INFO | Iter 1200/5004 | loss 0.0127 | lr 0.029031
2025-10-16 04:17:57,342 | INFO | Iter 1250/5004 | loss 0.0128 | lr 0.029014
2025-10-16 04:18:18,376 | INFO | Iter 1300/5004 | loss 0.0128 | lr 0.028997
2025-10-16 04:18:39,411 | INFO | Iter 1350/5004 | loss 0.0128 | lr 0.028981
2025-10-16 04:19:00,446 | INFO | Iter 1400/5004 | loss 0.0127 | lr 0.028964
2025-10-16 04:19:21,481 | INFO | Iter 1450/5004 | loss 0.0128 | lr 0.028947
2025-10-16 04:19:42,515 | INFO | Iter 1500/5004 | loss 0.0127 | lr 0.028930
2025-10-16 04:20:03,553 | INFO | Iter 1550/5004 | loss 0.0127 | lr 0.028914
2025-10-16 04:20:24,589 | INFO | Iter 1600/5004 | loss 0.0128 | lr 0.028897
2025-10-16 04:20:45,624 | INFO | Iter 1650/5004 | loss 0.0128 | lr 0.028880
2025-10-16 04:21:06,661 | INFO | Iter 1700/5004 | loss 0.0128 | lr 0.028863
2025-10-16 04:21:27,695 | INFO | Iter 1750/5004 | loss 0.0128 | lr 0.028847
2025-10-16 04:21:48,730 | INFO | Iter 1800/5004 | loss 0.0127 | lr 0.028830
2025-10-16 04:22:09,762 | INFO | Iter 1850/5004 | loss 0.0127 | lr 0.028813
2025-10-16 04:22:30,795 | INFO | Iter 1900/5004 | loss 0.0127 | lr 0.028797
2025-10-16 04:22:51,830 | INFO | Iter 1950/5004 | loss 0.0127 | lr 0.028780
2025-10-16 04:23:12,865 | INFO | Iter 2000/5004 | loss 0.0128 | lr 0.028763
2025-10-16 04:23:33,898 | INFO | Iter 2050/5004 | loss 0.0128 | lr 0.028746
2025-10-16 04:23:54,929 | INFO | Iter 2100/5004 | loss 0.0128 | lr 0.028730
2025-10-16 04:24:15,963 | INFO | Iter 2150/5004 | loss 0.0127 | lr 0.028713
2025-10-16 04:24:36,996 | INFO | Iter 2200/5004 | loss 0.0128 | lr 0.028696
2025-10-16 04:24:58,030 | INFO | Iter 2250/5004 | loss 0.0127 | lr 0.028680
2025-10-16 04:25:19,063 | INFO | Iter 2300/5004 | loss 0.0127 | lr 0.028663
2025-10-16 04:25:40,096 | INFO | Iter 2350/5004 | loss 0.0127 | lr 0.028646
2025-10-16 04:26:01,127 | INFO | Iter 2400/5004 | loss 0.0127 | lr 0.028629
2025-10-16 04:26:22,160 | INFO | Iter 2450/5004 | loss 0.0127 | lr 0.028613
2025-10-16 04:26:43,194 | INFO | Iter 2500/5004 | loss 0.0127 | lr 0.028596
2025-10-16 04:27:04,228 | INFO | Iter 2550/5004 | loss 0.0127 | lr 0.028579
2025-10-16 04:27:25,260 | INFO | Iter 2600/5004 | loss 0.0127 | lr 0.028563
2025-10-16 04:27:46,293 | INFO | Iter 2650/5004 | loss 0.0127 | lr 0.028546
2025-10-16 04:28:07,325 | INFO | Iter 2700/5004 | loss 0.0128 | lr 0.028529
2025-10-16 04:28:28,356 | INFO | Iter 2750/5004 | loss 0.0128 | lr 0.028513
2025-10-16 04:28:49,391 | INFO | Iter 2800/5004 | loss 0.0128 | lr 0.028496
2025-10-16 04:29:10,424 | INFO | Iter 2850/5004 | loss 0.0127 | lr 0.028479
2025-10-16 04:29:31,457 | INFO | Iter 2900/5004 | loss 0.0127 | lr 0.028463
2025-10-16 04:29:52,491 | INFO | Iter 2950/5004 | loss 0.0127 | lr 0.028446
2025-10-16 04:30:13,524 | INFO | Iter 3000/5004 | loss 0.0128 | lr 0.028429
2025-10-16 04:30:34,556 | INFO | Iter 3050/5004 | loss 0.0127 | lr 0.028413
2025-10-16 04:30:55,590 | INFO | Iter 3100/5004 | loss 0.0127 | lr 0.028396
2025-10-16 04:31:16,624 | INFO | Iter 3150/5004 | loss 0.0127 | lr 0.028379
2025-10-16 04:31:37,658 | INFO | Iter 3200/5004 | loss 0.0127 | lr 0.028363
2025-10-16 04:31:58,692 | INFO | Iter 3250/5004 | loss 0.0128 | lr 0.028346
2025-10-16 04:32:19,727 | INFO | Iter 3300/5004 | loss 0.0128 | lr 0.028329
2025-10-16 04:32:40,760 | INFO | Iter 3350/5004 | loss 0.0128 | lr 0.028313
2025-10-16 04:33:01,796 | INFO | Iter 3400/5004 | loss 0.0128 | lr 0.028296
2025-10-16 04:33:22,831 | INFO | Iter 3450/5004 | loss 0.0128 | lr 0.028280
2025-10-16 04:33:43,864 | INFO | Iter 3500/5004 | loss 0.0128 | lr 0.028263
2025-10-16 04:34:04,902 | INFO | Iter 3550/5004 | loss 0.0128 | lr 0.028246
2025-10-16 04:34:25,936 | INFO | Iter 3600/5004 | loss 0.0128 | lr 0.028230
2025-10-16 04:34:46,969 | INFO | Iter 3650/5004 | loss 0.0128 | lr 0.028213
2025-10-16 04:35:08,002 | INFO | Iter 3700/5004 | loss 0.0128 | lr 0.028196
2025-10-16 04:35:29,035 | INFO | Iter 3750/5004 | loss 0.0128 | lr 0.028180
2025-10-16 04:35:50,067 | INFO | Iter 3800/5004 | loss 0.0128 | lr 0.028163
2025-10-16 04:36:11,100 | INFO | Iter 3850/5004 | loss 0.0128 | lr 0.028147
2025-10-16 04:36:32,133 | INFO | Iter 3900/5004 | loss 0.0128 | lr 0.028130
2025-10-16 04:36:53,167 | INFO | Iter 3950/5004 | loss 0.0128 | lr 0.028113
2025-10-16 04:37:14,201 | INFO | Iter 4000/5004 | loss 0.0128 | lr 0.028097
2025-10-16 04:37:35,236 | INFO | Iter 4050/5004 | loss 0.0128 | lr 0.028080
2025-10-16 04:37:56,267 | INFO | Iter 4100/5004 | loss 0.0128 | lr 0.028064
2025-10-16 04:38:17,303 | INFO | Iter 4150/5004 | loss 0.0128 | lr 0.028047
2025-10-16 04:38:38,337 | INFO | Iter 4200/5004 | loss 0.0128 | lr 0.028030
2025-10-16 04:38:59,372 | INFO | Iter 4250/5004 | loss 0.0128 | lr 0.028014
2025-10-16 04:39:20,402 | INFO | Iter 4300/5004 | loss 0.0128 | lr 0.027997
2025-10-16 04:39:41,435 | INFO | Iter 4350/5004 | loss 0.0128 | lr 0.027981
2025-10-16 04:40:02,469 | INFO | Iter 4400/5004 | loss 0.0128 | lr 0.027964
2025-10-16 04:40:23,504 | INFO | Iter 4450/5004 | loss 0.0128 | lr 0.027947
2025-10-16 04:40:44,538 | INFO | Iter 4500/5004 | loss 0.0128 | lr 0.027931
2025-10-16 04:41:05,571 | INFO | Iter 4550/5004 | loss 0.0128 | lr 0.027914
2025-10-16 04:41:26,603 | INFO | Iter 4600/5004 | loss 0.0128 | lr 0.027898
2025-10-16 04:41:47,634 | INFO | Iter 4650/5004 | loss 0.0128 | lr 0.027881
2025-10-16 04:42:08,666 | INFO | Iter 4700/5004 | loss 0.0128 | lr 0.027865
2025-10-16 04:42:29,699 | INFO | Iter 4750/5004 | loss 0.0128 | lr 0.027848
2025-10-16 04:42:50,730 | INFO | Iter 4800/5004 | loss 0.0128 | lr 0.027832
2025-10-16 04:43:11,768 | INFO | Iter 4850/5004 | loss 0.0128 | lr 0.027815
2025-10-16 04:43:32,799 | INFO | Iter 4900/5004 | loss 0.0128 | lr 0.027798
2025-10-16 04:43:53,831 | INFO | Iter 4950/5004 | loss 0.0128 | lr 0.027782
2025-10-16 04:44:14,854 | INFO | Iter 5000/5004 | loss 0.0128 | lr 0.027765
2025-10-16 04:45:05,908 | INFO | Epoch 60/90 | Train loss 0.0128 | Val acc@1 64.78 | acc@5 86.77 | LR 0.027765
2025-10-16 04:45:28,913 | INFO | Iter 50/5004 | loss 0.0130 | lr 0.027749
2025-10-16 04:45:49,947 | INFO | Iter 100/5004 | loss 0.0134 | lr 0.027732
2025-10-16 04:46:10,979 | INFO | Iter 150/5004 | loss 0.0131 | lr 0.027716
2025-10-16 04:46:32,014 | INFO | Iter 200/5004 | loss 0.0129 | lr 0.027699
2025-10-16 04:46:53,051 | INFO | Iter 250/5004 | loss 0.0130 | lr 0.027683
2025-10-16 04:47:14,088 | INFO | Iter 300/5004 | loss 0.0130 | lr 0.027666
2025-10-16 04:47:35,125 | INFO | Iter 350/5004 | loss 0.0130 | lr 0.027650
2025-10-16 04:47:56,159 | INFO | Iter 400/5004 | loss 0.0130 | lr 0.027633
2025-10-16 04:48:17,198 | INFO | Iter 450/5004 | loss 0.0130 | lr 0.027617
2025-10-16 04:48:38,234 | INFO | Iter 500/5004 | loss 0.0130 | lr 0.027600
2025-10-16 04:48:59,270 | INFO | Iter 550/5004 | loss 0.0129 | lr 0.027584
2025-10-16 04:49:20,311 | INFO | Iter 600/5004 | loss 0.0129 | lr 0.027567
2025-10-16 04:49:41,347 | INFO | Iter 650/5004 | loss 0.0129 | lr 0.027551
2025-10-16 04:50:02,379 | INFO | Iter 700/5004 | loss 0.0129 | lr 0.027534
2025-10-16 04:50:23,413 | INFO | Iter 750/5004 | loss 0.0128 | lr 0.027518
2025-10-16 04:50:44,444 | INFO | Iter 800/5004 | loss 0.0128 | lr 0.027501
2025-10-16 04:51:05,479 | INFO | Iter 850/5004 | loss 0.0128 | lr 0.027485
2025-10-16 04:51:26,513 | INFO | Iter 900/5004 | loss 0.0128 | lr 0.027468
2025-10-16 04:51:47,547 | INFO | Iter 950/5004 | loss 0.0128 | lr 0.027452
2025-10-16 04:52:08,580 | INFO | Iter 1000/5004 | loss 0.0128 | lr 0.027435
2025-10-16 04:52:29,614 | INFO | Iter 1050/5004 | loss 0.0129 | lr 0.027419
2025-10-16 04:52:50,650 | INFO | Iter 1100/5004 | loss 0.0129 | lr 0.027402
2025-10-16 04:53:11,684 | INFO | Iter 1150/5004 | loss 0.0129 | lr 0.027386
2025-10-16 04:53:32,718 | INFO | Iter 1200/5004 | loss 0.0128 | lr 0.027369
2025-10-16 04:53:53,750 | INFO | Iter 1250/5004 | loss 0.0129 | lr 0.027353
2025-10-16 04:54:14,785 | INFO | Iter 1300/5004 | loss 0.0128 | lr 0.027336
2025-10-16 04:54:35,819 | INFO | Iter 1350/5004 | loss 0.0129 | lr 0.027320
2025-10-16 04:54:56,851 | INFO | Iter 1400/5004 | loss 0.0129 | lr 0.027304
2025-10-16 04:55:17,883 | INFO | Iter 1450/5004 | loss 0.0129 | lr 0.027287
2025-10-16 04:55:38,917 | INFO | Iter 1500/5004 | loss 0.0128 | lr 0.027271
2025-10-16 04:55:59,953 | INFO | Iter 1550/5004 | loss 0.0128 | lr 0.027254
2025-10-16 04:56:20,986 | INFO | Iter 1600/5004 | loss 0.0128 | lr 0.027238
2025-10-16 04:56:42,019 | INFO | Iter 1650/5004 | loss 0.0128 | lr 0.027221
2025-10-16 04:57:03,055 | INFO | Iter 1700/5004 | loss 0.0128 | lr 0.027205
2025-10-16 04:57:24,089 | INFO | Iter 1750/5004 | loss 0.0128 | lr 0.027188
2025-10-16 04:57:45,121 | INFO | Iter 1800/5004 | loss 0.0128 | lr 0.027172
2025-10-16 04:58:06,156 | INFO | Iter 1850/5004 | loss 0.0128 | lr 0.027156
2025-10-16 04:58:27,187 | INFO | Iter 1900/5004 | loss 0.0128 | lr 0.027139
2025-10-16 04:58:48,222 | INFO | Iter 1950/5004 | loss 0.0128 | lr 0.027123
2025-10-16 04:59:09,256 | INFO | Iter 2000/5004 | loss 0.0128 | lr 0.027106
2025-10-16 04:59:30,288 | INFO | Iter 2050/5004 | loss 0.0128 | lr 0.027090
2025-10-16 04:59:51,320 | INFO | Iter 2100/5004 | loss 0.0128 | lr 0.027073
2025-10-16 05:00:12,354 | INFO | Iter 2150/5004 | loss 0.0128 | lr 0.027057
2025-10-16 05:00:33,387 | INFO | Iter 2200/5004 | loss 0.0128 | lr 0.027041
2025-10-16 05:00:54,417 | INFO | Iter 2250/5004 | loss 0.0128 | lr 0.027024
2025-10-16 05:01:15,450 | INFO | Iter 2300/5004 | loss 0.0128 | lr 0.027008
2025-10-16 05:01:36,484 | INFO | Iter 2350/5004 | loss 0.0127 | lr 0.026991
2025-10-16 05:01:57,515 | INFO | Iter 2400/5004 | loss 0.0127 | lr 0.026975
2025-10-16 05:02:18,550 | INFO | Iter 2450/5004 | loss 0.0128 | lr 0.026959
2025-10-16 05:02:39,582 | INFO | Iter 2500/5004 | loss 0.0128 | lr 0.026942
2025-10-16 05:03:00,617 | INFO | Iter 2550/5004 | loss 0.0128 | lr 0.026926
2025-10-16 05:03:21,652 | INFO | Iter 2600/5004 | loss 0.0128 | lr 0.026910
2025-10-16 05:03:42,685 | INFO | Iter 2650/5004 | loss 0.0128 | lr 0.026893
2025-10-16 05:04:03,718 | INFO | Iter 2700/5004 | loss 0.0128 | lr 0.026877
2025-10-16 05:04:24,752 | INFO | Iter 2750/5004 | loss 0.0128 | lr 0.026860
2025-10-16 05:04:45,786 | INFO | Iter 2800/5004 | loss 0.0128 | lr 0.026844
2025-10-16 05:05:06,820 | INFO | Iter 2850/5004 | loss 0.0128 | lr 0.026828
2025-10-16 05:05:27,855 | INFO | Iter 2900/5004 | loss 0.0128 | lr 0.026811
2025-10-16 05:05:48,890 | INFO | Iter 2950/5004 | loss 0.0128 | lr 0.026795
2025-10-16 05:06:09,921 | INFO | Iter 3000/5004 | loss 0.0128 | lr 0.026779
2025-10-16 05:06:30,955 | INFO | Iter 3050/5004 | loss 0.0128 | lr 0.026762
2025-10-16 05:06:51,988 | INFO | Iter 3100/5004 | loss 0.0128 | lr 0.026746
2025-10-16 05:07:13,022 | INFO | Iter 3150/5004 | loss 0.0128 | lr 0.026730
2025-10-16 05:07:34,058 | INFO | Iter 3200/5004 | loss 0.0128 | lr 0.026713
2025-10-16 05:07:55,091 | INFO | Iter 3250/5004 | loss 0.0128 | lr 0.026697
2025-10-16 05:08:16,124 | INFO | Iter 3300/5004 | loss 0.0128 | lr 0.026681
2025-10-16 05:08:37,161 | INFO | Iter 3350/5004 | loss 0.0128 | lr 0.026664
2025-10-16 05:08:58,192 | INFO | Iter 3400/5004 | loss 0.0128 | lr 0.026648
2025-10-16 05:09:19,226 | INFO | Iter 3450/5004 | loss 0.0128 | lr 0.026632
2025-10-16 05:09:40,259 | INFO | Iter 3500/5004 | loss 0.0128 | lr 0.026615
2025-10-16 05:10:01,293 | INFO | Iter 3550/5004 | loss 0.0128 | lr 0.026599
2025-10-16 05:10:22,325 | INFO | Iter 3600/5004 | loss 0.0128 | lr 0.026583
2025-10-16 05:10:43,358 | INFO | Iter 3650/5004 | loss 0.0128 | lr 0.026566
2025-10-16 05:11:04,389 | INFO | Iter 3700/5004 | loss 0.0128 | lr 0.026550
2025-10-16 05:11:25,422 | INFO | Iter 3750/5004 | loss 0.0128 | lr 0.026534
2025-10-16 05:11:46,454 | INFO | Iter 3800/5004 | loss 0.0128 | lr 0.026517
2025-10-16 05:12:07,488 | INFO | Iter 3850/5004 | loss 0.0128 | lr 0.026501
2025-10-16 05:12:28,520 | INFO | Iter 3900/5004 | loss 0.0128 | lr 0.026485
2025-10-16 05:12:49,555 | INFO | Iter 3950/5004 | loss 0.0128 | lr 0.026468
2025-10-16 05:13:10,588 | INFO | Iter 4000/5004 | loss 0.0128 | lr 0.026452
2025-10-16 05:13:31,621 | INFO | Iter 4050/5004 | loss 0.0128 | lr 0.026436
2025-10-16 05:13:52,655 | INFO | Iter 4100/5004 | loss 0.0128 | lr 0.026420
2025-10-16 05:14:13,688 | INFO | Iter 4150/5004 | loss 0.0128 | lr 0.026403
2025-10-16 05:14:34,722 | INFO | Iter 4200/5004 | loss 0.0128 | lr 0.026387
2025-10-16 05:14:55,754 | INFO | Iter 4250/5004 | loss 0.0128 | lr 0.026371
2025-10-16 05:15:16,790 | INFO | Iter 4300/5004 | loss 0.0128 | lr 0.026355
2025-10-16 05:15:37,821 | INFO | Iter 4350/5004 | loss 0.0128 | lr 0.026338
2025-10-16 05:15:58,854 | INFO | Iter 4400/5004 | loss 0.0128 | lr 0.026322
2025-10-16 05:16:19,887 | INFO | Iter 4450/5004 | loss 0.0128 | lr 0.026306
2025-10-16 05:16:40,921 | INFO | Iter 4500/5004 | loss 0.0128 | lr 0.026289
2025-10-16 05:17:01,953 | INFO | Iter 4550/5004 | loss 0.0127 | lr 0.026273
2025-10-16 05:17:22,986 | INFO | Iter 4600/5004 | loss 0.0127 | lr 0.026257
2025-10-16 05:17:44,022 | INFO | Iter 4650/5004 | loss 0.0127 | lr 0.026241
2025-10-16 05:18:05,057 | INFO | Iter 4700/5004 | loss 0.0127 | lr 0.026224
2025-10-16 05:18:26,091 | INFO | Iter 4750/5004 | loss 0.0127 | lr 0.026208
2025-10-16 05:18:47,120 | INFO | Iter 4800/5004 | loss 0.0127 | lr 0.026192
2025-10-16 05:19:08,155 | INFO | Iter 4850/5004 | loss 0.0127 | lr 0.026176
2025-10-16 05:19:29,188 | INFO | Iter 4900/5004 | loss 0.0127 | lr 0.026160
2025-10-16 05:19:50,219 | INFO | Iter 4950/5004 | loss 0.0127 | lr 0.026143
2025-10-16 05:20:11,240 | INFO | Iter 5000/5004 | loss 0.0127 | lr 0.026127
2025-10-16 05:21:02,386 | INFO | Epoch 61/90 | Train loss 0.0127 | Val acc@1 66.32 | acc@5 87.80 | LR 0.026127
2025-10-16 05:21:25,504 | INFO | Iter 50/5004 | loss 0.0131 | lr 0.026111
2025-10-16 05:21:46,539 | INFO | Iter 100/5004 | loss 0.0128 | lr 0.026095
2025-10-16 05:22:07,576 | INFO | Iter 150/5004 | loss 0.0127 | lr 0.026078
2025-10-16 05:22:28,610 | INFO | Iter 200/5004 | loss 0.0128 | lr 0.026062
2025-10-16 05:22:49,646 | INFO | Iter 250/5004 | loss 0.0127 | lr 0.026046
2025-10-16 05:23:10,680 | INFO | Iter 300/5004 | loss 0.0127 | lr 0.026030
2025-10-16 05:23:31,717 | INFO | Iter 350/5004 | loss 0.0126 | lr 0.026014
2025-10-16 05:23:52,754 | INFO | Iter 400/5004 | loss 0.0126 | lr 0.025997
2025-10-16 05:24:13,789 | INFO | Iter 450/5004 | loss 0.0126 | lr 0.025981
2025-10-16 05:24:34,830 | INFO | Iter 500/5004 | loss 0.0126 | lr 0.025965
2025-10-16 05:24:55,869 | INFO | Iter 550/5004 | loss 0.0126 | lr 0.025949
2025-10-16 05:25:16,905 | INFO | Iter 600/5004 | loss 0.0126 | lr 0.025933
2025-10-16 05:25:37,942 | INFO | Iter 650/5004 | loss 0.0126 | lr 0.025916
2025-10-16 05:25:58,979 | INFO | Iter 700/5004 | loss 0.0127 | lr 0.025900
2025-10-16 05:26:20,019 | INFO | Iter 750/5004 | loss 0.0126 | lr 0.025884
2025-10-16 05:26:41,053 | INFO | Iter 800/5004 | loss 0.0126 | lr 0.025868
2025-10-16 05:27:02,088 | INFO | Iter 850/5004 | loss 0.0126 | lr 0.025852
2025-10-16 05:27:23,128 | INFO | Iter 900/5004 | loss 0.0126 | lr 0.025836
2025-10-16 05:27:44,166 | INFO | Iter 950/5004 | loss 0.0126 | lr 0.025819
2025-10-16 05:28:05,199 | INFO | Iter 1000/5004 | loss 0.0126 | lr 0.025803
2025-10-16 05:28:26,232 | INFO | Iter 1050/5004 | loss 0.0126 | lr 0.025787
2025-10-16 05:28:47,265 | INFO | Iter 1100/5004 | loss 0.0126 | lr 0.025771
2025-10-16 05:29:08,299 | INFO | Iter 1150/5004 | loss 0.0126 | lr 0.025755
2025-10-16 05:29:29,334 | INFO | Iter 1200/5004 | loss 0.0126 | lr 0.025739
2025-10-16 05:29:50,364 | INFO | Iter 1250/5004 | loss 0.0126 | lr 0.025722
2025-10-16 05:30:11,397 | INFO | Iter 1300/5004 | loss 0.0127 | lr 0.025706
2025-10-16 05:30:32,432 | INFO | Iter 1350/5004 | loss 0.0127 | lr 0.025690
2025-10-16 05:30:53,463 | INFO | Iter 1400/5004 | loss 0.0127 | lr 0.025674
2025-10-16 05:31:14,496 | INFO | Iter 1450/5004 | loss 0.0126 | lr 0.025658
2025-10-16 05:31:35,532 | INFO | Iter 1500/5004 | loss 0.0126 | lr 0.025642
2025-10-16 05:31:56,566 | INFO | Iter 1550/5004 | loss 0.0127 | lr 0.025626
2025-10-16 05:32:17,601 | INFO | Iter 1600/5004 | loss 0.0126 | lr 0.025610
2025-10-16 05:32:38,634 | INFO | Iter 1650/5004 | loss 0.0126 | lr 0.025593
2025-10-16 05:32:59,668 | INFO | Iter 1700/5004 | loss 0.0126 | lr 0.025577
2025-10-16 05:33:20,701 | INFO | Iter 1750/5004 | loss 0.0126 | lr 0.025561
2025-10-16 05:33:41,734 | INFO | Iter 1800/5004 | loss 0.0126 | lr 0.025545
2025-10-16 05:34:02,770 | INFO | Iter 1850/5004 | loss 0.0126 | lr 0.025529
2025-10-16 05:34:23,801 | INFO | Iter 1900/5004 | loss 0.0126 | lr 0.025513
2025-10-16 05:34:44,836 | INFO | Iter 1950/5004 | loss 0.0126 | lr 0.025497
2025-10-16 05:35:05,870 | INFO | Iter 2000/5004 | loss 0.0126 | lr 0.025481
2025-10-16 05:35:26,902 | INFO | Iter 2050/5004 | loss 0.0126 | lr 0.025465
2025-10-16 05:35:47,936 | INFO | Iter 2100/5004 | loss 0.0126 | lr 0.025449
2025-10-16 05:36:08,970 | INFO | Iter 2150/5004 | loss 0.0126 | lr 0.025432
2025-10-16 05:36:30,005 | INFO | Iter 2200/5004 | loss 0.0126 | lr 0.025416
2025-10-16 05:36:51,038 | INFO | Iter 2250/5004 | loss 0.0126 | lr 0.025400
2025-10-16 05:37:12,071 | INFO | Iter 2300/5004 | loss 0.0126 | lr 0.025384
2025-10-16 05:37:33,102 | INFO | Iter 2350/5004 | loss 0.0126 | lr 0.025368
2025-10-16 05:37:54,137 | INFO | Iter 2400/5004 | loss 0.0126 | lr 0.025352
2025-10-16 05:38:15,171 | INFO | Iter 2450/5004 | loss 0.0126 | lr 0.025336
2025-10-16 05:38:36,204 | INFO | Iter 2500/5004 | loss 0.0126 | lr 0.025320
2025-10-16 05:38:57,238 | INFO | Iter 2550/5004 | loss 0.0126 | lr 0.025304
2025-10-16 05:39:18,272 | INFO | Iter 2600/5004 | loss 0.0126 | lr 0.025288
2025-10-16 05:39:39,308 | INFO | Iter 2650/5004 | loss 0.0126 | lr 0.025272
2025-10-16 05:40:00,343 | INFO | Iter 2700/5004 | loss 0.0126 | lr 0.025256
2025-10-16 05:40:21,375 | INFO | Iter 2750/5004 | loss 0.0126 | lr 0.025240
2025-10-16 05:40:42,407 | INFO | Iter 2800/5004 | loss 0.0126 | lr 0.025224
2025-10-16 05:41:03,438 | INFO | Iter 2850/5004 | loss 0.0126 | lr 0.025208
2025-10-16 05:41:24,470 | INFO | Iter 2900/5004 | loss 0.0126 | lr 0.025192
2025-10-16 05:41:45,501 | INFO | Iter 2950/5004 | loss 0.0126 | lr 0.025176
2025-10-16 05:42:06,537 | INFO | Iter 3000/5004 | loss 0.0126 | lr 0.025160
2025-10-16 05:42:27,573 | INFO | Iter 3050/5004 | loss 0.0126 | lr 0.025144
2025-10-16 05:42:48,609 | INFO | Iter 3100/5004 | loss 0.0126 | lr 0.025128
2025-10-16 05:43:09,642 | INFO | Iter 3150/5004 | loss 0.0126 | lr 0.025111
2025-10-16 05:43:30,677 | INFO | Iter 3200/5004 | loss 0.0126 | lr 0.025095
2025-10-16 05:43:51,711 | INFO | Iter 3250/5004 | loss 0.0126 | lr 0.025079
2025-10-16 05:44:12,744 | INFO | Iter 3300/5004 | loss 0.0126 | lr 0.025063
2025-10-16 05:44:33,777 | INFO | Iter 3350/5004 | loss 0.0126 | lr 0.025047
2025-10-16 05:44:54,811 | INFO | Iter 3400/5004 | loss 0.0126 | lr 0.025031
2025-10-16 05:45:15,845 | INFO | Iter 3450/5004 | loss 0.0126 | lr 0.025015
2025-10-16 05:45:36,877 | INFO | Iter 3500/5004 | loss 0.0126 | lr 0.024999
2025-10-16 05:45:57,914 | INFO | Iter 3550/5004 | loss 0.0126 | lr 0.024983
2025-10-16 05:46:18,947 | INFO | Iter 3600/5004 | loss 0.0126 | lr 0.024967
2025-10-16 05:46:39,980 | INFO | Iter 3650/5004 | loss 0.0126 | lr 0.024952
2025-10-16 05:47:01,013 | INFO | Iter 3700/5004 | loss 0.0126 | lr 0.024936
2025-10-16 05:47:22,045 | INFO | Iter 3750/5004 | loss 0.0126 | lr 0.024920
2025-10-16 05:47:43,079 | INFO | Iter 3800/5004 | loss 0.0126 | lr 0.024904
2025-10-16 05:48:04,114 | INFO | Iter 3850/5004 | loss 0.0126 | lr 0.024888
2025-10-16 05:48:25,150 | INFO | Iter 3900/5004 | loss 0.0126 | lr 0.024872
2025-10-16 05:48:46,186 | INFO | Iter 3950/5004 | loss 0.0126 | lr 0.024856
2025-10-16 05:49:07,220 | INFO | Iter 4000/5004 | loss 0.0126 | lr 0.024840
2025-10-16 05:49:28,254 | INFO | Iter 4050/5004 | loss 0.0126 | lr 0.024824
2025-10-16 05:49:49,287 | INFO | Iter 4100/5004 | loss 0.0126 | lr 0.024808
2025-10-16 05:50:10,321 | INFO | Iter 4150/5004 | loss 0.0126 | lr 0.024792
2025-10-16 05:50:31,353 | INFO | Iter 4200/5004 | loss 0.0126 | lr 0.024776
2025-10-16 05:50:52,387 | INFO | Iter 4250/5004 | loss 0.0126 | lr 0.024760
2025-10-16 05:51:13,420 | INFO | Iter 4300/5004 | loss 0.0126 | lr 0.024744
2025-10-16 05:51:34,453 | INFO | Iter 4350/5004 | loss 0.0126 | lr 0.024728
2025-10-16 05:51:55,491 | INFO | Iter 4400/5004 | loss 0.0126 | lr 0.024712
2025-10-16 05:52:16,523 | INFO | Iter 4450/5004 | loss 0.0126 | lr 0.024696
2025-10-16 05:52:37,554 | INFO | Iter 4500/5004 | loss 0.0126 | lr 0.024680
2025-10-16 05:52:58,588 | INFO | Iter 4550/5004 | loss 0.0126 | lr 0.024664
2025-10-16 05:53:19,621 | INFO | Iter 4600/5004 | loss 0.0126 | lr 0.024649
2025-10-16 05:53:40,655 | INFO | Iter 4650/5004 | loss 0.0126 | lr 0.024633
2025-10-16 05:54:01,691 | INFO | Iter 4700/5004 | loss 0.0126 | lr 0.024617
2025-10-16 05:54:22,726 | INFO | Iter 4750/5004 | loss 0.0126 | lr 0.024601
2025-10-16 05:54:43,756 | INFO | Iter 4800/5004 | loss 0.0126 | lr 0.024585
2025-10-16 05:55:04,788 | INFO | Iter 4850/5004 | loss 0.0126 | lr 0.024569
2025-10-16 05:55:25,822 | INFO | Iter 4900/5004 | loss 0.0126 | lr 0.024553
2025-10-16 05:55:46,854 | INFO | Iter 4950/5004 | loss 0.0126 | lr 0.024537
2025-10-16 05:56:07,875 | INFO | Iter 5000/5004 | loss 0.0126 | lr 0.024521
2025-10-16 05:56:58,845 | INFO | Epoch 62/90 | Train loss 0.0126 | Val acc@1 66.82 | acc@5 88.05 | LR 0.024521
2025-10-16 05:57:21,947 | INFO | Iter 50/5004 | loss 0.0115 | lr 0.024505
2025-10-16 05:57:42,981 | INFO | Iter 100/5004 | loss 0.0121 | lr 0.024490
2025-10-16 05:58:04,019 | INFO | Iter 150/5004 | loss 0.0126 | lr 0.024474
2025-10-16 05:58:25,053 | INFO | Iter 200/5004 | loss 0.0126 | lr 0.024458
2025-10-16 05:58:46,088 | INFO | Iter 250/5004 | loss 0.0125 | lr 0.024442
2025-10-16 05:59:07,123 | INFO | Iter 300/5004 | loss 0.0125 | lr 0.024426
2025-10-16 05:59:28,159 | INFO | Iter 350/5004 | loss 0.0125 | lr 0.024410
2025-10-16 05:59:49,197 | INFO | Iter 400/5004 | loss 0.0125 | lr 0.024394
2025-10-16 06:00:10,234 | INFO | Iter 450/5004 | loss 0.0125 | lr 0.024378
2025-10-16 06:00:31,269 | INFO | Iter 500/5004 | loss 0.0125 | lr 0.024363
2025-10-16 06:00:52,309 | INFO | Iter 550/5004 | loss 0.0125 | lr 0.024347
2025-10-16 06:01:13,345 | INFO | Iter 600/5004 | loss 0.0125 | lr 0.024331
2025-10-16 06:01:34,380 | INFO | Iter 650/5004 | loss 0.0125 | lr 0.024315
2025-10-16 06:01:55,415 | INFO | Iter 700/5004 | loss 0.0125 | lr 0.024299
2025-10-16 06:02:16,453 | INFO | Iter 750/5004 | loss 0.0125 | lr 0.024283
2025-10-16 06:02:37,492 | INFO | Iter 800/5004 | loss 0.0126 | lr 0.024268
2025-10-16 06:02:58,528 | INFO | Iter 850/5004 | loss 0.0125 | lr 0.024252
2025-10-16 06:03:19,565 | INFO | Iter 900/5004 | loss 0.0126 | lr 0.024236
2025-10-16 06:03:40,603 | INFO | Iter 950/5004 | loss 0.0126 | lr 0.024220
2025-10-16 06:04:01,639 | INFO | Iter 1000/5004 | loss 0.0126 | lr 0.024204
2025-10-16 06:04:22,675 | INFO | Iter 1050/5004 | loss 0.0126 | lr 0.024188
2025-10-16 06:04:43,712 | INFO | Iter 1100/5004 | loss 0.0126 | lr 0.024173
2025-10-16 06:05:04,744 | INFO | Iter 1150/5004 | loss 0.0126 | lr 0.024157
2025-10-16 06:05:25,775 | INFO | Iter 1200/5004 | loss 0.0127 | lr 0.024141
2025-10-16 06:05:46,809 | INFO | Iter 1250/5004 | loss 0.0127 | lr 0.024125
2025-10-16 06:06:07,842 | INFO | Iter 1300/5004 | loss 0.0127 | lr 0.024109
2025-10-16 06:06:28,874 | INFO | Iter 1350/5004 | loss 0.0127 | lr 0.024094
2025-10-16 06:06:49,908 | INFO | Iter 1400/5004 | loss 0.0127 | lr 0.024078
2025-10-16 06:07:10,942 | INFO | Iter 1450/5004 | loss 0.0127 | lr 0.024062
2025-10-16 06:07:31,976 | INFO | Iter 1500/5004 | loss 0.0127 | lr 0.024046
2025-10-16 06:07:53,007 | INFO | Iter 1550/5004 | loss 0.0127 | lr 0.024030
2025-10-16 06:08:14,041 | INFO | Iter 1600/5004 | loss 0.0127 | lr 0.024015
2025-10-16 06:08:35,075 | INFO | Iter 1650/5004 | loss 0.0127 | lr 0.023999
2025-10-16 06:08:56,109 | INFO | Iter 1700/5004 | loss 0.0127 | lr 0.023983
2025-10-16 06:09:17,141 | INFO | Iter 1750/5004 | loss 0.0127 | lr 0.023967
2025-10-16 06:09:38,177 | INFO | Iter 1800/5004 | loss 0.0127 | lr 0.023952
2025-10-16 06:09:59,210 | INFO | Iter 1850/5004 | loss 0.0127 | lr 0.023936
2025-10-16 06:10:20,241 | INFO | Iter 1900/5004 | loss 0.0127 | lr 0.023920
2025-10-16 06:10:41,274 | INFO | Iter 1950/5004 | loss 0.0127 | lr 0.023904
2025-10-16 06:11:02,308 | INFO | Iter 2000/5004 | loss 0.0127 | lr 0.023889
2025-10-16 06:11:23,343 | INFO | Iter 2050/5004 | loss 0.0127 | lr 0.023873
2025-10-16 06:11:44,377 | INFO | Iter 2100/5004 | loss 0.0127 | lr 0.023857
2025-10-16 06:12:05,410 | INFO | Iter 2150/5004 | loss 0.0127 | lr 0.023841
2025-10-16 06:12:26,442 | INFO | Iter 2200/5004 | loss 0.0127 | lr 0.023826
2025-10-16 06:12:47,475 | INFO | Iter 2250/5004 | loss 0.0127 | lr 0.023810
2025-10-16 06:13:08,508 | INFO | Iter 2300/5004 | loss 0.0127 | lr 0.023794
2025-10-16 06:13:29,542 | INFO | Iter 2350/5004 | loss 0.0127 | lr 0.023778
2025-10-16 06:13:50,577 | INFO | Iter 2400/5004 | loss 0.0127 | lr 0.023763
2025-10-16 06:14:11,609 | INFO | Iter 2450/5004 | loss 0.0127 | lr 0.023747
2025-10-16 06:14:32,643 | INFO | Iter 2500/5004 | loss 0.0127 | lr 0.023731
2025-10-16 06:14:53,674 | INFO | Iter 2550/5004 | loss 0.0127 | lr 0.023716
2025-10-16 06:15:14,708 | INFO | Iter 2600/5004 | loss 0.0127 | lr 0.023700
2025-10-16 06:15:35,741 | INFO | Iter 2650/5004 | loss 0.0127 | lr 0.023684
2025-10-16 06:15:56,776 | INFO | Iter 2700/5004 | loss 0.0127 | lr 0.023668
2025-10-16 06:16:17,808 | INFO | Iter 2750/5004 | loss 0.0127 | lr 0.023653
2025-10-16 06:16:38,842 | INFO | Iter 2800/5004 | loss 0.0127 | lr 0.023637
2025-10-16 06:16:59,876 | INFO | Iter 2850/5004 | loss 0.0127 | lr 0.023621
2025-10-16 06:17:20,912 | INFO | Iter 2900/5004 | loss 0.0127 | lr 0.023606
2025-10-16 06:17:41,947 | INFO | Iter 2950/5004 | loss 0.0127 | lr 0.023590
2025-10-16 06:18:02,982 | INFO | Iter 3000/5004 | loss 0.0127 | lr 0.023574
2025-10-16 06:18:24,018 | INFO | Iter 3050/5004 | loss 0.0127 | lr 0.023559
2025-10-16 06:18:45,051 | INFO | Iter 3100/5004 | loss 0.0127 | lr 0.023543
2025-10-16 06:19:06,084 | INFO | Iter 3150/5004 | loss 0.0127 | lr 0.023527
2025-10-16 06:19:27,117 | INFO | Iter 3200/5004 | loss 0.0127 | lr 0.023512
2025-10-16 06:19:48,151 | INFO | Iter 3250/5004 | loss 0.0127 | lr 0.023496
2025-10-16 06:20:09,185 | INFO | Iter 3300/5004 | loss 0.0127 | lr 0.023480
2025-10-16 06:20:30,217 | INFO | Iter 3350/5004 | loss 0.0127 | lr 0.023465
2025-10-16 06:20:51,253 | INFO | Iter 3400/5004 | loss 0.0127 | lr 0.023449
2025-10-16 06:21:12,284 | INFO | Iter 3450/5004 | loss 0.0127 | lr 0.023433
2025-10-16 06:21:33,318 | INFO | Iter 3500/5004 | loss 0.0127 | lr 0.023418
2025-10-16 06:21:54,351 | INFO | Iter 3550/5004 | loss 0.0127 | lr 0.023402
2025-10-16 06:22:15,385 | INFO | Iter 3600/5004 | loss 0.0127 | lr 0.023387
2025-10-16 06:22:36,417 | INFO | Iter 3650/5004 | loss 0.0127 | lr 0.023371
2025-10-16 06:22:57,452 | INFO | Iter 3700/5004 | loss 0.0127 | lr 0.023355
2025-10-16 06:23:18,488 | INFO | Iter 3750/5004 | loss 0.0127 | lr 0.023340
2025-10-16 06:23:39,522 | INFO | Iter 3800/5004 | loss 0.0127 | lr 0.023324
2025-10-16 06:24:00,553 | INFO | Iter 3850/5004 | loss 0.0126 | lr 0.023308
2025-10-16 06:24:21,586 | INFO | Iter 3900/5004 | loss 0.0127 | lr 0.023293
2025-10-16 06:24:42,620 | INFO | Iter 3950/5004 | loss 0.0126 | lr 0.023277
2025-10-16 06:25:03,653 | INFO | Iter 4000/5004 | loss 0.0126 | lr 0.023262
2025-10-16 06:25:24,688 | INFO | Iter 4050/5004 | loss 0.0126 | lr 0.023246
2025-10-16 06:25:45,722 | INFO | Iter 4100/5004 | loss 0.0126 | lr 0.023230
2025-10-16 06:26:06,756 | INFO | Iter 4150/5004 | loss 0.0126 | lr 0.023215
2025-10-16 06:26:27,790 | INFO | Iter 4200/5004 | loss 0.0126 | lr 0.023199
2025-10-16 06:26:48,822 | INFO | Iter 4250/5004 | loss 0.0126 | lr 0.023184
2025-10-16 06:27:09,854 | INFO | Iter 4300/5004 | loss 0.0127 | lr 0.023168
2025-10-16 06:27:30,887 | INFO | Iter 4350/5004 | loss 0.0127 | lr 0.023152
2025-10-16 06:27:51,916 | INFO | Iter 4400/5004 | loss 0.0126 | lr 0.023137
2025-10-16 06:28:12,947 | INFO | Iter 4450/5004 | loss 0.0127 | lr 0.023121
2025-10-16 06:28:33,980 | INFO | Iter 4500/5004 | loss 0.0126 | lr 0.023106
2025-10-16 06:28:55,012 | INFO | Iter 4550/5004 | loss 0.0126 | lr 0.023090
2025-10-16 06:29:16,042 | INFO | Iter 4600/5004 | loss 0.0126 | lr 0.023075
2025-10-16 06:29:37,077 | INFO | Iter 4650/5004 | loss 0.0126 | lr 0.023059
2025-10-16 06:29:58,112 | INFO | Iter 4700/5004 | loss 0.0126 | lr 0.023044
2025-10-16 06:30:19,144 | INFO | Iter 4750/5004 | loss 0.0126 | lr 0.023028
2025-10-16 06:30:40,172 | INFO | Iter 4800/5004 | loss 0.0126 | lr 0.023012
2025-10-16 06:31:01,206 | INFO | Iter 4850/5004 | loss 0.0126 | lr 0.022997
2025-10-16 06:31:22,244 | INFO | Iter 4900/5004 | loss 0.0126 | lr 0.022981
2025-10-16 06:31:43,275 | INFO | Iter 4950/5004 | loss 0.0126 | lr 0.022966
2025-10-16 06:32:04,294 | INFO | Iter 5000/5004 | loss 0.0126 | lr 0.022950
2025-10-16 06:32:53,205 | INFO | Epoch 63/90 | Train loss 0.0126 | Val acc@1 66.73 | acc@5 88.02 | LR 0.022950
2025-10-16 06:33:15,705 | INFO | Iter 50/5004 | loss 0.0118 | lr 0.022935
2025-10-16 06:33:36,738 | INFO | Iter 100/5004 | loss 0.0122 | lr 0.022919
2025-10-16 06:33:57,772 | INFO | Iter 150/5004 | loss 0.0125 | lr 0.022904
2025-10-16 06:34:18,804 | INFO | Iter 200/5004 | loss 0.0125 | lr 0.022888
2025-10-16 06:34:39,842 | INFO | Iter 250/5004 | loss 0.0125 | lr 0.022873
2025-10-16 06:35:00,876 | INFO | Iter 300/5004 | loss 0.0126 | lr 0.022857
2025-10-16 06:35:21,912 | INFO | Iter 350/5004 | loss 0.0125 | lr 0.022842
2025-10-16 06:35:42,950 | INFO | Iter 400/5004 | loss 0.0126 | lr 0.022826
2025-10-16 06:36:03,984 | INFO | Iter 450/5004 | loss 0.0125 | lr 0.022811
2025-10-16 06:36:25,019 | INFO | Iter 500/5004 | loss 0.0125 | lr 0.022795
2025-10-16 06:36:46,055 | INFO | Iter 550/5004 | loss 0.0125 | lr 0.022780
2025-10-16 06:37:07,089 | INFO | Iter 600/5004 | loss 0.0125 | lr 0.022764
2025-10-16 06:37:28,125 | INFO | Iter 650/5004 | loss 0.0124 | lr 0.022749
2025-10-16 06:37:49,163 | INFO | Iter 700/5004 | loss 0.0124 | lr 0.022733
2025-10-16 06:38:10,198 | INFO | Iter 750/5004 | loss 0.0124 | lr 0.022718
2025-10-16 06:38:31,235 | INFO | Iter 800/5004 | loss 0.0124 | lr 0.022702
2025-10-16 06:38:52,272 | INFO | Iter 850/5004 | loss 0.0124 | lr 0.022687
2025-10-16 06:39:13,308 | INFO | Iter 900/5004 | loss 0.0124 | lr 0.022671
2025-10-16 06:39:34,342 | INFO | Iter 950/5004 | loss 0.0124 | lr 0.022656
2025-10-16 06:39:55,375 | INFO | Iter 1000/5004 | loss 0.0124 | lr 0.022640
2025-10-16 06:40:16,413 | INFO | Iter 1050/5004 | loss 0.0125 | lr 0.022625
2025-10-16 06:40:37,448 | INFO | Iter 1100/5004 | loss 0.0125 | lr 0.022610
2025-10-16 06:40:58,483 | INFO | Iter 1150/5004 | loss 0.0125 | lr 0.022594
2025-10-16 06:41:19,519 | INFO | Iter 1200/5004 | loss 0.0124 | lr 0.022579
2025-10-16 06:41:40,552 | INFO | Iter 1250/5004 | loss 0.0125 | lr 0.022563
2025-10-16 06:42:01,586 | INFO | Iter 1300/5004 | loss 0.0125 | lr 0.022548
2025-10-16 06:42:22,620 | INFO | Iter 1350/5004 | loss 0.0125 | lr 0.022532
2025-10-16 06:42:43,651 | INFO | Iter 1400/5004 | loss 0.0125 | lr 0.022517
2025-10-16 06:43:04,689 | INFO | Iter 1450/5004 | loss 0.0125 | lr 0.022501
2025-10-16 06:43:25,724 | INFO | Iter 1500/5004 | loss 0.0125 | lr 0.022486
2025-10-16 06:43:46,758 | INFO | Iter 1550/5004 | loss 0.0125 | lr 0.022471
2025-10-16 06:44:07,792 | INFO | Iter 1600/5004 | loss 0.0125 | lr 0.022455
2025-10-16 06:44:28,828 | INFO | Iter 1650/5004 | loss 0.0125 | lr 0.022440
2025-10-16 06:44:49,861 | INFO | Iter 1700/5004 | loss 0.0125 | lr 0.022424
2025-10-16 06:45:10,897 | INFO | Iter 1750/5004 | loss 0.0125 | lr 0.022409
2025-10-16 06:45:31,932 | INFO | Iter 1800/5004 | loss 0.0125 | lr 0.022394
2025-10-16 06:45:52,967 | INFO | Iter 1850/5004 | loss 0.0125 | lr 0.022378
2025-10-16 06:46:13,999 | INFO | Iter 1900/5004 | loss 0.0125 | lr 0.022363
2025-10-16 06:46:35,034 | INFO | Iter 1950/5004 | loss 0.0125 | lr 0.022347
2025-10-16 06:46:56,069 | INFO | Iter 2000/5004 | loss 0.0125 | lr 0.022332
2025-10-16 06:47:17,105 | INFO | Iter 2050/5004 | loss 0.0125 | lr 0.022317
2025-10-16 06:47:38,140 | INFO | Iter 2100/5004 | loss 0.0125 | lr 0.022301
2025-10-16 06:47:59,173 | INFO | Iter 2150/5004 | loss 0.0125 | lr 0.022286
2025-10-16 06:48:20,207 | INFO | Iter 2200/5004 | loss 0.0125 | lr 0.022271
2025-10-16 06:48:41,242 | INFO | Iter 2250/5004 | loss 0.0124 | lr 0.022255
2025-10-16 06:49:02,275 | INFO | Iter 2300/5004 | loss 0.0125 | lr 0.022240
2025-10-16 06:49:23,312 | INFO | Iter 2350/5004 | loss 0.0125 | lr 0.022224
2025-10-16 06:49:44,348 | INFO | Iter 2400/5004 | loss 0.0125 | lr 0.022209
2025-10-16 06:50:05,382 | INFO | Iter 2450/5004 | loss 0.0124 | lr 0.022194
2025-10-16 06:50:26,418 | INFO | Iter 2500/5004 | loss 0.0124 | lr 0.022178
2025-10-16 06:50:47,451 | INFO | Iter 2550/5004 | loss 0.0125 | lr 0.022163
2025-10-16 06:51:08,484 | INFO | Iter 2600/5004 | loss 0.0125 | lr 0.022148
2025-10-16 06:51:29,518 | INFO | Iter 2650/5004 | loss 0.0125 | lr 0.022132
2025-10-16 06:51:50,552 | INFO | Iter 2700/5004 | loss 0.0125 | lr 0.022117
2025-10-16 06:52:11,586 | INFO | Iter 2750/5004 | loss 0.0125 | lr 0.022102
2025-10-16 06:52:32,622 | INFO | Iter 2800/5004 | loss 0.0125 | lr 0.022086
2025-10-16 06:52:53,656 | INFO | Iter 2850/5004 | loss 0.0124 | lr 0.022071
2025-10-16 06:53:14,691 | INFO | Iter 2900/5004 | loss 0.0124 | lr 0.022056
2025-10-16 06:53:35,723 | INFO | Iter 2950/5004 | loss 0.0124 | lr 0.022041
2025-10-16 06:53:56,757 | INFO | Iter 3000/5004 | loss 0.0124 | lr 0.022025
2025-10-16 06:54:17,794 | INFO | Iter 3050/5004 | loss 0.0124 | lr 0.022010
2025-10-16 06:54:38,830 | INFO | Iter 3100/5004 | loss 0.0124 | lr 0.021995
2025-10-16 06:54:59,864 | INFO | Iter 3150/5004 | loss 0.0124 | lr 0.021979
2025-10-16 06:55:20,899 | INFO | Iter 3200/5004 | loss 0.0124 | lr 0.021964
2025-10-16 06:55:41,933 | INFO | Iter 3250/5004 | loss 0.0124 | lr 0.021949
2025-10-16 06:56:02,969 | INFO | Iter 3300/5004 | loss 0.0125 | lr 0.021933
2025-10-16 06:56:24,002 | INFO | Iter 3350/5004 | loss 0.0124 | lr 0.021918
2025-10-16 06:56:45,035 | INFO | Iter 3400/5004 | loss 0.0124 | lr 0.021903
2025-10-16 06:57:06,069 | INFO | Iter 3450/5004 | loss 0.0125 | lr 0.021888
2025-10-16 06:57:27,105 | INFO | Iter 3500/5004 | loss 0.0125 | lr 0.021872
2025-10-16 06:57:48,140 | INFO | Iter 3550/5004 | loss 0.0125 | lr 0.021857
2025-10-16 06:58:09,176 | INFO | Iter 3600/5004 | loss 0.0125 | lr 0.021842
2025-10-16 06:58:30,210 | INFO | Iter 3650/5004 | loss 0.0125 | lr 0.021827
2025-10-16 06:58:51,246 | INFO | Iter 3700/5004 | loss 0.0125 | lr 0.021811
2025-10-16 06:59:12,280 | INFO | Iter 3750/5004 | loss 0.0125 | lr 0.021796
2025-10-16 06:59:33,315 | INFO | Iter 3800/5004 | loss 0.0125 | lr 0.021781
2025-10-16 06:59:54,346 | INFO | Iter 3850/5004 | loss 0.0125 | lr 0.021766
2025-10-16 07:00:15,380 | INFO | Iter 3900/5004 | loss 0.0124 | lr 0.021750
2025-10-16 07:00:36,414 | INFO | Iter 3950/5004 | loss 0.0124 | lr 0.021735
2025-10-16 07:00:57,446 | INFO | Iter 4000/5004 | loss 0.0124 | lr 0.021720
2025-10-16 07:01:18,481 | INFO | Iter 4050/5004 | loss 0.0124 | lr 0.021705
2025-10-16 07:01:39,514 | INFO | Iter 4100/5004 | loss 0.0124 | lr 0.021689
2025-10-16 07:02:00,548 | INFO | Iter 4150/5004 | loss 0.0124 | lr 0.021674
2025-10-16 07:02:21,581 | INFO | Iter 4200/5004 | loss 0.0124 | lr 0.021659
2025-10-16 07:02:42,619 | INFO | Iter 4250/5004 | loss 0.0124 | lr 0.021644
2025-10-16 07:03:03,653 | INFO | Iter 4300/5004 | loss 0.0124 | lr 0.021629
2025-10-16 07:03:24,683 | INFO | Iter 4350/5004 | loss 0.0124 | lr 0.021613
2025-10-16 07:03:45,716 | INFO | Iter 4400/5004 | loss 0.0124 | lr 0.021598
2025-10-16 07:04:06,749 | INFO | Iter 4450/5004 | loss 0.0124 | lr 0.021583
2025-10-16 07:04:27,785 | INFO | Iter 4500/5004 | loss 0.0124 | lr 0.021568
2025-10-16 07:04:48,820 | INFO | Iter 4550/5004 | loss 0.0124 | lr 0.021553
2025-10-16 07:05:09,856 | INFO | Iter 4600/5004 | loss 0.0124 | lr 0.021537
2025-10-16 07:05:30,894 | INFO | Iter 4650/5004 | loss 0.0124 | lr 0.021522
2025-10-16 07:05:51,931 | INFO | Iter 4700/5004 | loss 0.0124 | lr 0.021507
2025-10-16 07:06:12,968 | INFO | Iter 4750/5004 | loss 0.0124 | lr 0.021492
2025-10-16 07:06:33,998 | INFO | Iter 4800/5004 | loss 0.0124 | lr 0.021477
2025-10-16 07:06:55,029 | INFO | Iter 4850/5004 | loss 0.0124 | lr 0.021462
2025-10-16 07:07:16,063 | INFO | Iter 4900/5004 | loss 0.0124 | lr 0.021446
2025-10-16 07:07:37,095 | INFO | Iter 4950/5004 | loss 0.0124 | lr 0.021431
2025-10-16 07:07:58,116 | INFO | Iter 5000/5004 | loss 0.0124 | lr 0.021416
2025-10-16 07:08:49,385 | INFO | Epoch 64/90 | Train loss 0.0124 | Val acc@1 67.35 | acc@5 88.35 | LR 0.021416
2025-10-16 07:09:12,040 | INFO | Iter 50/5004 | loss 0.0125 | lr 0.021401
2025-10-16 07:09:33,070 | INFO | Iter 100/5004 | loss 0.0125 | lr 0.021386
2025-10-16 07:09:54,103 | INFO | Iter 150/5004 | loss 0.0123 | lr 0.021371
2025-10-16 07:10:15,135 | INFO | Iter 200/5004 | loss 0.0123 | lr 0.021356
2025-10-16 07:10:36,167 | INFO | Iter 250/5004 | loss 0.0124 | lr 0.021340
2025-10-16 07:10:57,203 | INFO | Iter 300/5004 | loss 0.0125 | lr 0.021325
2025-10-16 07:11:18,239 | INFO | Iter 350/5004 | loss 0.0125 | lr 0.021310
2025-10-16 07:11:39,275 | INFO | Iter 400/5004 | loss 0.0126 | lr 0.021295
2025-10-16 07:12:00,311 | INFO | Iter 450/5004 | loss 0.0125 | lr 0.021280
2025-10-16 07:12:21,344 | INFO | Iter 500/5004 | loss 0.0125 | lr 0.021265
2025-10-16 07:12:42,383 | INFO | Iter 550/5004 | loss 0.0125 | lr 0.021250
2025-10-16 07:13:03,417 | INFO | Iter 600/5004 | loss 0.0125 | lr 0.021235
2025-10-16 07:13:24,450 | INFO | Iter 650/5004 | loss 0.0125 | lr 0.021220
2025-10-16 07:13:45,483 | INFO | Iter 700/5004 | loss 0.0124 | lr 0.021204
2025-10-16 07:14:06,516 | INFO | Iter 750/5004 | loss 0.0124 | lr 0.021189
2025-10-16 07:14:27,552 | INFO | Iter 800/5004 | loss 0.0124 | lr 0.021174
2025-10-16 07:14:48,587 | INFO | Iter 850/5004 | loss 0.0125 | lr 0.021159
2025-10-16 07:15:09,625 | INFO | Iter 900/5004 | loss 0.0125 | lr 0.021144
2025-10-16 07:15:30,661 | INFO | Iter 950/5004 | loss 0.0125 | lr 0.021129
2025-10-16 07:15:51,696 | INFO | Iter 1000/5004 | loss 0.0124 | lr 0.021114
2025-10-16 07:16:12,729 | INFO | Iter 1050/5004 | loss 0.0124 | lr 0.021099
2025-10-16 07:16:33,762 | INFO | Iter 1100/5004 | loss 0.0124 | lr 0.021084
2025-10-16 07:16:54,796 | INFO | Iter 1150/5004 | loss 0.0124 | lr 0.021069
2025-10-16 07:17:15,830 | INFO | Iter 1200/5004 | loss 0.0123 | lr 0.021054
2025-10-16 07:17:36,863 | INFO | Iter 1250/5004 | loss 0.0124 | lr 0.021039
2025-10-16 07:17:57,899 | INFO | Iter 1300/5004 | loss 0.0124 | lr 0.021024
2025-10-16 07:18:18,934 | INFO | Iter 1350/5004 | loss 0.0124 | lr 0.021009
2025-10-16 07:18:39,969 | INFO | Iter 1400/5004 | loss 0.0123 | lr 0.020993
2025-10-16 07:19:01,004 | INFO | Iter 1450/5004 | loss 0.0123 | lr 0.020978
2025-10-16 07:19:22,039 | INFO | Iter 1500/5004 | loss 0.0124 | lr 0.020963
2025-10-16 07:19:43,074 | INFO | Iter 1550/5004 | loss 0.0124 | lr 0.020948
2025-10-16 07:20:04,109 | INFO | Iter 1600/5004 | loss 0.0124 | lr 0.020933
2025-10-16 07:20:25,146 | INFO | Iter 1650/5004 | loss 0.0124 | lr 0.020918
2025-10-16 07:20:46,182 | INFO | Iter 1700/5004 | loss 0.0124 | lr 0.020903
2025-10-16 07:21:07,218 | INFO | Iter 1750/5004 | loss 0.0124 | lr 0.020888
2025-10-16 07:21:28,253 | INFO | Iter 1800/5004 | loss 0.0124 | lr 0.020873
2025-10-16 07:21:49,291 | INFO | Iter 1850/5004 | loss 0.0124 | lr 0.020858
2025-10-16 07:22:10,323 | INFO | Iter 1900/5004 | loss 0.0124 | lr 0.020843
2025-10-16 07:22:31,358 | INFO | Iter 1950/5004 | loss 0.0124 | lr 0.020828
2025-10-16 07:22:52,392 | INFO | Iter 2000/5004 | loss 0.0124 | lr 0.020813
2025-10-16 07:23:13,427 | INFO | Iter 2050/5004 | loss 0.0124 | lr 0.020798
2025-10-16 07:23:34,461 | INFO | Iter 2100/5004 | loss 0.0124 | lr 0.020783
2025-10-16 07:23:55,497 | INFO | Iter 2150/5004 | loss 0.0124 | lr 0.020768
2025-10-16 07:24:16,531 | INFO | Iter 2200/5004 | loss 0.0124 | lr 0.020753
2025-10-16 07:24:37,567 | INFO | Iter 2250/5004 | loss 0.0124 | lr 0.020738
2025-10-16 07:24:58,603 | INFO | Iter 2300/5004 | loss 0.0124 | lr 0.020723
2025-10-16 07:25:19,641 | INFO | Iter 2350/5004 | loss 0.0124 | lr 0.020708
2025-10-16 07:25:40,676 | INFO | Iter 2400/5004 | loss 0.0124 | lr 0.020693
2025-10-16 07:26:01,711 | INFO | Iter 2450/5004 | loss 0.0124 | lr 0.020678
2025-10-16 07:26:22,742 | INFO | Iter 2500/5004 | loss 0.0124 | lr 0.020664
2025-10-16 07:26:43,776 | INFO | Iter 2550/5004 | loss 0.0124 | lr 0.020649
2025-10-16 07:27:04,812 | INFO | Iter 2600/5004 | loss 0.0124 | lr 0.020634
2025-10-16 07:27:25,845 | INFO | Iter 2650/5004 | loss 0.0124 | lr 0.020619
2025-10-16 07:27:46,877 | INFO | Iter 2700/5004 | loss 0.0124 | lr 0.020604
2025-10-16 07:28:07,909 | INFO | Iter 2750/5004 | loss 0.0124 | lr 0.020589
2025-10-16 07:28:28,945 | INFO | Iter 2800/5004 | loss 0.0124 | lr 0.020574
2025-10-16 07:28:49,983 | INFO | Iter 2850/5004 | loss 0.0124 | lr 0.020559
2025-10-16 07:29:11,019 | INFO | Iter 2900/5004 | loss 0.0124 | lr 0.020544
2025-10-16 07:29:32,055 | INFO | Iter 2950/5004 | loss 0.0124 | lr 0.020529
2025-10-16 07:29:53,090 | INFO | Iter 3000/5004 | loss 0.0124 | lr 0.020514
2025-10-16 07:30:14,123 | INFO | Iter 3050/5004 | loss 0.0124 | lr 0.020499
2025-10-16 07:30:35,160 | INFO | Iter 3100/5004 | loss 0.0124 | lr 0.020484
2025-10-16 07:30:56,192 | INFO | Iter 3150/5004 | loss 0.0124 | lr 0.020469
2025-10-16 07:31:17,228 | INFO | Iter 3200/5004 | loss 0.0124 | lr 0.020455
2025-10-16 07:31:38,263 | INFO | Iter 3250/5004 | loss 0.0124 | lr 0.020440
2025-10-16 07:31:59,298 | INFO | Iter 3300/5004 | loss 0.0124 | lr 0.020425
2025-10-16 07:32:20,333 | INFO | Iter 3350/5004 | loss 0.0124 | lr 0.020410
2025-10-16 07:32:41,369 | INFO | Iter 3400/5004 | loss 0.0124 | lr 0.020395
2025-10-16 07:33:02,401 | INFO | Iter 3450/5004 | loss 0.0124 | lr 0.020380
2025-10-16 07:33:23,439 | INFO | Iter 3500/5004 | loss 0.0124 | lr 0.020365
2025-10-16 07:33:44,472 | INFO | Iter 3550/5004 | loss 0.0124 | lr 0.020350
2025-10-16 07:34:05,507 | INFO | Iter 3600/5004 | loss 0.0124 | lr 0.020336
2025-10-16 07:34:26,542 | INFO | Iter 3650/5004 | loss 0.0124 | lr 0.020321
2025-10-16 07:34:47,576 | INFO | Iter 3700/5004 | loss 0.0124 | lr 0.020306
2025-10-16 07:35:08,609 | INFO | Iter 3750/5004 | loss 0.0124 | lr 0.020291
2025-10-16 07:35:29,649 | INFO | Iter 3800/5004 | loss 0.0124 | lr 0.020276
2025-10-16 07:35:50,683 | INFO | Iter 3850/5004 | loss 0.0124 | lr 0.020261
2025-10-16 07:36:11,719 | INFO | Iter 3900/5004 | loss 0.0124 | lr 0.020246
2025-10-16 07:36:32,752 | INFO | Iter 3950/5004 | loss 0.0124 | lr 0.020232
2025-10-16 07:36:53,785 | INFO | Iter 4000/5004 | loss 0.0124 | lr 0.020217
2025-10-16 07:37:14,819 | INFO | Iter 4050/5004 | loss 0.0124 | lr 0.020202
2025-10-16 07:37:35,852 | INFO | Iter 4100/5004 | loss 0.0124 | lr 0.020187
2025-10-16 07:37:56,887 | INFO | Iter 4150/5004 | loss 0.0124 | lr 0.020172
2025-10-16 07:38:17,921 | INFO | Iter 4200/5004 | loss 0.0124 | lr 0.020157
2025-10-16 07:38:38,958 | INFO | Iter 4250/5004 | loss 0.0124 | lr 0.020143
2025-10-16 07:38:59,992 | INFO | Iter 4300/5004 | loss 0.0124 | lr 0.020128
2025-10-16 07:39:21,024 | INFO | Iter 4350/5004 | loss 0.0124 | lr 0.020113
2025-10-16 07:39:42,061 | INFO | Iter 4400/5004 | loss 0.0124 | lr 0.020098
2025-10-16 07:40:03,097 | INFO | Iter 4450/5004 | loss 0.0124 | lr 0.020083
2025-10-16 07:40:24,135 | INFO | Iter 4500/5004 | loss 0.0124 | lr 0.020069
2025-10-16 07:40:45,170 | INFO | Iter 4550/5004 | loss 0.0124 | lr 0.020054
2025-10-16 07:41:06,203 | INFO | Iter 4600/5004 | loss 0.0124 | lr 0.020039
2025-10-16 07:41:27,236 | INFO | Iter 4650/5004 | loss 0.0124 | lr 0.020024
2025-10-16 07:41:48,270 | INFO | Iter 4700/5004 | loss 0.0124 | lr 0.020010
2025-10-16 07:42:09,307 | INFO | Iter 4750/5004 | loss 0.0124 | lr 0.019995
2025-10-16 07:42:30,337 | INFO | Iter 4800/5004 | loss 0.0124 | lr 0.019980
2025-10-16 07:42:51,370 | INFO | Iter 4850/5004 | loss 0.0124 | lr 0.019965
2025-10-16 07:43:12,412 | INFO | Iter 4900/5004 | loss 0.0124 | lr 0.019950
2025-10-16 07:43:33,442 | INFO | Iter 4950/5004 | loss 0.0124 | lr 0.019936
2025-10-16 07:43:54,467 | INFO | Iter 5000/5004 | loss 0.0124 | lr 0.019921
2025-10-16 07:44:45,954 | INFO | Epoch 65/90 | Train loss 0.0124 | Val acc@1 68.16 | acc@5 88.66 | LR 0.019921
2025-10-16 07:45:09,004 | INFO | Iter 50/5004 | loss 0.0133 | lr 0.019906
2025-10-16 07:45:30,040 | INFO | Iter 100/5004 | loss 0.0131 | lr 0.019891
2025-10-16 07:45:51,075 | INFO | Iter 150/5004 | loss 0.0131 | lr 0.019877
2025-10-16 07:46:12,108 | INFO | Iter 200/5004 | loss 0.0127 | lr 0.019862
2025-10-16 07:46:33,142 | INFO | Iter 250/5004 | loss 0.0126 | lr 0.019847
2025-10-16 07:46:54,177 | INFO | Iter 300/5004 | loss 0.0127 | lr 0.019833
2025-10-16 07:47:15,217 | INFO | Iter 350/5004 | loss 0.0126 | lr 0.019818
2025-10-16 07:47:36,255 | INFO | Iter 400/5004 | loss 0.0126 | lr 0.019803
2025-10-16 07:47:57,290 | INFO | Iter 450/5004 | loss 0.0127 | lr 0.019788
2025-10-16 07:48:18,323 | INFO | Iter 500/5004 | loss 0.0126 | lr 0.019774
2025-10-16 07:48:39,359 | INFO | Iter 550/5004 | loss 0.0126 | lr 0.019759
2025-10-16 07:49:00,396 | INFO | Iter 600/5004 | loss 0.0127 | lr 0.019744
2025-10-16 07:49:21,430 | INFO | Iter 650/5004 | loss 0.0126 | lr 0.019730
2025-10-16 07:49:42,462 | INFO | Iter 700/5004 | loss 0.0125 | lr 0.019715
2025-10-16 07:50:03,495 | INFO | Iter 750/5004 | loss 0.0125 | lr 0.019700
2025-10-16 07:50:24,530 | INFO | Iter 800/5004 | loss 0.0125 | lr 0.019685
2025-10-16 07:50:45,567 | INFO | Iter 850/5004 | loss 0.0126 | lr 0.019671
2025-10-16 07:51:06,601 | INFO | Iter 900/5004 | loss 0.0125 | lr 0.019656
2025-10-16 07:51:27,636 | INFO | Iter 950/5004 | loss 0.0125 | lr 0.019641
2025-10-16 07:51:48,672 | INFO | Iter 1000/5004 | loss 0.0125 | lr 0.019627
2025-10-16 07:52:09,708 | INFO | Iter 1050/5004 | loss 0.0125 | lr 0.019612
2025-10-16 07:52:30,743 | INFO | Iter 1100/5004 | loss 0.0125 | lr 0.019597
2025-10-16 07:52:51,775 | INFO | Iter 1150/5004 | loss 0.0125 | lr 0.019583
2025-10-16 07:53:12,807 | INFO | Iter 1200/5004 | loss 0.0125 | lr 0.019568
2025-10-16 07:53:33,841 | INFO | Iter 1250/5004 | loss 0.0125 | lr 0.019554
2025-10-16 07:53:54,875 | INFO | Iter 1300/5004 | loss 0.0125 | lr 0.019539
2025-10-16 07:54:15,906 | INFO | Iter 1350/5004 | loss 0.0124 | lr 0.019524
2025-10-16 07:54:36,938 | INFO | Iter 1400/5004 | loss 0.0125 | lr 0.019510
2025-10-16 07:54:57,975 | INFO | Iter 1450/5004 | loss 0.0124 | lr 0.019495
2025-10-16 07:55:19,006 | INFO | Iter 1500/5004 | loss 0.0124 | lr 0.019480
2025-10-16 07:55:40,040 | INFO | Iter 1550/5004 | loss 0.0124 | lr 0.019466
2025-10-16 07:56:01,077 | INFO | Iter 1600/5004 | loss 0.0124 | lr 0.019451
2025-10-16 07:56:22,116 | INFO | Iter 1650/5004 | loss 0.0124 | lr 0.019436
2025-10-16 07:56:43,154 | INFO | Iter 1700/5004 | loss 0.0124 | lr 0.019422
2025-10-16 07:57:04,191 | INFO | Iter 1750/5004 | loss 0.0124 | lr 0.019407
2025-10-16 07:57:25,226 | INFO | Iter 1800/5004 | loss 0.0124 | lr 0.019393
2025-10-16 07:57:46,260 | INFO | Iter 1850/5004 | loss 0.0124 | lr 0.019378
2025-10-16 07:58:07,295 | INFO | Iter 1900/5004 | loss 0.0124 | lr 0.019363
2025-10-16 07:58:28,328 | INFO | Iter 1950/5004 | loss 0.0124 | lr 0.019349
2025-10-16 07:58:49,362 | INFO | Iter 2000/5004 | loss 0.0124 | lr 0.019334
2025-10-16 07:59:10,395 | INFO | Iter 2050/5004 | loss 0.0124 | lr 0.019320
2025-10-16 07:59:31,430 | INFO | Iter 2100/5004 | loss 0.0124 | lr 0.019305
2025-10-16 07:59:52,464 | INFO | Iter 2150/5004 | loss 0.0125 | lr 0.019291
2025-10-16 08:00:13,500 | INFO | Iter 2200/5004 | loss 0.0124 | lr 0.019276
2025-10-16 08:00:34,533 | INFO | Iter 2250/5004 | loss 0.0124 | lr 0.019261
2025-10-16 08:00:55,567 | INFO | Iter 2300/5004 | loss 0.0124 | lr 0.019247
2025-10-16 08:01:16,602 | INFO | Iter 2350/5004 | loss 0.0124 | lr 0.019232
2025-10-16 08:01:37,635 | INFO | Iter 2400/5004 | loss 0.0124 | lr 0.019218
2025-10-16 08:01:58,669 | INFO | Iter 2450/5004 | loss 0.0124 | lr 0.019203
2025-10-16 08:02:19,702 | INFO | Iter 2500/5004 | loss 0.0124 | lr 0.019189
2025-10-16 08:02:40,736 | INFO | Iter 2550/5004 | loss 0.0124 | lr 0.019174
2025-10-16 08:03:01,770 | INFO | Iter 2600/5004 | loss 0.0124 | lr 0.019160
2025-10-16 08:03:22,803 | INFO | Iter 2650/5004 | loss 0.0124 | lr 0.019145
2025-10-16 08:03:43,838 | INFO | Iter 2700/5004 | loss 0.0124 | lr 0.019131
2025-10-16 08:04:04,872 | INFO | Iter 2750/5004 | loss 0.0124 | lr 0.019116
2025-10-16 08:04:25,906 | INFO | Iter 2800/5004 | loss 0.0124 | lr 0.019101
2025-10-16 08:04:46,940 | INFO | Iter 2850/5004 | loss 0.0124 | lr 0.019087
2025-10-16 08:05:07,977 | INFO | Iter 2900/5004 | loss 0.0124 | lr 0.019072
2025-10-16 08:05:29,005 | INFO | Iter 2950/5004 | loss 0.0124 | lr 0.019058
2025-10-16 08:05:50,038 | INFO | Iter 3000/5004 | loss 0.0124 | lr 0.019043
2025-10-16 08:06:11,071 | INFO | Iter 3050/5004 | loss 0.0124 | lr 0.019029
2025-10-16 08:06:32,104 | INFO | Iter 3100/5004 | loss 0.0124 | lr 0.019014
2025-10-16 08:06:53,141 | INFO | Iter 3150/5004 | loss 0.0124 | lr 0.019000
2025-10-16 08:07:14,177 | INFO | Iter 3200/5004 | loss 0.0124 | lr 0.018985
2025-10-16 08:07:35,209 | INFO | Iter 3250/5004 | loss 0.0124 | lr 0.018971
2025-10-16 08:07:56,244 | INFO | Iter 3300/5004 | loss 0.0124 | lr 0.018957
2025-10-16 08:08:17,277 | INFO | Iter 3350/5004 | loss 0.0124 | lr 0.018942
2025-10-16 08:08:38,311 | INFO | Iter 3400/5004 | loss 0.0124 | lr 0.018928
2025-10-16 08:08:59,347 | INFO | Iter 3450/5004 | loss 0.0124 | lr 0.018913
2025-10-16 08:09:20,380 | INFO | Iter 3500/5004 | loss 0.0124 | lr 0.018899
2025-10-16 08:09:41,415 | INFO | Iter 3550/5004 | loss 0.0124 | lr 0.018884
2025-10-16 08:10:02,450 | INFO | Iter 3600/5004 | loss 0.0124 | lr 0.018870
2025-10-16 08:10:23,486 | INFO | Iter 3650/5004 | loss 0.0124 | lr 0.018855
2025-10-16 08:10:44,524 | INFO | Iter 3700/5004 | loss 0.0124 | lr 0.018841
2025-10-16 08:11:05,558 | INFO | Iter 3750/5004 | loss 0.0124 | lr 0.018826
2025-10-16 08:11:26,594 | INFO | Iter 3800/5004 | loss 0.0124 | lr 0.018812
2025-10-16 08:11:47,631 | INFO | Iter 3850/5004 | loss 0.0124 | lr 0.018798
2025-10-16 08:12:08,667 | INFO | Iter 3900/5004 | loss 0.0124 | lr 0.018783
2025-10-16 08:12:29,704 | INFO | Iter 3950/5004 | loss 0.0124 | lr 0.018769
2025-10-16 08:12:50,742 | INFO | Iter 4000/5004 | loss 0.0124 | lr 0.018754
2025-10-16 08:13:11,776 | INFO | Iter 4050/5004 | loss 0.0124 | lr 0.018740
2025-10-16 08:13:32,808 | INFO | Iter 4100/5004 | loss 0.0124 | lr 0.018725
2025-10-16 08:13:53,844 | INFO | Iter 4150/5004 | loss 0.0124 | lr 0.018711
2025-10-16 08:14:14,883 | INFO | Iter 4200/5004 | loss 0.0124 | lr 0.018697
2025-10-16 08:14:35,921 | INFO | Iter 4250/5004 | loss 0.0124 | lr 0.018682
2025-10-16 08:14:56,955 | INFO | Iter 4300/5004 | loss 0.0124 | lr 0.018668
2025-10-16 08:15:17,989 | INFO | Iter 4350/5004 | loss 0.0124 | lr 0.018653
2025-10-16 08:15:39,025 | INFO | Iter 4400/5004 | loss 0.0124 | lr 0.018639
2025-10-16 08:16:00,061 | INFO | Iter 4450/5004 | loss 0.0124 | lr 0.018625
2025-10-16 08:16:21,095 | INFO | Iter 4500/5004 | loss 0.0124 | lr 0.018610
2025-10-16 08:16:42,128 | INFO | Iter 4550/5004 | loss 0.0124 | lr 0.018596
2025-10-16 08:17:03,162 | INFO | Iter 4600/5004 | loss 0.0124 | lr 0.018582
2025-10-16 08:17:24,194 | INFO | Iter 4650/5004 | loss 0.0124 | lr 0.018567
2025-10-16 08:17:45,228 | INFO | Iter 4700/5004 | loss 0.0124 | lr 0.018553
2025-10-16 08:18:06,261 | INFO | Iter 4750/5004 | loss 0.0124 | lr 0.018539
2025-10-16 08:18:27,292 | INFO | Iter 4800/5004 | loss 0.0124 | lr 0.018524
2025-10-16 08:18:48,326 | INFO | Iter 4850/5004 | loss 0.0124 | lr 0.018510
2025-10-16 08:19:09,360 | INFO | Iter 4900/5004 | loss 0.0124 | lr 0.018495
2025-10-16 08:19:30,397 | INFO | Iter 4950/5004 | loss 0.0124 | lr 0.018481
2025-10-16 08:19:51,420 | INFO | Iter 5000/5004 | loss 0.0124 | lr 0.018467
2025-10-16 08:20:42,002 | INFO | Epoch 66/90 | Train loss 0.0124 | Val acc@1 68.17 | acc@5 88.78 | LR 0.018467
2025-10-16 08:21:05,139 | INFO | Iter 50/5004 | loss 0.0115 | lr 0.018452
2025-10-16 08:21:26,174 | INFO | Iter 100/5004 | loss 0.0118 | lr 0.018438
2025-10-16 08:21:47,206 | INFO | Iter 150/5004 | loss 0.0118 | lr 0.018424
2025-10-16 08:22:08,238 | INFO | Iter 200/5004 | loss 0.0119 | lr 0.018410
2025-10-16 08:22:29,274 | INFO | Iter 250/5004 | loss 0.0120 | lr 0.018395
2025-10-16 08:22:50,307 | INFO | Iter 300/5004 | loss 0.0119 | lr 0.018381
2025-10-16 08:23:11,343 | INFO | Iter 350/5004 | loss 0.0119 | lr 0.018367
2025-10-16 08:23:32,377 | INFO | Iter 400/5004 | loss 0.0120 | lr 0.018352
2025-10-16 08:23:53,413 | INFO | Iter 450/5004 | loss 0.0121 | lr 0.018338
2025-10-16 08:24:14,447 | INFO | Iter 500/5004 | loss 0.0121 | lr 0.018324
2025-10-16 08:24:35,480 | INFO | Iter 550/5004 | loss 0.0122 | lr 0.018309
2025-10-16 08:24:56,514 | INFO | Iter 600/5004 | loss 0.0122 | lr 0.018295
2025-10-16 08:25:17,550 | INFO | Iter 650/5004 | loss 0.0122 | lr 0.018281
2025-10-16 08:25:38,587 | INFO | Iter 700/5004 | loss 0.0122 | lr 0.018267
2025-10-16 08:25:59,623 | INFO | Iter 750/5004 | loss 0.0122 | lr 0.018252
2025-10-16 08:26:20,661 | INFO | Iter 800/5004 | loss 0.0122 | lr 0.018238
2025-10-16 08:26:41,697 | INFO | Iter 850/5004 | loss 0.0122 | lr 0.018224
2025-10-16 08:27:02,732 | INFO | Iter 900/5004 | loss 0.0123 | lr 0.018210
2025-10-16 08:27:23,766 | INFO | Iter 950/5004 | loss 0.0123 | lr 0.018195
2025-10-16 08:27:44,802 | INFO | Iter 1000/5004 | loss 0.0122 | lr 0.018181
2025-10-16 08:28:05,838 | INFO | Iter 1050/5004 | loss 0.0122 | lr 0.018167
2025-10-16 08:28:26,874 | INFO | Iter 1100/5004 | loss 0.0122 | lr 0.018153
2025-10-16 08:28:47,910 | INFO | Iter 1150/5004 | loss 0.0122 | lr 0.018138
2025-10-16 08:29:08,944 | INFO | Iter 1200/5004 | loss 0.0122 | lr 0.018124
2025-10-16 08:29:29,980 | INFO | Iter 1250/5004 | loss 0.0122 | lr 0.018110
2025-10-16 08:29:51,014 | INFO | Iter 1300/5004 | loss 0.0122 | lr 0.018096
2025-10-16 08:30:12,046 | INFO | Iter 1350/5004 | loss 0.0122 | lr 0.018081
2025-10-16 08:30:33,081 | INFO | Iter 1400/5004 | loss 0.0122 | lr 0.018067
2025-10-16 08:30:54,116 | INFO | Iter 1450/5004 | loss 0.0122 | lr 0.018053
2025-10-16 08:31:15,148 | INFO | Iter 1500/5004 | loss 0.0122 | lr 0.018039
2025-10-16 08:31:36,182 | INFO | Iter 1550/5004 | loss 0.0122 | lr 0.018025
2025-10-16 08:31:57,214 | INFO | Iter 1600/5004 | loss 0.0122 | lr 0.018010
2025-10-16 08:32:18,248 | INFO | Iter 1650/5004 | loss 0.0122 | lr 0.017996
2025-10-16 08:32:39,284 | INFO | Iter 1700/5004 | loss 0.0122 | lr 0.017982
2025-10-16 08:33:00,321 | INFO | Iter 1750/5004 | loss 0.0122 | lr 0.017968
2025-10-16 08:33:21,356 | INFO | Iter 1800/5004 | loss 0.0122 | lr 0.017954
2025-10-16 08:33:42,392 | INFO | Iter 1850/5004 | loss 0.0122 | lr 0.017940
2025-10-16 08:34:03,427 | INFO | Iter 1900/5004 | loss 0.0122 | lr 0.017925
2025-10-16 08:34:24,457 | INFO | Iter 1950/5004 | loss 0.0122 | lr 0.017911
2025-10-16 08:34:45,491 | INFO | Iter 2000/5004 | loss 0.0122 | lr 0.017897
2025-10-16 08:35:06,522 | INFO | Iter 2050/5004 | loss 0.0122 | lr 0.017883
2025-10-16 08:35:27,557 | INFO | Iter 2100/5004 | loss 0.0122 | lr 0.017869
2025-10-16 08:35:48,593 | INFO | Iter 2150/5004 | loss 0.0122 | lr 0.017855
2025-10-16 08:36:09,627 | INFO | Iter 2200/5004 | loss 0.0123 | lr 0.017841
2025-10-16 08:36:30,660 | INFO | Iter 2250/5004 | loss 0.0123 | lr 0.017826
2025-10-16 08:36:51,695 | INFO | Iter 2300/5004 | loss 0.0123 | lr 0.017812
2025-10-16 08:37:12,728 | INFO | Iter 2350/5004 | loss 0.0123 | lr 0.017798
2025-10-16 08:37:33,762 | INFO | Iter 2400/5004 | loss 0.0123 | lr 0.017784
2025-10-16 08:37:54,796 | INFO | Iter 2450/5004 | loss 0.0123 | lr 0.017770
2025-10-16 08:38:15,829 | INFO | Iter 2500/5004 | loss 0.0123 | lr 0.017756
2025-10-16 08:38:36,865 | INFO | Iter 2550/5004 | loss 0.0123 | lr 0.017742
2025-10-16 08:38:57,901 | INFO | Iter 2600/5004 | loss 0.0122 | lr 0.017728
2025-10-16 08:39:18,935 | INFO | Iter 2650/5004 | loss 0.0122 | lr 0.017713
2025-10-16 08:39:39,967 | INFO | Iter 2700/5004 | loss 0.0122 | lr 0.017699
2025-10-16 08:40:01,003 | INFO | Iter 2750/5004 | loss 0.0122 | lr 0.017685
2025-10-16 08:40:22,037 | INFO | Iter 2800/5004 | loss 0.0122 | lr 0.017671
2025-10-16 08:40:43,072 | INFO | Iter 2850/5004 | loss 0.0123 | lr 0.017657
2025-10-16 08:41:04,108 | INFO | Iter 2900/5004 | loss 0.0123 | lr 0.017643
2025-10-16 08:41:25,144 | INFO | Iter 2950/5004 | loss 0.0123 | lr 0.017629
2025-10-16 08:41:46,180 | INFO | Iter 3000/5004 | loss 0.0123 | lr 0.017615
2025-10-16 08:42:07,212 | INFO | Iter 3050/5004 | loss 0.0123 | lr 0.017601
2025-10-16 08:42:28,249 | INFO | Iter 3100/5004 | loss 0.0123 | lr 0.017587
2025-10-16 08:42:49,286 | INFO | Iter 3150/5004 | loss 0.0123 | lr 0.017573
2025-10-16 08:43:10,321 | INFO | Iter 3200/5004 | loss 0.0123 | lr 0.017559
2025-10-16 08:43:31,357 | INFO | Iter 3250/5004 | loss 0.0123 | lr 0.017545
2025-10-16 08:43:52,390 | INFO | Iter 3300/5004 | loss 0.0123 | lr 0.017531
2025-10-16 08:44:13,423 | INFO | Iter 3350/5004 | loss 0.0123 | lr 0.017516
2025-10-16 08:44:34,457 | INFO | Iter 3400/5004 | loss 0.0123 | lr 0.017502
2025-10-16 08:44:55,492 | INFO | Iter 3450/5004 | loss 0.0123 | lr 0.017488
2025-10-16 08:45:16,524 | INFO | Iter 3500/5004 | loss 0.0123 | lr 0.017474
2025-10-16 08:45:37,556 | INFO | Iter 3550/5004 | loss 0.0123 | lr 0.017460
2025-10-16 08:45:58,591 | INFO | Iter 3600/5004 | loss 0.0123 | lr 0.017446
2025-10-16 08:46:19,626 | INFO | Iter 3650/5004 | loss 0.0123 | lr 0.017432
2025-10-16 08:46:40,659 | INFO | Iter 3700/5004 | loss 0.0123 | lr 0.017418
2025-10-16 08:47:01,695 | INFO | Iter 3750/5004 | loss 0.0123 | lr 0.017404
2025-10-16 08:47:22,730 | INFO | Iter 3800/5004 | loss 0.0123 | lr 0.017390
2025-10-16 08:47:43,764 | INFO | Iter 3850/5004 | loss 0.0123 | lr 0.017376
2025-10-16 08:48:04,802 | INFO | Iter 3900/5004 | loss 0.0123 | lr 0.017362
2025-10-16 08:48:25,831 | INFO | Iter 3950/5004 | loss 0.0123 | lr 0.017348
2025-10-16 08:48:46,864 | INFO | Iter 4000/5004 | loss 0.0123 | lr 0.017334
2025-10-16 08:49:07,898 | INFO | Iter 4050/5004 | loss 0.0123 | lr 0.017320
2025-10-16 08:49:28,932 | INFO | Iter 4100/5004 | loss 0.0123 | lr 0.017306
2025-10-16 08:49:49,966 | INFO | Iter 4150/5004 | loss 0.0123 | lr 0.017292
2025-10-16 08:50:11,000 | INFO | Iter 4200/5004 | loss 0.0123 | lr 0.017278
2025-10-16 08:50:32,034 | INFO | Iter 4250/5004 | loss 0.0123 | lr 0.017265
2025-10-16 08:50:53,069 | INFO | Iter 4300/5004 | loss 0.0123 | lr 0.017251
2025-10-16 08:51:14,104 | INFO | Iter 4350/5004 | loss 0.0123 | lr 0.017237
2025-10-16 08:51:35,138 | INFO | Iter 4400/5004 | loss 0.0123 | lr 0.017223
2025-10-16 08:51:56,173 | INFO | Iter 4450/5004 | loss 0.0123 | lr 0.017209
2025-10-16 08:52:17,211 | INFO | Iter 4500/5004 | loss 0.0123 | lr 0.017195
2025-10-16 08:52:38,245 | INFO | Iter 4550/5004 | loss 0.0123 | lr 0.017181
2025-10-16 08:52:59,280 | INFO | Iter 4600/5004 | loss 0.0123 | lr 0.017167
2025-10-16 08:53:20,314 | INFO | Iter 4650/5004 | loss 0.0123 | lr 0.017153
2025-10-16 08:53:41,351 | INFO | Iter 4700/5004 | loss 0.0123 | lr 0.017139
2025-10-16 08:54:02,386 | INFO | Iter 4750/5004 | loss 0.0123 | lr 0.017125
2025-10-16 08:54:23,416 | INFO | Iter 4800/5004 | loss 0.0123 | lr 0.017111
2025-10-16 08:54:44,449 | INFO | Iter 4850/5004 | loss 0.0123 | lr 0.017097
2025-10-16 08:55:05,484 | INFO | Iter 4900/5004 | loss 0.0123 | lr 0.017083
2025-10-16 08:55:26,516 | INFO | Iter 4950/5004 | loss 0.0123 | lr 0.017070
2025-10-16 08:55:47,533 | INFO | Iter 5000/5004 | loss 0.0123 | lr 0.017056
2025-10-16 08:56:39,010 | INFO | Epoch 67/90 | Train loss 0.0123 | Val acc@1 68.58 | acc@5 88.92 | LR 0.017056
2025-10-16 08:57:02,210 | INFO | Iter 50/5004 | loss 0.0118 | lr 0.017042
2025-10-16 08:57:23,246 | INFO | Iter 100/5004 | loss 0.0120 | lr 0.017028
2025-10-16 08:57:44,279 | INFO | Iter 150/5004 | loss 0.0120 | lr 0.017014
2025-10-16 08:58:05,309 | INFO | Iter 200/5004 | loss 0.0120 | lr 0.017000
2025-10-16 08:58:26,344 | INFO | Iter 250/5004 | loss 0.0119 | lr 0.016986
2025-10-16 08:58:47,378 | INFO | Iter 300/5004 | loss 0.0120 | lr 0.016972
2025-10-16 08:59:08,415 | INFO | Iter 350/5004 | loss 0.0121 | lr 0.016959
2025-10-16 08:59:29,452 | INFO | Iter 400/5004 | loss 0.0121 | lr 0.016945
2025-10-16 08:59:50,487 | INFO | Iter 450/5004 | loss 0.0122 | lr 0.016931
2025-10-16 09:00:11,522 | INFO | Iter 500/5004 | loss 0.0122 | lr 0.016917
2025-10-16 09:00:32,556 | INFO | Iter 550/5004 | loss 0.0122 | lr 0.016903
2025-10-16 09:00:53,591 | INFO | Iter 600/5004 | loss 0.0122 | lr 0.016889
2025-10-16 09:01:14,627 | INFO | Iter 650/5004 | loss 0.0122 | lr 0.016875
2025-10-16 09:01:35,664 | INFO | Iter 700/5004 | loss 0.0122 | lr 0.016862
2025-10-16 09:01:56,697 | INFO | Iter 750/5004 | loss 0.0121 | lr 0.016848
2025-10-16 09:02:17,732 | INFO | Iter 800/5004 | loss 0.0121 | lr 0.016834
2025-10-16 09:02:38,767 | INFO | Iter 850/5004 | loss 0.0122 | lr 0.016820
2025-10-16 09:02:59,802 | INFO | Iter 900/5004 | loss 0.0122 | lr 0.016806
2025-10-16 09:03:20,838 | INFO | Iter 950/5004 | loss 0.0122 | lr 0.016793
2025-10-16 09:03:41,873 | INFO | Iter 1000/5004 | loss 0.0121 | lr 0.016779
2025-10-16 09:04:02,909 | INFO | Iter 1050/5004 | loss 0.0122 | lr 0.016765
2025-10-16 09:04:23,942 | INFO | Iter 1100/5004 | loss 0.0122 | lr 0.016751
2025-10-16 09:04:44,977 | INFO | Iter 1150/5004 | loss 0.0122 | lr 0.016737
2025-10-16 09:05:06,011 | INFO | Iter 1200/5004 | loss 0.0122 | lr 0.016724
2025-10-16 09:05:27,045 | INFO | Iter 1250/5004 | loss 0.0122 | lr 0.016710
2025-10-16 09:05:48,079 | INFO | Iter 1300/5004 | loss 0.0122 | lr 0.016696
2025-10-16 09:06:09,114 | INFO | Iter 1350/5004 | loss 0.0122 | lr 0.016682
2025-10-16 09:06:30,147 | INFO | Iter 1400/5004 | loss 0.0122 | lr 0.016669
2025-10-16 09:06:51,182 | INFO | Iter 1450/5004 | loss 0.0122 | lr 0.016655
2025-10-16 09:07:12,215 | INFO | Iter 1500/5004 | loss 0.0122 | lr 0.016641
2025-10-16 09:07:33,248 | INFO | Iter 1550/5004 | loss 0.0122 | lr 0.016627
2025-10-16 09:07:54,280 | INFO | Iter 1600/5004 | loss 0.0121 | lr 0.016614
2025-10-16 09:08:15,317 | INFO | Iter 1650/5004 | loss 0.0121 | lr 0.016600
2025-10-16 09:08:36,349 | INFO | Iter 1700/5004 | loss 0.0121 | lr 0.016586
2025-10-16 09:08:57,383 | INFO | Iter 1750/5004 | loss 0.0121 | lr 0.016572
2025-10-16 09:09:18,417 | INFO | Iter 1800/5004 | loss 0.0121 | lr 0.016559
2025-10-16 09:09:39,453 | INFO | Iter 1850/5004 | loss 0.0121 | lr 0.016545
2025-10-16 09:10:00,488 | INFO | Iter 1900/5004 | loss 0.0121 | lr 0.016531
2025-10-16 09:10:21,523 | INFO | Iter 1950/5004 | loss 0.0121 | lr 0.016517
2025-10-16 09:10:42,557 | INFO | Iter 2000/5004 | loss 0.0121 | lr 0.016504
2025-10-16 09:11:03,590 | INFO | Iter 2050/5004 | loss 0.0121 | lr 0.016490
2025-10-16 09:11:24,622 | INFO | Iter 2100/5004 | loss 0.0121 | lr 0.016476
2025-10-16 09:11:45,653 | INFO | Iter 2150/5004 | loss 0.0121 | lr 0.016463
2025-10-16 09:12:06,686 | INFO | Iter 2200/5004 | loss 0.0121 | lr 0.016449
2025-10-16 09:12:27,721 | INFO | Iter 2250/5004 | loss 0.0121 | lr 0.016435
2025-10-16 09:12:48,754 | INFO | Iter 2300/5004 | loss 0.0121 | lr 0.016422
2025-10-16 09:13:09,786 | INFO | Iter 2350/5004 | loss 0.0121 | lr 0.016408
2025-10-16 09:13:30,817 | INFO | Iter 2400/5004 | loss 0.0121 | lr 0.016394
2025-10-16 09:13:51,852 | INFO | Iter 2450/5004 | loss 0.0121 | lr 0.016381
2025-10-16 09:14:12,888 | INFO | Iter 2500/5004 | loss 0.0121 | lr 0.016367
2025-10-16 09:14:33,919 | INFO | Iter 2550/5004 | loss 0.0121 | lr 0.016353
2025-10-16 09:14:54,956 | INFO | Iter 2600/5004 | loss 0.0121 | lr 0.016340
2025-10-16 09:15:15,989 | INFO | Iter 2650/5004 | loss 0.0121 | lr 0.016326
2025-10-16 09:15:37,020 | INFO | Iter 2700/5004 | loss 0.0121 | lr 0.016312
2025-10-16 09:15:58,054 | INFO | Iter 2750/5004 | loss 0.0121 | lr 0.016299
2025-10-16 09:16:19,087 | INFO | Iter 2800/5004 | loss 0.0121 | lr 0.016285
2025-10-16 09:16:40,121 | INFO | Iter 2850/5004 | loss 0.0121 | lr 0.016271
2025-10-16 09:17:01,154 | INFO | Iter 2900/5004 | loss 0.0121 | lr 0.016258
2025-10-16 09:17:22,187 | INFO | Iter 2950/5004 | loss 0.0121 | lr 0.016244
2025-10-16 09:17:43,223 | INFO | Iter 3000/5004 | loss 0.0121 | lr 0.016230
2025-10-16 09:18:04,258 | INFO | Iter 3050/5004 | loss 0.0121 | lr 0.016217
2025-10-16 09:18:25,294 | INFO | Iter 3100/5004 | loss 0.0121 | lr 0.016203
2025-10-16 09:18:46,328 | INFO | Iter 3150/5004 | loss 0.0121 | lr 0.016190
2025-10-16 09:19:07,364 | INFO | Iter 3200/5004 | loss 0.0121 | lr 0.016176
2025-10-16 09:19:28,398 | INFO | Iter 3250/5004 | loss 0.0121 | lr 0.016162
2025-10-16 09:19:49,434 | INFO | Iter 3300/5004 | loss 0.0121 | lr 0.016149
2025-10-16 09:20:10,468 | INFO | Iter 3350/5004 | loss 0.0121 | lr 0.016135
2025-10-16 09:20:31,503 | INFO | Iter 3400/5004 | loss 0.0121 | lr 0.016122
2025-10-16 09:20:52,534 | INFO | Iter 3450/5004 | loss 0.0121 | lr 0.016108
2025-10-16 09:21:13,568 | INFO | Iter 3500/5004 | loss 0.0121 | lr 0.016095
2025-10-16 09:21:34,602 | INFO | Iter 3550/5004 | loss 0.0121 | lr 0.016081
2025-10-16 09:21:55,636 | INFO | Iter 3600/5004 | loss 0.0121 | lr 0.016067
2025-10-16 09:22:16,670 | INFO | Iter 3650/5004 | loss 0.0121 | lr 0.016054
2025-10-16 09:22:37,704 | INFO | Iter 3700/5004 | loss 0.0121 | lr 0.016040
2025-10-16 09:22:58,735 | INFO | Iter 3750/5004 | loss 0.0121 | lr 0.016027
2025-10-16 09:23:19,768 | INFO | Iter 3800/5004 | loss 0.0121 | lr 0.016013
2025-10-16 09:23:40,805 | INFO | Iter 3850/5004 | loss 0.0121 | lr 0.016000
2025-10-16 09:24:01,838 | INFO | Iter 3900/5004 | loss 0.0121 | lr 0.015986
2025-10-16 09:24:22,872 | INFO | Iter 3950/5004 | loss 0.0121 | lr 0.015973
2025-10-16 09:24:43,902 | INFO | Iter 4000/5004 | loss 0.0121 | lr 0.015959
2025-10-16 09:25:04,934 | INFO | Iter 4050/5004 | loss 0.0121 | lr 0.015946
2025-10-16 09:25:25,967 | INFO | Iter 4100/5004 | loss 0.0121 | lr 0.015932
2025-10-16 09:25:47,004 | INFO | Iter 4150/5004 | loss 0.0121 | lr 0.015918
2025-10-16 09:26:08,038 | INFO | Iter 4200/5004 | loss 0.0121 | lr 0.015905
2025-10-16 09:26:29,074 | INFO | Iter 4250/5004 | loss 0.0121 | lr 0.015891
2025-10-16 09:26:50,111 | INFO | Iter 4300/5004 | loss 0.0121 | lr 0.015878
2025-10-16 09:27:11,145 | INFO | Iter 4350/5004 | loss 0.0121 | lr 0.015864
2025-10-16 09:27:32,177 | INFO | Iter 4400/5004 | loss 0.0121 | lr 0.015851
2025-10-16 09:27:53,210 | INFO | Iter 4450/5004 | loss 0.0121 | lr 0.015838
2025-10-16 09:28:14,246 | INFO | Iter 4500/5004 | loss 0.0121 | lr 0.015824
2025-10-16 09:28:35,277 | INFO | Iter 4550/5004 | loss 0.0121 | lr 0.015811
2025-10-16 09:28:56,314 | INFO | Iter 4600/5004 | loss 0.0121 | lr 0.015797
2025-10-16 09:29:17,343 | INFO | Iter 4650/5004 | loss 0.0121 | lr 0.015784
2025-10-16 09:29:38,377 | INFO | Iter 4700/5004 | loss 0.0121 | lr 0.015770
2025-10-16 09:29:59,408 | INFO | Iter 4750/5004 | loss 0.0121 | lr 0.015757
2025-10-16 09:30:20,438 | INFO | Iter 4800/5004 | loss 0.0121 | lr 0.015743
2025-10-16 09:30:41,469 | INFO | Iter 4850/5004 | loss 0.0121 | lr 0.015730
2025-10-16 09:31:02,501 | INFO | Iter 4900/5004 | loss 0.0121 | lr 0.015716
2025-10-16 09:31:23,528 | INFO | Iter 4950/5004 | loss 0.0122 | lr 0.015703
2025-10-16 09:31:44,559 | INFO | Iter 5000/5004 | loss 0.0121 | lr 0.015689
2025-10-16 09:32:33,836 | INFO | Epoch 68/90 | Train loss 0.0121 | Val acc@1 68.35 | acc@5 88.83 | LR 0.015689
2025-10-16 09:32:56,758 | INFO | Iter 50/5004 | loss 0.0121 | lr 0.015676
2025-10-16 09:33:17,788 | INFO | Iter 100/5004 | loss 0.0122 | lr 0.015663
2025-10-16 09:33:38,822 | INFO | Iter 150/5004 | loss 0.0121 | lr 0.015649
2025-10-16 09:33:59,851 | INFO | Iter 200/5004 | loss 0.0121 | lr 0.015636
2025-10-16 09:34:20,887 | INFO | Iter 250/5004 | loss 0.0123 | lr 0.015622
2025-10-16 09:34:41,920 | INFO | Iter 300/5004 | loss 0.0122 | lr 0.015609
2025-10-16 09:35:02,954 | INFO | Iter 350/5004 | loss 0.0122 | lr 0.015596
2025-10-16 09:35:23,988 | INFO | Iter 400/5004 | loss 0.0122 | lr 0.015582
2025-10-16 09:35:45,022 | INFO | Iter 450/5004 | loss 0.0123 | lr 0.015569
2025-10-16 09:36:06,056 | INFO | Iter 500/5004 | loss 0.0123 | lr 0.015555
2025-10-16 09:36:27,092 | INFO | Iter 550/5004 | loss 0.0123 | lr 0.015542
2025-10-16 09:36:48,128 | INFO | Iter 600/5004 | loss 0.0123 | lr 0.015529
2025-10-16 09:37:09,164 | INFO | Iter 650/5004 | loss 0.0123 | lr 0.015515
2025-10-16 09:37:30,200 | INFO | Iter 700/5004 | loss 0.0123 | lr 0.015502
2025-10-16 09:37:51,237 | INFO | Iter 750/5004 | loss 0.0123 | lr 0.015489
2025-10-16 09:38:12,271 | INFO | Iter 800/5004 | loss 0.0123 | lr 0.015475
2025-10-16 09:38:33,305 | INFO | Iter 850/5004 | loss 0.0123 | lr 0.015462
2025-10-16 09:38:54,341 | INFO | Iter 900/5004 | loss 0.0123 | lr 0.015448
2025-10-16 09:39:15,376 | INFO | Iter 950/5004 | loss 0.0123 | lr 0.015435
2025-10-16 09:39:36,411 | INFO | Iter 1000/5004 | loss 0.0123 | lr 0.015422
2025-10-16 09:39:57,444 | INFO | Iter 1050/5004 | loss 0.0123 | lr 0.015408
2025-10-16 09:40:18,478 | INFO | Iter 1100/5004 | loss 0.0123 | lr 0.015395
2025-10-16 09:40:39,510 | INFO | Iter 1150/5004 | loss 0.0123 | lr 0.015382
2025-10-16 09:41:00,544 | INFO | Iter 1200/5004 | loss 0.0123 | lr 0.015368
2025-10-16 09:41:21,578 | INFO | Iter 1250/5004 | loss 0.0123 | lr 0.015355
2025-10-16 09:41:42,609 | INFO | Iter 1300/5004 | loss 0.0123 | lr 0.015342
2025-10-16 09:42:03,641 | INFO | Iter 1350/5004 | loss 0.0123 | lr 0.015329
2025-10-16 09:42:24,675 | INFO | Iter 1400/5004 | loss 0.0123 | lr 0.015315
2025-10-16 09:42:45,707 | INFO | Iter 1450/5004 | loss 0.0123 | lr 0.015302
2025-10-16 09:43:06,743 | INFO | Iter 1500/5004 | loss 0.0123 | lr 0.015289
2025-10-16 09:43:27,779 | INFO | Iter 1550/5004 | loss 0.0123 | lr 0.015275
2025-10-16 09:43:48,814 | INFO | Iter 1600/5004 | loss 0.0123 | lr 0.015262
2025-10-16 09:44:09,847 | INFO | Iter 1650/5004 | loss 0.0123 | lr 0.015249
2025-10-16 09:44:30,879 | INFO | Iter 1700/5004 | loss 0.0123 | lr 0.015236
2025-10-16 09:44:51,915 | INFO | Iter 1750/5004 | loss 0.0123 | lr 0.015222
2025-10-16 09:45:12,947 | INFO | Iter 1800/5004 | loss 0.0123 | lr 0.015209
2025-10-16 09:45:33,983 | INFO | Iter 1850/5004 | loss 0.0123 | lr 0.015196
2025-10-16 09:45:55,018 | INFO | Iter 1900/5004 | loss 0.0123 | lr 0.015182
2025-10-16 09:46:16,053 | INFO | Iter 1950/5004 | loss 0.0123 | lr 0.015169
2025-10-16 09:46:37,089 | INFO | Iter 2000/5004 | loss 0.0123 | lr 0.015156
2025-10-16 09:46:58,122 | INFO | Iter 2050/5004 | loss 0.0123 | lr 0.015143
2025-10-16 09:47:19,158 | INFO | Iter 2100/5004 | loss 0.0123 | lr 0.015130
2025-10-16 09:47:40,191 | INFO | Iter 2150/5004 | loss 0.0123 | lr 0.015116
2025-10-16 09:48:01,223 | INFO | Iter 2200/5004 | loss 0.0123 | lr 0.015103
2025-10-16 09:48:22,258 | INFO | Iter 2250/5004 | loss 0.0123 | lr 0.015090
2025-10-16 09:48:43,291 | INFO | Iter 2300/5004 | loss 0.0122 | lr 0.015077
2025-10-16 09:49:04,325 | INFO | Iter 2350/5004 | loss 0.0123 | lr 0.015063
2025-10-16 09:49:25,359 | INFO | Iter 2400/5004 | loss 0.0123 | lr 0.015050
2025-10-16 09:49:46,394 | INFO | Iter 2450/5004 | loss 0.0123 | lr 0.015037
2025-10-16 09:50:07,430 | INFO | Iter 2500/5004 | loss 0.0123 | lr 0.015024
2025-10-16 09:50:28,464 | INFO | Iter 2550/5004 | loss 0.0123 | lr 0.015011
2025-10-16 09:50:49,500 | INFO | Iter 2600/5004 | loss 0.0122 | lr 0.014997
2025-10-16 09:51:10,537 | INFO | Iter 2650/5004 | loss 0.0122 | lr 0.014984
2025-10-16 09:51:31,573 | INFO | Iter 2700/5004 | loss 0.0122 | lr 0.014971
2025-10-16 09:51:52,607 | INFO | Iter 2750/5004 | loss 0.0122 | lr 0.014958
2025-10-16 09:52:13,641 | INFO | Iter 2800/5004 | loss 0.0122 | lr 0.014945
2025-10-16 09:52:34,670 | INFO | Iter 2850/5004 | loss 0.0122 | lr 0.014932
2025-10-16 09:52:55,702 | INFO | Iter 2900/5004 | loss 0.0123 | lr 0.014918
2025-10-16 09:53:16,735 | INFO | Iter 2950/5004 | loss 0.0122 | lr 0.014905
2025-10-16 09:53:37,769 | INFO | Iter 3000/5004 | loss 0.0123 | lr 0.014892
2025-10-16 09:53:58,803 | INFO | Iter 3050/5004 | loss 0.0123 | lr 0.014879
2025-10-16 09:54:19,837 | INFO | Iter 3100/5004 | loss 0.0123 | lr 0.014866
2025-10-16 09:54:40,869 | INFO | Iter 3150/5004 | loss 0.0123 | lr 0.014853
2025-10-16 09:55:01,902 | INFO | Iter 3200/5004 | loss 0.0123 | lr 0.014840
2025-10-16 09:55:22,937 | INFO | Iter 3250/5004 | loss 0.0122 | lr 0.014826
2025-10-16 09:55:43,971 | INFO | Iter 3300/5004 | loss 0.0122 | lr 0.014813
2025-10-16 09:56:05,004 | INFO | Iter 3350/5004 | loss 0.0122 | lr 0.014800
2025-10-16 09:56:26,035 | INFO | Iter 3400/5004 | loss 0.0122 | lr 0.014787
2025-10-16 09:56:47,069 | INFO | Iter 3450/5004 | loss 0.0122 | lr 0.014774
2025-10-16 09:57:08,103 | INFO | Iter 3500/5004 | loss 0.0122 | lr 0.014761
2025-10-16 09:57:29,137 | INFO | Iter 3550/5004 | loss 0.0122 | lr 0.014748
2025-10-16 09:57:50,173 | INFO | Iter 3600/5004 | loss 0.0122 | lr 0.014735
2025-10-16 09:58:11,208 | INFO | Iter 3650/5004 | loss 0.0122 | lr 0.014722
2025-10-16 09:58:32,241 | INFO | Iter 3700/5004 | loss 0.0122 | lr 0.014709
2025-10-16 09:58:53,276 | INFO | Iter 3750/5004 | loss 0.0122 | lr 0.014695
2025-10-16 09:59:14,306 | INFO | Iter 3800/5004 | loss 0.0122 | lr 0.014682
2025-10-16 09:59:35,340 | INFO | Iter 3850/5004 | loss 0.0122 | lr 0.014669
2025-10-16 09:59:56,374 | INFO | Iter 3900/5004 | loss 0.0122 | lr 0.014656
2025-10-16 10:00:17,409 | INFO | Iter 3950/5004 | loss 0.0122 | lr 0.014643
2025-10-16 10:00:38,442 | INFO | Iter 4000/5004 | loss 0.0122 | lr 0.014630
2025-10-16 10:00:59,476 | INFO | Iter 4050/5004 | loss 0.0122 | lr 0.014617
2025-10-16 10:01:20,511 | INFO | Iter 4100/5004 | loss 0.0122 | lr 0.014604
2025-10-16 10:01:41,542 | INFO | Iter 4150/5004 | loss 0.0122 | lr 0.014591
2025-10-16 10:02:02,575 | INFO | Iter 4200/5004 | loss 0.0122 | lr 0.014578
2025-10-16 10:02:23,608 | INFO | Iter 4250/5004 | loss 0.0122 | lr 0.014565
2025-10-16 10:02:44,642 | INFO | Iter 4300/5004 | loss 0.0122 | lr 0.014552
2025-10-16 10:03:05,676 | INFO | Iter 4350/5004 | loss 0.0122 | lr 0.014539
2025-10-16 10:03:26,711 | INFO | Iter 4400/5004 | loss 0.0122 | lr 0.014526
2025-10-16 10:03:47,748 | INFO | Iter 4450/5004 | loss 0.0122 | lr 0.014513
2025-10-16 10:04:08,782 | INFO | Iter 4500/5004 | loss 0.0122 | lr 0.014500
2025-10-16 10:04:29,817 | INFO | Iter 4550/5004 | loss 0.0122 | lr 0.014487
2025-10-16 10:04:50,851 | INFO | Iter 4600/5004 | loss 0.0122 | lr 0.014474
2025-10-16 10:05:11,882 | INFO | Iter 4650/5004 | loss 0.0122 | lr 0.014461
2025-10-16 10:05:32,915 | INFO | Iter 4700/5004 | loss 0.0122 | lr 0.014448
2025-10-16 10:05:53,948 | INFO | Iter 4750/5004 | loss 0.0122 | lr 0.014435
2025-10-16 10:06:14,978 | INFO | Iter 4800/5004 | loss 0.0122 | lr 0.014422
2025-10-16 10:06:36,008 | INFO | Iter 4850/5004 | loss 0.0122 | lr 0.014409
2025-10-16 10:06:57,037 | INFO | Iter 4900/5004 | loss 0.0122 | lr 0.014396
2025-10-16 10:07:18,068 | INFO | Iter 4950/5004 | loss 0.0122 | lr 0.014383
2025-10-16 10:07:39,097 | INFO | Iter 5000/5004 | loss 0.0122 | lr 0.014370
2025-10-16 10:08:30,918 | INFO | Epoch 69/90 | Train loss 0.0122 | Val acc@1 69.43 | acc@5 89.66 | LR 0.014370
2025-10-16 10:08:53,615 | INFO | Iter 50/5004 | loss 0.0125 | lr 0.014357
2025-10-16 10:09:14,648 | INFO | Iter 100/5004 | loss 0.0125 | lr 0.014344
2025-10-16 10:09:35,681 | INFO | Iter 150/5004 | loss 0.0126 | lr 0.014331
2025-10-16 10:09:56,712 | INFO | Iter 200/5004 | loss 0.0123 | lr 0.014318
2025-10-16 10:10:17,748 | INFO | Iter 250/5004 | loss 0.0126 | lr 0.014305
2025-10-16 10:10:38,781 | INFO | Iter 300/5004 | loss 0.0124 | lr 0.014292
2025-10-16 10:10:59,815 | INFO | Iter 350/5004 | loss 0.0125 | lr 0.014279
2025-10-16 10:11:20,850 | INFO | Iter 400/5004 | loss 0.0124 | lr 0.014267
2025-10-16 10:11:41,886 | INFO | Iter 450/5004 | loss 0.0124 | lr 0.014254
2025-10-16 10:12:02,919 | INFO | Iter 500/5004 | loss 0.0124 | lr 0.014241
2025-10-16 10:12:23,954 | INFO | Iter 550/5004 | loss 0.0124 | lr 0.014228
2025-10-16 10:12:44,989 | INFO | Iter 600/5004 | loss 0.0123 | lr 0.014215
2025-10-16 10:13:06,023 | INFO | Iter 650/5004 | loss 0.0123 | lr 0.014202
2025-10-16 10:13:27,056 | INFO | Iter 700/5004 | loss 0.0123 | lr 0.014189
2025-10-16 10:13:48,091 | INFO | Iter 750/5004 | loss 0.0123 | lr 0.014176
2025-10-16 10:14:09,124 | INFO | Iter 800/5004 | loss 0.0122 | lr 0.014163
2025-10-16 10:14:30,161 | INFO | Iter 850/5004 | loss 0.0122 | lr 0.014151
2025-10-16 10:14:51,198 | INFO | Iter 900/5004 | loss 0.0122 | lr 0.014138
2025-10-16 10:15:12,234 | INFO | Iter 950/5004 | loss 0.0122 | lr 0.014125
2025-10-16 10:15:33,267 | INFO | Iter 1000/5004 | loss 0.0122 | lr 0.014112
2025-10-16 10:15:54,301 | INFO | Iter 1050/5004 | loss 0.0122 | lr 0.014099
2025-10-16 10:16:15,336 | INFO | Iter 1100/5004 | loss 0.0122 | lr 0.014086
2025-10-16 10:16:36,372 | INFO | Iter 1150/5004 | loss 0.0122 | lr 0.014073
2025-10-16 10:16:57,406 | INFO | Iter 1200/5004 | loss 0.0122 | lr 0.014061
2025-10-16 10:17:18,445 | INFO | Iter 1250/5004 | loss 0.0122 | lr 0.014048
2025-10-16 10:17:39,479 | INFO | Iter 1300/5004 | loss 0.0122 | lr 0.014035
2025-10-16 10:18:00,513 | INFO | Iter 1350/5004 | loss 0.0122 | lr 0.014022
2025-10-16 10:18:21,546 | INFO | Iter 1400/5004 | loss 0.0122 | lr 0.014009
2025-10-16 10:18:42,579 | INFO | Iter 1450/5004 | loss 0.0122 | lr 0.013996
2025-10-16 10:19:03,616 | INFO | Iter 1500/5004 | loss 0.0122 | lr 0.013984
2025-10-16 10:19:24,651 | INFO | Iter 1550/5004 | loss 0.0122 | lr 0.013971
2025-10-16 10:19:45,686 | INFO | Iter 1600/5004 | loss 0.0122 | lr 0.013958
2025-10-16 10:20:06,723 | INFO | Iter 1650/5004 | loss 0.0121 | lr 0.013945
2025-10-16 10:20:27,758 | INFO | Iter 1700/5004 | loss 0.0121 | lr 0.013932
2025-10-16 10:20:48,793 | INFO | Iter 1750/5004 | loss 0.0121 | lr 0.013920
2025-10-16 10:21:09,827 | INFO | Iter 1800/5004 | loss 0.0121 | lr 0.013907
2025-10-16 10:21:30,861 | INFO | Iter 1850/5004 | loss 0.0121 | lr 0.013894
2025-10-16 10:21:51,895 | INFO | Iter 1900/5004 | loss 0.0121 | lr 0.013881
2025-10-16 10:22:12,931 | INFO | Iter 1950/5004 | loss 0.0121 | lr 0.013869
2025-10-16 10:22:33,961 | INFO | Iter 2000/5004 | loss 0.0121 | lr 0.013856
2025-10-16 10:22:54,997 | INFO | Iter 2050/5004 | loss 0.0121 | lr 0.013843
2025-10-16 10:23:16,031 | INFO | Iter 2100/5004 | loss 0.0121 | lr 0.013830
2025-10-16 10:23:37,065 | INFO | Iter 2150/5004 | loss 0.0121 | lr 0.013818
2025-10-16 10:23:58,099 | INFO | Iter 2200/5004 | loss 0.0121 | lr 0.013805
2025-10-16 10:24:19,136 | INFO | Iter 2250/5004 | loss 0.0121 | lr 0.013792
2025-10-16 10:24:40,170 | INFO | Iter 2300/5004 | loss 0.0121 | lr 0.013779
2025-10-16 10:25:01,206 | INFO | Iter 2350/5004 | loss 0.0121 | lr 0.013767
2025-10-16 10:25:22,241 | INFO | Iter 2400/5004 | loss 0.0121 | lr 0.013754
2025-10-16 10:25:43,275 | INFO | Iter 2450/5004 | loss 0.0121 | lr 0.013741
2025-10-16 10:26:04,314 | INFO | Iter 2500/5004 | loss 0.0121 | lr 0.013728
2025-10-16 10:26:25,347 | INFO | Iter 2550/5004 | loss 0.0121 | lr 0.013716
2025-10-16 10:26:46,380 | INFO | Iter 2600/5004 | loss 0.0121 | lr 0.013703
2025-10-16 10:27:07,416 | INFO | Iter 2650/5004 | loss 0.0121 | lr 0.013690
2025-10-16 10:27:28,451 | INFO | Iter 2700/5004 | loss 0.0121 | lr 0.013678
2025-10-16 10:27:49,483 | INFO | Iter 2750/5004 | loss 0.0120 | lr 0.013665
2025-10-16 10:28:10,518 | INFO | Iter 2800/5004 | loss 0.0120 | lr 0.013652
2025-10-16 10:28:31,550 | INFO | Iter 2850/5004 | loss 0.0120 | lr 0.013640
2025-10-16 10:28:52,586 | INFO | Iter 2900/5004 | loss 0.0120 | lr 0.013627
2025-10-16 10:29:13,621 | INFO | Iter 2950/5004 | loss 0.0120 | lr 0.013614
2025-10-16 10:29:34,657 | INFO | Iter 3000/5004 | loss 0.0120 | lr 0.013602
2025-10-16 10:29:55,691 | INFO | Iter 3050/5004 | loss 0.0120 | lr 0.013589
2025-10-16 10:30:16,726 | INFO | Iter 3100/5004 | loss 0.0120 | lr 0.013576
2025-10-16 10:30:37,760 | INFO | Iter 3150/5004 | loss 0.0120 | lr 0.013564
2025-10-16 10:30:58,794 | INFO | Iter 3200/5004 | loss 0.0120 | lr 0.013551
2025-10-16 10:31:19,829 | INFO | Iter 3250/5004 | loss 0.0120 | lr 0.013538
2025-10-16 10:31:40,864 | INFO | Iter 3300/5004 | loss 0.0120 | lr 0.013526
2025-10-16 10:32:01,896 | INFO | Iter 3350/5004 | loss 0.0120 | lr 0.013513
2025-10-16 10:32:22,931 | INFO | Iter 3400/5004 | loss 0.0120 | lr 0.013500
2025-10-16 10:32:43,965 | INFO | Iter 3450/5004 | loss 0.0120 | lr 0.013488
2025-10-16 10:33:05,000 | INFO | Iter 3500/5004 | loss 0.0120 | lr 0.013475
2025-10-16 10:33:26,039 | INFO | Iter 3550/5004 | loss 0.0120 | lr 0.013463
2025-10-16 10:33:47,073 | INFO | Iter 3600/5004 | loss 0.0120 | lr 0.013450
2025-10-16 10:34:08,107 | INFO | Iter 3650/5004 | loss 0.0120 | lr 0.013437
2025-10-16 10:34:29,142 | INFO | Iter 3700/5004 | loss 0.0120 | lr 0.013425
2025-10-16 10:34:50,174 | INFO | Iter 3750/5004 | loss 0.0120 | lr 0.013412
2025-10-16 10:35:11,209 | INFO | Iter 3800/5004 | loss 0.0120 | lr 0.013400
2025-10-16 10:35:32,243 | INFO | Iter 3850/5004 | loss 0.0120 | lr 0.013387
2025-10-16 10:35:53,277 | INFO | Iter 3900/5004 | loss 0.0120 | lr 0.013375
2025-10-16 10:36:14,311 | INFO | Iter 3950/5004 | loss 0.0120 | lr 0.013362
2025-10-16 10:36:35,349 | INFO | Iter 4000/5004 | loss 0.0120 | lr 0.013349
2025-10-16 10:36:56,386 | INFO | Iter 4050/5004 | loss 0.0120 | lr 0.013337
2025-10-16 10:37:17,424 | INFO | Iter 4100/5004 | loss 0.0121 | lr 0.013324
2025-10-16 10:37:38,457 | INFO | Iter 4150/5004 | loss 0.0120 | lr 0.013312
2025-10-16 10:37:59,489 | INFO | Iter 4200/5004 | loss 0.0120 | lr 0.013299
2025-10-16 10:38:20,523 | INFO | Iter 4250/5004 | loss 0.0120 | lr 0.013287
2025-10-16 10:38:41,556 | INFO | Iter 4300/5004 | loss 0.0120 | lr 0.013274
2025-10-16 10:39:02,592 | INFO | Iter 4350/5004 | loss 0.0120 | lr 0.013262
2025-10-16 10:39:23,629 | INFO | Iter 4400/5004 | loss 0.0120 | lr 0.013249
2025-10-16 10:39:44,665 | INFO | Iter 4450/5004 | loss 0.0120 | lr 0.013237
2025-10-16 10:40:05,697 | INFO | Iter 4500/5004 | loss 0.0120 | lr 0.013224
2025-10-16 10:40:26,730 | INFO | Iter 4550/5004 | loss 0.0120 | lr 0.013212
2025-10-16 10:40:47,764 | INFO | Iter 4600/5004 | loss 0.0120 | lr 0.013199
2025-10-16 10:41:08,798 | INFO | Iter 4650/5004 | loss 0.0120 | lr 0.013187
2025-10-16 10:41:29,832 | INFO | Iter 4700/5004 | loss 0.0120 | lr 0.013174
2025-10-16 10:41:50,866 | INFO | Iter 4750/5004 | loss 0.0120 | lr 0.013162
2025-10-16 10:42:11,895 | INFO | Iter 4800/5004 | loss 0.0120 | lr 0.013149
2025-10-16 10:42:32,927 | INFO | Iter 4850/5004 | loss 0.0120 | lr 0.013137
2025-10-16 10:42:53,960 | INFO | Iter 4900/5004 | loss 0.0120 | lr 0.013124
2025-10-16 10:43:14,994 | INFO | Iter 4950/5004 | loss 0.0120 | lr 0.013112
2025-10-16 10:43:36,015 | INFO | Iter 5000/5004 | loss 0.0120 | lr 0.013099
2025-10-16 10:44:27,801 | INFO | Epoch 70/90 | Train loss 0.0120 | Val acc@1 70.52 | acc@5 90.27 | LR 0.013099
2025-10-16 10:44:50,440 | INFO | Iter 50/5004 | loss 0.0124 | lr 0.013087
2025-10-16 10:45:11,473 | INFO | Iter 100/5004 | loss 0.0122 | lr 0.013074
2025-10-16 10:45:32,503 | INFO | Iter 150/5004 | loss 0.0124 | lr 0.013062
2025-10-16 10:45:53,535 | INFO | Iter 200/5004 | loss 0.0122 | lr 0.013049
2025-10-16 10:46:14,569 | INFO | Iter 250/5004 | loss 0.0123 | lr 0.013037
2025-10-16 10:46:35,603 | INFO | Iter 300/5004 | loss 0.0122 | lr 0.013025
2025-10-16 10:46:56,636 | INFO | Iter 350/5004 | loss 0.0122 | lr 0.013012
2025-10-16 10:47:17,670 | INFO | Iter 400/5004 | loss 0.0122 | lr 0.013000
2025-10-16 10:47:38,704 | INFO | Iter 450/5004 | loss 0.0122 | lr 0.012987
2025-10-16 10:47:59,738 | INFO | Iter 500/5004 | loss 0.0121 | lr 0.012975
2025-10-16 10:48:20,772 | INFO | Iter 550/5004 | loss 0.0122 | lr 0.012962
2025-10-16 10:48:41,806 | INFO | Iter 600/5004 | loss 0.0121 | lr 0.012950
2025-10-16 10:49:02,841 | INFO | Iter 650/5004 | loss 0.0120 | lr 0.012938
2025-10-16 10:49:23,874 | INFO | Iter 700/5004 | loss 0.0120 | lr 0.012925
2025-10-16 10:49:44,912 | INFO | Iter 750/5004 | loss 0.0120 | lr 0.012913
2025-10-16 10:50:05,948 | INFO | Iter 800/5004 | loss 0.0119 | lr 0.012901
2025-10-16 10:50:26,982 | INFO | Iter 850/5004 | loss 0.0120 | lr 0.012888
2025-10-16 10:50:48,018 | INFO | Iter 900/5004 | loss 0.0119 | lr 0.012876
2025-10-16 10:51:09,050 | INFO | Iter 950/5004 | loss 0.0119 | lr 0.012863
2025-10-16 10:51:30,083 | INFO | Iter 1000/5004 | loss 0.0120 | lr 0.012851
2025-10-16 10:51:51,116 | INFO | Iter 1050/5004 | loss 0.0120 | lr 0.012839
2025-10-16 10:52:12,152 | INFO | Iter 1100/5004 | loss 0.0120 | lr 0.012826
2025-10-16 10:52:33,186 | INFO | Iter 1150/5004 | loss 0.0120 | lr 0.012814
2025-10-16 10:52:54,220 | INFO | Iter 1200/5004 | loss 0.0119 | lr 0.012802
2025-10-16 10:53:15,255 | INFO | Iter 1250/5004 | loss 0.0119 | lr 0.012789
2025-10-16 10:53:36,289 | INFO | Iter 1300/5004 | loss 0.0119 | lr 0.012777
2025-10-16 10:53:57,323 | INFO | Iter 1350/5004 | loss 0.0119 | lr 0.012765
2025-10-16 10:54:18,359 | INFO | Iter 1400/5004 | loss 0.0119 | lr 0.012752
2025-10-16 10:54:39,392 | INFO | Iter 1450/5004 | loss 0.0119 | lr 0.012740
2025-10-16 10:55:00,426 | INFO | Iter 1500/5004 | loss 0.0119 | lr 0.012728
2025-10-16 10:55:21,462 | INFO | Iter 1550/5004 | loss 0.0119 | lr 0.012715
2025-10-16 10:55:42,498 | INFO | Iter 1600/5004 | loss 0.0119 | lr 0.012703
2025-10-16 10:56:03,532 | INFO | Iter 1650/5004 | loss 0.0119 | lr 0.012691
2025-10-16 10:56:24,565 | INFO | Iter 1700/5004 | loss 0.0119 | lr 0.012679
2025-10-16 10:56:45,600 | INFO | Iter 1750/5004 | loss 0.0119 | lr 0.012666
2025-10-16 10:57:06,636 | INFO | Iter 1800/5004 | loss 0.0119 | lr 0.012654
2025-10-16 10:57:27,671 | INFO | Iter 1850/5004 | loss 0.0119 | lr 0.012642
2025-10-16 10:57:48,706 | INFO | Iter 1900/5004 | loss 0.0119 | lr 0.012629
2025-10-16 10:58:09,740 | INFO | Iter 1950/5004 | loss 0.0119 | lr 0.012617
2025-10-16 10:58:30,776 | INFO | Iter 2000/5004 | loss 0.0119 | lr 0.012605
2025-10-16 10:58:51,809 | INFO | Iter 2050/5004 | loss 0.0119 | lr 0.012593
2025-10-16 10:59:12,842 | INFO | Iter 2100/5004 | loss 0.0119 | lr 0.012580
2025-10-16 10:59:33,875 | INFO | Iter 2150/5004 | loss 0.0119 | lr 0.012568
2025-10-16 10:59:54,909 | INFO | Iter 2200/5004 | loss 0.0119 | lr 0.012556
2025-10-16 11:00:15,944 | INFO | Iter 2250/5004 | loss 0.0120 | lr 0.012544
2025-10-16 11:00:36,980 | INFO | Iter 2300/5004 | loss 0.0120 | lr 0.012531
2025-10-16 11:00:58,014 | INFO | Iter 2350/5004 | loss 0.0120 | lr 0.012519
2025-10-16 11:01:19,049 | INFO | Iter 2400/5004 | loss 0.0120 | lr 0.012507
2025-10-16 11:01:40,086 | INFO | Iter 2450/5004 | loss 0.0120 | lr 0.012495
2025-10-16 11:02:01,119 | INFO | Iter 2500/5004 | loss 0.0120 | lr 0.012483
2025-10-16 11:02:22,151 | INFO | Iter 2550/5004 | loss 0.0120 | lr 0.012470
2025-10-16 11:02:43,184 | INFO | Iter 2600/5004 | loss 0.0119 | lr 0.012458
2025-10-16 11:03:04,220 | INFO | Iter 2650/5004 | loss 0.0119 | lr 0.012446
2025-10-16 11:03:25,256 | INFO | Iter 2700/5004 | loss 0.0120 | lr 0.012434
2025-10-16 11:03:46,290 | INFO | Iter 2750/5004 | loss 0.0120 | lr 0.012422
2025-10-16 11:04:07,323 | INFO | Iter 2800/5004 | loss 0.0119 | lr 0.012409
2025-10-16 11:04:28,357 | INFO | Iter 2850/5004 | loss 0.0119 | lr 0.012397
2025-10-16 11:04:49,389 | INFO | Iter 2900/5004 | loss 0.0119 | lr 0.012385
2025-10-16 11:05:10,423 | INFO | Iter 2950/5004 | loss 0.0119 | lr 0.012373
2025-10-16 11:05:31,457 | INFO | Iter 3000/5004 | loss 0.0119 | lr 0.012361
2025-10-16 11:05:52,491 | INFO | Iter 3050/5004 | loss 0.0120 | lr 0.012349
2025-10-16 11:06:13,526 | INFO | Iter 3100/5004 | loss 0.0120 | lr 0.012336
2025-10-16 11:06:34,559 | INFO | Iter 3150/5004 | loss 0.0120 | lr 0.012324
2025-10-16 11:06:55,593 | INFO | Iter 3200/5004 | loss 0.0120 | lr 0.012312
2025-10-16 11:07:16,628 | INFO | Iter 3250/5004 | loss 0.0120 | lr 0.012300
2025-10-16 11:07:37,662 | INFO | Iter 3300/5004 | loss 0.0120 | lr 0.012288
2025-10-16 11:07:58,697 | INFO | Iter 3350/5004 | loss 0.0120 | lr 0.012276
2025-10-16 11:08:19,733 | INFO | Iter 3400/5004 | loss 0.0119 | lr 0.012264
2025-10-16 11:08:40,767 | INFO | Iter 3450/5004 | loss 0.0119 | lr 0.012252
2025-10-16 11:09:01,802 | INFO | Iter 3500/5004 | loss 0.0119 | lr 0.012239
2025-10-16 11:09:22,837 | INFO | Iter 3550/5004 | loss 0.0120 | lr 0.012227
2025-10-16 11:09:43,873 | INFO | Iter 3600/5004 | loss 0.0120 | lr 0.012215
2025-10-16 11:10:04,908 | INFO | Iter 3650/5004 | loss 0.0119 | lr 0.012203
2025-10-16 11:10:25,940 | INFO | Iter 3700/5004 | loss 0.0119 | lr 0.012191
2025-10-16 11:10:46,976 | INFO | Iter 3750/5004 | loss 0.0119 | lr 0.012179
2025-10-16 11:11:08,012 | INFO | Iter 3800/5004 | loss 0.0119 | lr 0.012167
2025-10-16 11:11:29,048 | INFO | Iter 3850/5004 | loss 0.0119 | lr 0.012155
2025-10-16 11:11:50,082 | INFO | Iter 3900/5004 | loss 0.0119 | lr 0.012143
2025-10-16 11:12:11,113 | INFO | Iter 3950/5004 | loss 0.0120 | lr 0.012131
2025-10-16 11:12:32,147 | INFO | Iter 4000/5004 | loss 0.0119 | lr 0.012119
2025-10-16 11:12:53,180 | INFO | Iter 4050/5004 | loss 0.0119 | lr 0.012107
2025-10-16 11:13:14,215 | INFO | Iter 4100/5004 | loss 0.0119 | lr 0.012095
2025-10-16 11:13:35,250 | INFO | Iter 4150/5004 | loss 0.0119 | lr 0.012083
2025-10-16 11:13:56,285 | INFO | Iter 4200/5004 | loss 0.0119 | lr 0.012071
2025-10-16 11:14:17,321 | INFO | Iter 4250/5004 | loss 0.0119 | lr 0.012059
2025-10-16 11:14:38,355 | INFO | Iter 4300/5004 | loss 0.0119 | lr 0.012046
2025-10-16 11:14:59,391 | INFO | Iter 4350/5004 | loss 0.0119 | lr 0.012034
2025-10-16 11:15:20,424 | INFO | Iter 4400/5004 | loss 0.0119 | lr 0.012022
2025-10-16 11:15:41,457 | INFO | Iter 4450/5004 | loss 0.0119 | lr 0.012010
2025-10-16 11:16:02,490 | INFO | Iter 4500/5004 | loss 0.0119 | lr 0.011998
2025-10-16 11:16:23,534 | INFO | Iter 4550/5004 | loss 0.0119 | lr 0.011986
2025-10-16 11:16:44,565 | INFO | Iter 4600/5004 | loss 0.0119 | lr 0.011974
2025-10-16 11:17:05,600 | INFO | Iter 4650/5004 | loss 0.0119 | lr 0.011962
2025-10-16 11:17:26,633 | INFO | Iter 4700/5004 | loss 0.0119 | lr 0.011950
2025-10-16 11:17:47,666 | INFO | Iter 4750/5004 | loss 0.0119 | lr 0.011939
2025-10-16 11:18:08,697 | INFO | Iter 4800/5004 | loss 0.0119 | lr 0.011927
2025-10-16 11:18:29,731 | INFO | Iter 4850/5004 | loss 0.0119 | lr 0.011915
2025-10-16 11:18:50,764 | INFO | Iter 4900/5004 | loss 0.0119 | lr 0.011903
2025-10-16 11:19:11,794 | INFO | Iter 4950/5004 | loss 0.0119 | lr 0.011891
2025-10-16 11:19:32,822 | INFO | Iter 5000/5004 | loss 0.0119 | lr 0.011879
2025-10-16 11:20:21,915 | INFO | Epoch 71/90 | Train loss 0.0119 | Val acc@1 69.48 | acc@5 89.56 | LR 0.011879
2025-10-16 11:20:44,427 | INFO | Iter 50/5004 | loss 0.0107 | lr 0.011867
2025-10-16 11:21:05,459 | INFO | Iter 100/5004 | loss 0.0112 | lr 0.011855
2025-10-16 11:21:26,492 | INFO | Iter 150/5004 | loss 0.0113 | lr 0.011843
2025-10-16 11:21:47,524 | INFO | Iter 200/5004 | loss 0.0112 | lr 0.011831
2025-10-16 11:22:08,557 | INFO | Iter 250/5004 | loss 0.0116 | lr 0.011819
2025-10-16 11:22:29,590 | INFO | Iter 300/5004 | loss 0.0115 | lr 0.011807
2025-10-16 11:22:50,621 | INFO | Iter 350/5004 | loss 0.0116 | lr 0.011795
2025-10-16 11:23:11,658 | INFO | Iter 400/5004 | loss 0.0116 | lr 0.011783
2025-10-16 11:23:32,693 | INFO | Iter 450/5004 | loss 0.0116 | lr 0.011771
2025-10-16 11:23:53,729 | INFO | Iter 500/5004 | loss 0.0116 | lr 0.011759
2025-10-16 11:24:14,763 | INFO | Iter 550/5004 | loss 0.0116 | lr 0.011748
2025-10-16 11:24:35,799 | INFO | Iter 600/5004 | loss 0.0116 | lr 0.011736
2025-10-16 11:24:56,833 | INFO | Iter 650/5004 | loss 0.0116 | lr 0.011724
2025-10-16 11:25:17,867 | INFO | Iter 700/5004 | loss 0.0116 | lr 0.011712
2025-10-16 11:25:38,902 | INFO | Iter 750/5004 | loss 0.0116 | lr 0.011700
2025-10-16 11:25:59,935 | INFO | Iter 800/5004 | loss 0.0116 | lr 0.011688
2025-10-16 11:26:20,971 | INFO | Iter 850/5004 | loss 0.0116 | lr 0.011676
2025-10-16 11:26:42,006 | INFO | Iter 900/5004 | loss 0.0116 | lr 0.011664
2025-10-16 11:27:03,039 | INFO | Iter 950/5004 | loss 0.0115 | lr 0.011653
2025-10-16 11:27:24,072 | INFO | Iter 1000/5004 | loss 0.0116 | lr 0.011641
2025-10-16 11:27:45,105 | INFO | Iter 1050/5004 | loss 0.0116 | lr 0.011629
2025-10-16 11:28:06,139 | INFO | Iter 1100/5004 | loss 0.0115 | lr 0.011617
2025-10-16 11:28:27,174 | INFO | Iter 1150/5004 | loss 0.0115 | lr 0.011605
2025-10-16 11:28:48,209 | INFO | Iter 1200/5004 | loss 0.0116 | lr 0.011593
2025-10-16 11:29:09,244 | INFO | Iter 1250/5004 | loss 0.0115 | lr 0.011582
2025-10-16 11:29:30,278 | INFO | Iter 1300/5004 | loss 0.0116 | lr 0.011570
2025-10-16 11:29:51,311 | INFO | Iter 1350/5004 | loss 0.0116 | lr 0.011558
2025-10-16 11:30:12,344 | INFO | Iter 1400/5004 | loss 0.0116 | lr 0.011546
2025-10-16 11:30:33,379 | INFO | Iter 1450/5004 | loss 0.0116 | lr 0.011534
2025-10-16 11:30:54,409 | INFO | Iter 1500/5004 | loss 0.0116 | lr 0.011523
2025-10-16 11:31:15,442 | INFO | Iter 1550/5004 | loss 0.0117 | lr 0.011511
2025-10-16 11:31:36,478 | INFO | Iter 1600/5004 | loss 0.0117 | lr 0.011499
2025-10-16 11:31:57,514 | INFO | Iter 1650/5004 | loss 0.0117 | lr 0.011487
2025-10-16 11:32:18,550 | INFO | Iter 1700/5004 | loss 0.0117 | lr 0.011476
2025-10-16 11:32:39,582 | INFO | Iter 1750/5004 | loss 0.0117 | lr 0.011464
2025-10-16 11:33:00,618 | INFO | Iter 1800/5004 | loss 0.0117 | lr 0.011452
2025-10-16 11:33:21,651 | INFO | Iter 1850/5004 | loss 0.0117 | lr 0.011440
2025-10-16 11:33:42,688 | INFO | Iter 1900/5004 | loss 0.0117 | lr 0.011428
2025-10-16 11:34:03,722 | INFO | Iter 1950/5004 | loss 0.0117 | lr 0.011417
2025-10-16 11:34:24,755 | INFO | Iter 2000/5004 | loss 0.0117 | lr 0.011405
2025-10-16 11:34:45,789 | INFO | Iter 2050/5004 | loss 0.0117 | lr 0.011393
2025-10-16 11:35:06,825 | INFO | Iter 2100/5004 | loss 0.0117 | lr 0.011382
2025-10-16 11:35:27,861 | INFO | Iter 2150/5004 | loss 0.0117 | lr 0.011370
2025-10-16 11:35:48,893 | INFO | Iter 2200/5004 | loss 0.0117 | lr 0.011358
2025-10-16 11:36:09,929 | INFO | Iter 2250/5004 | loss 0.0117 | lr 0.011346
2025-10-16 11:36:30,964 | INFO | Iter 2300/5004 | loss 0.0117 | lr 0.011335
2025-10-16 11:36:51,999 | INFO | Iter 2350/5004 | loss 0.0117 | lr 0.011323
2025-10-16 11:37:13,035 | INFO | Iter 2400/5004 | loss 0.0117 | lr 0.011311
2025-10-16 11:37:34,067 | INFO | Iter 2450/5004 | loss 0.0117 | lr 0.011300
2025-10-16 11:37:55,102 | INFO | Iter 2500/5004 | loss 0.0117 | lr 0.011288
2025-10-16 11:38:16,139 | INFO | Iter 2550/5004 | loss 0.0117 | lr 0.011276
2025-10-16 11:38:37,176 | INFO | Iter 2600/5004 | loss 0.0117 | lr 0.011264
2025-10-16 11:38:58,209 | INFO | Iter 2650/5004 | loss 0.0117 | lr 0.011253
2025-10-16 11:39:19,243 | INFO | Iter 2700/5004 | loss 0.0117 | lr 0.011241
2025-10-16 11:39:40,280 | INFO | Iter 2750/5004 | loss 0.0117 | lr 0.011229
2025-10-16 11:40:01,315 | INFO | Iter 2800/5004 | loss 0.0117 | lr 0.011218
2025-10-16 11:40:22,349 | INFO | Iter 2850/5004 | loss 0.0117 | lr 0.011206
2025-10-16 11:40:43,381 | INFO | Iter 2900/5004 | loss 0.0117 | lr 0.011195
2025-10-16 11:41:04,415 | INFO | Iter 2950/5004 | loss 0.0117 | lr 0.011183
2025-10-16 11:41:25,452 | INFO | Iter 3000/5004 | loss 0.0117 | lr 0.011171
2025-10-16 11:41:46,485 | INFO | Iter 3050/5004 | loss 0.0118 | lr 0.011160
2025-10-16 11:42:07,520 | INFO | Iter 3100/5004 | loss 0.0118 | lr 0.011148
2025-10-16 11:42:28,551 | INFO | Iter 3150/5004 | loss 0.0118 | lr 0.011136
2025-10-16 11:42:49,583 | INFO | Iter 3200/5004 | loss 0.0118 | lr 0.011125
2025-10-16 11:43:10,617 | INFO | Iter 3250/5004 | loss 0.0118 | lr 0.011113
2025-10-16 11:43:31,654 | INFO | Iter 3300/5004 | loss 0.0118 | lr 0.011102
2025-10-16 11:43:52,688 | INFO | Iter 3350/5004 | loss 0.0118 | lr 0.011090
2025-10-16 11:44:13,721 | INFO | Iter 3400/5004 | loss 0.0118 | lr 0.011078
2025-10-16 11:44:34,754 | INFO | Iter 3450/5004 | loss 0.0118 | lr 0.011067
2025-10-16 11:44:55,787 | INFO | Iter 3500/5004 | loss 0.0118 | lr 0.011055
2025-10-16 11:45:16,820 | INFO | Iter 3550/5004 | loss 0.0118 | lr 0.011044
2025-10-16 11:45:37,852 | INFO | Iter 3600/5004 | loss 0.0117 | lr 0.011032
2025-10-16 11:45:58,889 | INFO | Iter 3650/5004 | loss 0.0118 | lr 0.011020
2025-10-16 11:46:19,923 | INFO | Iter 3700/5004 | loss 0.0118 | lr 0.011009
2025-10-16 11:46:40,960 | INFO | Iter 3750/5004 | loss 0.0118 | lr 0.010997
2025-10-16 11:47:01,989 | INFO | Iter 3800/5004 | loss 0.0118 | lr 0.010986
2025-10-16 11:47:23,026 | INFO | Iter 3850/5004 | loss 0.0118 | lr 0.010974
2025-10-16 11:47:44,061 | INFO | Iter 3900/5004 | loss 0.0118 | lr 0.010963
2025-10-16 11:48:05,093 | INFO | Iter 3950/5004 | loss 0.0118 | lr 0.010951
2025-10-16 11:48:26,126 | INFO | Iter 4000/5004 | loss 0.0118 | lr 0.010940
2025-10-16 11:48:47,158 | INFO | Iter 4050/5004 | loss 0.0118 | lr 0.010928
2025-10-16 11:49:08,191 | INFO | Iter 4100/5004 | loss 0.0118 | lr 0.010917
2025-10-16 11:49:29,223 | INFO | Iter 4150/5004 | loss 0.0118 | lr 0.010905
2025-10-16 11:49:50,258 | INFO | Iter 4200/5004 | loss 0.0118 | lr 0.010894
2025-10-16 11:50:11,290 | INFO | Iter 4250/5004 | loss 0.0118 | lr 0.010882
2025-10-16 11:50:32,321 | INFO | Iter 4300/5004 | loss 0.0118 | lr 0.010871
2025-10-16 11:50:53,355 | INFO | Iter 4350/5004 | loss 0.0118 | lr 0.010859
2025-10-16 11:51:14,389 | INFO | Iter 4400/5004 | loss 0.0118 | lr 0.010848
2025-10-16 11:51:35,423 | INFO | Iter 4450/5004 | loss 0.0118 | lr 0.010836
2025-10-16 11:51:56,456 | INFO | Iter 4500/5004 | loss 0.0118 | lr 0.010825
2025-10-16 11:52:17,491 | INFO | Iter 4550/5004 | loss 0.0118 | lr 0.010813
2025-10-16 11:52:38,523 | INFO | Iter 4600/5004 | loss 0.0118 | lr 0.010802
2025-10-16 11:52:59,559 | INFO | Iter 4650/5004 | loss 0.0117 | lr 0.010790
2025-10-16 11:53:20,594 | INFO | Iter 4700/5004 | loss 0.0117 | lr 0.010779
2025-10-16 11:53:41,627 | INFO | Iter 4750/5004 | loss 0.0117 | lr 0.010767
2025-10-16 11:54:02,661 | INFO | Iter 4800/5004 | loss 0.0117 | lr 0.010756
2025-10-16 11:54:23,691 | INFO | Iter 4850/5004 | loss 0.0117 | lr 0.010744
2025-10-16 11:54:44,725 | INFO | Iter 4900/5004 | loss 0.0117 | lr 0.010733
2025-10-16 11:55:05,758 | INFO | Iter 4950/5004 | loss 0.0117 | lr 0.010722
2025-10-16 11:55:26,778 | INFO | Iter 5000/5004 | loss 0.0117 | lr 0.010710
2025-10-16 11:56:17,842 | INFO | Epoch 72/90 | Train loss 0.0117 | Val acc@1 70.90 | acc@5 90.38 | LR 0.010710
2025-10-16 11:56:40,694 | INFO | Iter 50/5004 | loss 0.0118 | lr 0.010699
2025-10-16 11:57:01,728 | INFO | Iter 100/5004 | loss 0.0115 | lr 0.010687
2025-10-16 11:57:22,763 | INFO | Iter 150/5004 | loss 0.0115 | lr 0.010676
2025-10-16 11:57:43,797 | INFO | Iter 200/5004 | loss 0.0115 | lr 0.010665
2025-10-16 11:58:04,832 | INFO | Iter 250/5004 | loss 0.0116 | lr 0.010653
2025-10-16 11:58:25,868 | INFO | Iter 300/5004 | loss 0.0116 | lr 0.010642
2025-10-16 11:58:46,903 | INFO | Iter 350/5004 | loss 0.0117 | lr 0.010630
2025-10-16 11:59:07,939 | INFO | Iter 400/5004 | loss 0.0117 | lr 0.010619
2025-10-16 11:59:28,975 | INFO | Iter 450/5004 | loss 0.0117 | lr 0.010608
2025-10-16 11:59:50,009 | INFO | Iter 500/5004 | loss 0.0118 | lr 0.010596
2025-10-16 12:00:11,048 | INFO | Iter 550/5004 | loss 0.0118 | lr 0.010585
2025-10-16 12:00:32,084 | INFO | Iter 600/5004 | loss 0.0119 | lr 0.010574
2025-10-16 12:00:53,120 | INFO | Iter 650/5004 | loss 0.0119 | lr 0.010562
2025-10-16 12:01:14,155 | INFO | Iter 700/5004 | loss 0.0118 | lr 0.010551
2025-10-16 12:01:35,192 | INFO | Iter 750/5004 | loss 0.0118 | lr 0.010540
2025-10-16 12:01:56,228 | INFO | Iter 800/5004 | loss 0.0118 | lr 0.010528
2025-10-16 12:02:17,263 | INFO | Iter 850/5004 | loss 0.0118 | lr 0.010517
2025-10-16 12:02:38,299 | INFO | Iter 900/5004 | loss 0.0118 | lr 0.010506
2025-10-16 12:02:59,335 | INFO | Iter 950/5004 | loss 0.0118 | lr 0.010494
2025-10-16 12:03:20,366 | INFO | Iter 1000/5004 | loss 0.0118 | lr 0.010483
2025-10-16 12:03:41,401 | INFO | Iter 1050/5004 | loss 0.0118 | lr 0.010472
2025-10-16 12:04:02,436 | INFO | Iter 1100/5004 | loss 0.0118 | lr 0.010460
2025-10-16 12:04:23,476 | INFO | Iter 1150/5004 | loss 0.0118 | lr 0.010449
2025-10-16 12:04:44,510 | INFO | Iter 1200/5004 | loss 0.0118 | lr 0.010438
2025-10-16 12:05:05,545 | INFO | Iter 1250/5004 | loss 0.0117 | lr 0.010426
2025-10-16 12:05:26,578 | INFO | Iter 1300/5004 | loss 0.0118 | lr 0.010415
2025-10-16 12:05:47,613 | INFO | Iter 1350/5004 | loss 0.0118 | lr 0.010404
2025-10-16 12:06:08,648 | INFO | Iter 1400/5004 | loss 0.0118 | lr 0.010393
2025-10-16 12:06:29,683 | INFO | Iter 1450/5004 | loss 0.0118 | lr 0.010381
2025-10-16 12:06:50,719 | INFO | Iter 1500/5004 | loss 0.0118 | lr 0.010370
2025-10-16 12:07:11,751 | INFO | Iter 1550/5004 | loss 0.0118 | lr 0.010359
2025-10-16 12:07:32,788 | INFO | Iter 1600/5004 | loss 0.0118 | lr 0.010348
2025-10-16 12:07:53,822 | INFO | Iter 1650/5004 | loss 0.0118 | lr 0.010336
2025-10-16 12:08:14,856 | INFO | Iter 1700/5004 | loss 0.0118 | lr 0.010325
2025-10-16 12:08:35,891 | INFO | Iter 1750/5004 | loss 0.0118 | lr 0.010314
2025-10-16 12:08:56,925 | INFO | Iter 1800/5004 | loss 0.0118 | lr 0.010303
2025-10-16 12:09:17,960 | INFO | Iter 1850/5004 | loss 0.0118 | lr 0.010291
2025-10-16 12:09:38,994 | INFO | Iter 1900/5004 | loss 0.0118 | lr 0.010280
2025-10-16 12:10:00,029 | INFO | Iter 1950/5004 | loss 0.0118 | lr 0.010269
2025-10-16 12:10:21,065 | INFO | Iter 2000/5004 | loss 0.0118 | lr 0.010258
2025-10-16 12:10:42,096 | INFO | Iter 2050/5004 | loss 0.0118 | lr 0.010247
2025-10-16 12:11:03,130 | INFO | Iter 2100/5004 | loss 0.0118 | lr 0.010235
2025-10-16 12:11:24,164 | INFO | Iter 2150/5004 | loss 0.0118 | lr 0.010224
2025-10-16 12:11:45,200 | INFO | Iter 2200/5004 | loss 0.0118 | lr 0.010213
2025-10-16 12:12:06,236 | INFO | Iter 2250/5004 | loss 0.0118 | lr 0.010202
2025-10-16 12:12:27,274 | INFO | Iter 2300/5004 | loss 0.0118 | lr 0.010191
2025-10-16 12:12:48,308 | INFO | Iter 2350/5004 | loss 0.0118 | lr 0.010179
2025-10-16 12:13:09,343 | INFO | Iter 2400/5004 | loss 0.0118 | lr 0.010168
2025-10-16 12:13:30,377 | INFO | Iter 2450/5004 | loss 0.0118 | lr 0.010157
2025-10-16 12:13:51,410 | INFO | Iter 2500/5004 | loss 0.0118 | lr 0.010146
2025-10-16 12:14:12,446 | INFO | Iter 2550/5004 | loss 0.0118 | lr 0.010135
2025-10-16 12:14:33,479 | INFO | Iter 2600/5004 | loss 0.0118 | lr 0.010124
2025-10-16 12:14:54,514 | INFO | Iter 2650/5004 | loss 0.0118 | lr 0.010113
2025-10-16 12:15:15,549 | INFO | Iter 2700/5004 | loss 0.0118 | lr 0.010101
2025-10-16 12:15:36,583 | INFO | Iter 2750/5004 | loss 0.0118 | lr 0.010090
2025-10-16 12:15:57,615 | INFO | Iter 2800/5004 | loss 0.0118 | lr 0.010079
2025-10-16 12:16:18,650 | INFO | Iter 2850/5004 | loss 0.0118 | lr 0.010068
2025-10-16 12:16:39,683 | INFO | Iter 2900/5004 | loss 0.0118 | lr 0.010057
2025-10-16 12:17:00,717 | INFO | Iter 2950/5004 | loss 0.0118 | lr 0.010046
2025-10-16 12:17:21,749 | INFO | Iter 3000/5004 | loss 0.0118 | lr 0.010035
2025-10-16 12:17:42,783 | INFO | Iter 3050/5004 | loss 0.0118 | lr 0.010024
2025-10-16 12:18:03,816 | INFO | Iter 3100/5004 | loss 0.0118 | lr 0.010013
2025-10-16 12:18:24,851 | INFO | Iter 3150/5004 | loss 0.0118 | lr 0.010001
2025-10-16 12:18:45,886 | INFO | Iter 3200/5004 | loss 0.0118 | lr 0.009990
2025-10-16 12:19:06,920 | INFO | Iter 3250/5004 | loss 0.0118 | lr 0.009979
2025-10-16 12:19:27,955 | INFO | Iter 3300/5004 | loss 0.0118 | lr 0.009968
2025-10-16 12:19:48,990 | INFO | Iter 3350/5004 | loss 0.0118 | lr 0.009957
2025-10-16 12:20:10,025 | INFO | Iter 3400/5004 | loss 0.0118 | lr 0.009946
2025-10-16 12:20:31,058 | INFO | Iter 3450/5004 | loss 0.0118 | lr 0.009935
2025-10-16 12:20:52,092 | INFO | Iter 3500/5004 | loss 0.0118 | lr 0.009924
2025-10-16 12:21:13,129 | INFO | Iter 3550/5004 | loss 0.0118 | lr 0.009913
2025-10-16 12:21:34,163 | INFO | Iter 3600/5004 | loss 0.0118 | lr 0.009902
2025-10-16 12:21:55,194 | INFO | Iter 3650/5004 | loss 0.0118 | lr 0.009891
2025-10-16 12:22:16,228 | INFO | Iter 3700/5004 | loss 0.0118 | lr 0.009880
2025-10-16 12:22:37,265 | INFO | Iter 3750/5004 | loss 0.0118 | lr 0.009869
2025-10-16 12:22:58,298 | INFO | Iter 3800/5004 | loss 0.0118 | lr 0.009858
2025-10-16 12:23:19,333 | INFO | Iter 3850/5004 | loss 0.0118 | lr 0.009847
2025-10-16 12:23:40,365 | INFO | Iter 3900/5004 | loss 0.0118 | lr 0.009836
2025-10-16 12:24:01,400 | INFO | Iter 3950/5004 | loss 0.0118 | lr 0.009825
2025-10-16 12:24:22,435 | INFO | Iter 4000/5004 | loss 0.0118 | lr 0.009814
2025-10-16 12:24:43,468 | INFO | Iter 4050/5004 | loss 0.0118 | lr 0.009803
2025-10-16 12:25:04,504 | INFO | Iter 4100/5004 | loss 0.0118 | lr 0.009792
2025-10-16 12:25:25,537 | INFO | Iter 4150/5004 | loss 0.0118 | lr 0.009781
2025-10-16 12:25:46,572 | INFO | Iter 4200/5004 | loss 0.0118 | lr 0.009770
2025-10-16 12:26:07,607 | INFO | Iter 4250/5004 | loss 0.0118 | lr 0.009759
2025-10-16 12:26:28,639 | INFO | Iter 4300/5004 | loss 0.0117 | lr 0.009748
2025-10-16 12:26:49,675 | INFO | Iter 4350/5004 | loss 0.0117 | lr 0.009737
2025-10-16 12:27:10,710 | INFO | Iter 4400/5004 | loss 0.0118 | lr 0.009726
2025-10-16 12:27:31,745 | INFO | Iter 4450/5004 | loss 0.0118 | lr 0.009715
2025-10-16 12:27:52,782 | INFO | Iter 4500/5004 | loss 0.0118 | lr 0.009704
2025-10-16 12:28:13,815 | INFO | Iter 4550/5004 | loss 0.0118 | lr 0.009693
2025-10-16 12:28:34,851 | INFO | Iter 4600/5004 | loss 0.0118 | lr 0.009682
2025-10-16 12:28:55,887 | INFO | Iter 4650/5004 | loss 0.0118 | lr 0.009672
2025-10-16 12:29:16,922 | INFO | Iter 4700/5004 | loss 0.0118 | lr 0.009661
2025-10-16 12:29:37,954 | INFO | Iter 4750/5004 | loss 0.0118 | lr 0.009650
2025-10-16 12:29:58,985 | INFO | Iter 4800/5004 | loss 0.0118 | lr 0.009639
2025-10-16 12:30:20,015 | INFO | Iter 4850/5004 | loss 0.0118 | lr 0.009628
2025-10-16 12:30:41,049 | INFO | Iter 4900/5004 | loss 0.0118 | lr 0.009617
2025-10-16 12:31:02,086 | INFO | Iter 4950/5004 | loss 0.0118 | lr 0.009606
2025-10-16 12:31:23,114 | INFO | Iter 5000/5004 | loss 0.0118 | lr 0.009595
2025-10-16 12:32:13,537 | INFO | Epoch 73/90 | Train loss 0.0118 | Val acc@1 71.05 | acc@5 90.39 | LR 0.009595
2025-10-16 12:32:36,559 | INFO | Iter 50/5004 | loss 0.0115 | lr 0.009584
2025-10-16 12:32:57,595 | INFO | Iter 100/5004 | loss 0.0118 | lr 0.009574
2025-10-16 12:33:18,629 | INFO | Iter 150/5004 | loss 0.0117 | lr 0.009563
2025-10-16 12:33:39,661 | INFO | Iter 200/5004 | loss 0.0117 | lr 0.009552
2025-10-16 12:34:00,698 | INFO | Iter 250/5004 | loss 0.0117 | lr 0.009541
2025-10-16 12:34:21,736 | INFO | Iter 300/5004 | loss 0.0116 | lr 0.009530
2025-10-16 12:34:42,770 | INFO | Iter 350/5004 | loss 0.0116 | lr 0.009519
2025-10-16 12:35:03,806 | INFO | Iter 400/5004 | loss 0.0116 | lr 0.009508
2025-10-16 12:35:24,839 | INFO | Iter 450/5004 | loss 0.0115 | lr 0.009498
2025-10-16 12:35:45,873 | INFO | Iter 500/5004 | loss 0.0116 | lr 0.009487
2025-10-16 12:36:06,907 | INFO | Iter 550/5004 | loss 0.0116 | lr 0.009476
2025-10-16 12:36:27,944 | INFO | Iter 600/5004 | loss 0.0116 | lr 0.009465
2025-10-16 12:36:48,976 | INFO | Iter 650/5004 | loss 0.0116 | lr 0.009454
2025-10-16 12:37:10,012 | INFO | Iter 700/5004 | loss 0.0116 | lr 0.009444
2025-10-16 12:37:31,047 | INFO | Iter 750/5004 | loss 0.0116 | lr 0.009433
2025-10-16 12:37:52,082 | INFO | Iter 800/5004 | loss 0.0116 | lr 0.009422
2025-10-16 12:38:13,116 | INFO | Iter 850/5004 | loss 0.0116 | lr 0.009411
2025-10-16 12:38:34,150 | INFO | Iter 900/5004 | loss 0.0116 | lr 0.009400
2025-10-16 12:38:55,188 | INFO | Iter 950/5004 | loss 0.0116 | lr 0.009390
2025-10-16 12:39:16,222 | INFO | Iter 1000/5004 | loss 0.0116 | lr 0.009379
2025-10-16 12:39:37,256 | INFO | Iter 1050/5004 | loss 0.0116 | lr 0.009368
2025-10-16 12:39:58,291 | INFO | Iter 1100/5004 | loss 0.0116 | lr 0.009357
2025-10-16 12:40:19,327 | INFO | Iter 1150/5004 | loss 0.0117 | lr 0.009347
2025-10-16 12:40:40,361 | INFO | Iter 1200/5004 | loss 0.0116 | lr 0.009336
2025-10-16 12:41:01,397 | INFO | Iter 1250/5004 | loss 0.0116 | lr 0.009325
2025-10-16 12:41:22,432 | INFO | Iter 1300/5004 | loss 0.0116 | lr 0.009314
2025-10-16 12:41:43,467 | INFO | Iter 1350/5004 | loss 0.0116 | lr 0.009304
2025-10-16 12:42:04,501 | INFO | Iter 1400/5004 | loss 0.0116 | lr 0.009293
2025-10-16 12:42:25,534 | INFO | Iter 1450/5004 | loss 0.0116 | lr 0.009282
2025-10-16 12:42:46,567 | INFO | Iter 1500/5004 | loss 0.0116 | lr 0.009271
2025-10-16 12:43:07,602 | INFO | Iter 1550/5004 | loss 0.0116 | lr 0.009261
2025-10-16 12:43:28,637 | INFO | Iter 1600/5004 | loss 0.0116 | lr 0.009250
2025-10-16 12:43:49,672 | INFO | Iter 1650/5004 | loss 0.0116 | lr 0.009239
2025-10-16 12:44:10,706 | INFO | Iter 1700/5004 | loss 0.0116 | lr 0.009229
2025-10-16 12:44:31,739 | INFO | Iter 1750/5004 | loss 0.0116 | lr 0.009218
2025-10-16 12:44:52,771 | INFO | Iter 1800/5004 | loss 0.0116 | lr 0.009207
2025-10-16 12:45:13,807 | INFO | Iter 1850/5004 | loss 0.0116 | lr 0.009197
2025-10-16 12:45:34,842 | INFO | Iter 1900/5004 | loss 0.0116 | lr 0.009186
2025-10-16 12:45:55,877 | INFO | Iter 1950/5004 | loss 0.0116 | lr 0.009175
2025-10-16 12:46:16,908 | INFO | Iter 2000/5004 | loss 0.0116 | lr 0.009165
2025-10-16 12:46:37,946 | INFO | Iter 2050/5004 | loss 0.0116 | lr 0.009154
2025-10-16 12:46:58,979 | INFO | Iter 2100/5004 | loss 0.0116 | lr 0.009143
2025-10-16 12:47:20,016 | INFO | Iter 2150/5004 | loss 0.0116 | lr 0.009133
2025-10-16 12:47:41,050 | INFO | Iter 2200/5004 | loss 0.0117 | lr 0.009122
2025-10-16 12:48:02,086 | INFO | Iter 2250/5004 | loss 0.0117 | lr 0.009111
2025-10-16 12:48:23,118 | INFO | Iter 2300/5004 | loss 0.0117 | lr 0.009101
2025-10-16 12:48:44,154 | INFO | Iter 2350/5004 | loss 0.0117 | lr 0.009090
2025-10-16 12:49:05,188 | INFO | Iter 2400/5004 | loss 0.0117 | lr 0.009080
2025-10-16 12:49:26,221 | INFO | Iter 2450/5004 | loss 0.0117 | lr 0.009069
2025-10-16 12:49:47,256 | INFO | Iter 2500/5004 | loss 0.0117 | lr 0.009058
2025-10-16 12:50:08,290 | INFO | Iter 2550/5004 | loss 0.0117 | lr 0.009048
2025-10-16 12:50:29,325 | INFO | Iter 2600/5004 | loss 0.0116 | lr 0.009037
2025-10-16 12:50:50,359 | INFO | Iter 2650/5004 | loss 0.0116 | lr 0.009027
2025-10-16 12:51:11,392 | INFO | Iter 2700/5004 | loss 0.0116 | lr 0.009016
2025-10-16 12:51:32,424 | INFO | Iter 2750/5004 | loss 0.0116 | lr 0.009005
2025-10-16 12:51:53,456 | INFO | Iter 2800/5004 | loss 0.0116 | lr 0.008995
2025-10-16 12:52:14,491 | INFO | Iter 2850/5004 | loss 0.0116 | lr 0.008984
2025-10-16 12:52:35,524 | INFO | Iter 2900/5004 | loss 0.0116 | lr 0.008974
2025-10-16 12:52:56,560 | INFO | Iter 2950/5004 | loss 0.0116 | lr 0.008963
2025-10-16 12:53:17,592 | INFO | Iter 3000/5004 | loss 0.0116 | lr 0.008953
2025-10-16 12:53:38,627 | INFO | Iter 3050/5004 | loss 0.0116 | lr 0.008942
2025-10-16 12:53:59,662 | INFO | Iter 3100/5004 | loss 0.0116 | lr 0.008932
2025-10-16 12:54:20,697 | INFO | Iter 3150/5004 | loss 0.0116 | lr 0.008921
2025-10-16 12:54:41,734 | INFO | Iter 3200/5004 | loss 0.0116 | lr 0.008911
2025-10-16 12:55:02,769 | INFO | Iter 3250/5004 | loss 0.0116 | lr 0.008900
2025-10-16 12:55:23,802 | INFO | Iter 3300/5004 | loss 0.0116 | lr 0.008889
2025-10-16 12:55:44,835 | INFO | Iter 3350/5004 | loss 0.0116 | lr 0.008879
2025-10-16 12:56:05,868 | INFO | Iter 3400/5004 | loss 0.0116 | lr 0.008868
2025-10-16 12:56:26,905 | INFO | Iter 3450/5004 | loss 0.0116 | lr 0.008858
2025-10-16 12:56:47,940 | INFO | Iter 3500/5004 | loss 0.0116 | lr 0.008847
2025-10-16 12:57:08,974 | INFO | Iter 3550/5004 | loss 0.0116 | lr 0.008837
2025-10-16 12:57:30,010 | INFO | Iter 3600/5004 | loss 0.0116 | lr 0.008827
2025-10-16 12:57:51,045 | INFO | Iter 3650/5004 | loss 0.0116 | lr 0.008816
2025-10-16 12:58:12,078 | INFO | Iter 3700/5004 | loss 0.0116 | lr 0.008806
2025-10-16 12:58:33,110 | INFO | Iter 3750/5004 | loss 0.0116 | lr 0.008795
2025-10-16 12:58:54,146 | INFO | Iter 3800/5004 | loss 0.0116 | lr 0.008785
2025-10-16 12:59:15,180 | INFO | Iter 3850/5004 | loss 0.0116 | lr 0.008774
2025-10-16 12:59:36,213 | INFO | Iter 3900/5004 | loss 0.0116 | lr 0.008764
2025-10-16 12:59:57,245 | INFO | Iter 3950/5004 | loss 0.0116 | lr 0.008753
2025-10-16 13:00:18,279 | INFO | Iter 4000/5004 | loss 0.0116 | lr 0.008743
2025-10-16 13:00:39,313 | INFO | Iter 4050/5004 | loss 0.0116 | lr 0.008732
2025-10-16 13:01:00,347 | INFO | Iter 4100/5004 | loss 0.0116 | lr 0.008722
2025-10-16 13:01:21,378 | INFO | Iter 4150/5004 | loss 0.0116 | lr 0.008712
2025-10-16 13:01:42,412 | INFO | Iter 4200/5004 | loss 0.0116 | lr 0.008701
2025-10-16 13:02:03,445 | INFO | Iter 4250/5004 | loss 0.0116 | lr 0.008691
2025-10-16 13:02:24,477 | INFO | Iter 4300/5004 | loss 0.0116 | lr 0.008680
2025-10-16 13:02:45,513 | INFO | Iter 4350/5004 | loss 0.0116 | lr 0.008670
2025-10-16 13:03:06,545 | INFO | Iter 4400/5004 | loss 0.0116 | lr 0.008660
2025-10-16 13:03:27,581 | INFO | Iter 4450/5004 | loss 0.0116 | lr 0.008649
2025-10-16 13:03:48,615 | INFO | Iter 4500/5004 | loss 0.0116 | lr 0.008639
2025-10-16 13:04:09,648 | INFO | Iter 4550/5004 | loss 0.0116 | lr 0.008629
2025-10-16 13:04:30,683 | INFO | Iter 4600/5004 | loss 0.0116 | lr 0.008618
2025-10-16 13:04:51,720 | INFO | Iter 4650/5004 | loss 0.0116 | lr 0.008608
2025-10-16 13:05:12,755 | INFO | Iter 4700/5004 | loss 0.0116 | lr 0.008597
2025-10-16 13:05:33,788 | INFO | Iter 4750/5004 | loss 0.0116 | lr 0.008587
2025-10-16 13:05:54,820 | INFO | Iter 4800/5004 | loss 0.0116 | lr 0.008577
2025-10-16 13:06:15,850 | INFO | Iter 4850/5004 | loss 0.0116 | lr 0.008566
2025-10-16 13:06:36,890 | INFO | Iter 4900/5004 | loss 0.0116 | lr 0.008556
2025-10-16 13:06:57,925 | INFO | Iter 4950/5004 | loss 0.0116 | lr 0.008546
2025-10-16 13:07:18,942 | INFO | Iter 5000/5004 | loss 0.0116 | lr 0.008535
2025-10-16 13:08:10,171 | INFO | Epoch 74/90 | Train loss 0.0116 | Val acc@1 71.88 | acc@5 91.02 | LR 0.008535
2025-10-16 13:08:32,730 | INFO | Iter 50/5004 | loss 0.0123 | lr 0.008525
2025-10-16 13:08:53,761 | INFO | Iter 100/5004 | loss 0.0122 | lr 0.008515
2025-10-16 13:09:14,793 | INFO | Iter 150/5004 | loss 0.0119 | lr 0.008504
2025-10-16 13:09:35,825 | INFO | Iter 200/5004 | loss 0.0117 | lr 0.008494
2025-10-16 13:09:56,860 | INFO | Iter 250/5004 | loss 0.0115 | lr 0.008484
2025-10-16 13:10:17,894 | INFO | Iter 300/5004 | loss 0.0115 | lr 0.008474
2025-10-16 13:10:38,926 | INFO | Iter 350/5004 | loss 0.0115 | lr 0.008463
2025-10-16 13:10:59,961 | INFO | Iter 400/5004 | loss 0.0117 | lr 0.008453
2025-10-16 13:11:20,995 | INFO | Iter 450/5004 | loss 0.0117 | lr 0.008443
2025-10-16 13:11:42,027 | INFO | Iter 500/5004 | loss 0.0116 | lr 0.008433
2025-10-16 13:12:03,060 | INFO | Iter 550/5004 | loss 0.0116 | lr 0.008422
2025-10-16 13:12:24,095 | INFO | Iter 600/5004 | loss 0.0116 | lr 0.008412
2025-10-16 13:12:45,129 | INFO | Iter 650/5004 | loss 0.0116 | lr 0.008402
2025-10-16 13:13:06,162 | INFO | Iter 700/5004 | loss 0.0115 | lr 0.008392
2025-10-16 13:13:27,195 | INFO | Iter 750/5004 | loss 0.0115 | lr 0.008381
2025-10-16 13:13:48,228 | INFO | Iter 800/5004 | loss 0.0116 | lr 0.008371
2025-10-16 13:14:09,259 | INFO | Iter 850/5004 | loss 0.0116 | lr 0.008361
2025-10-16 13:14:30,294 | INFO | Iter 900/5004 | loss 0.0116 | lr 0.008351
2025-10-16 13:14:51,328 | INFO | Iter 950/5004 | loss 0.0117 | lr 0.008340
2025-10-16 13:15:12,363 | INFO | Iter 1000/5004 | loss 0.0116 | lr 0.008330
2025-10-16 13:15:33,394 | INFO | Iter 1050/5004 | loss 0.0116 | lr 0.008320
2025-10-16 13:15:54,429 | INFO | Iter 1100/5004 | loss 0.0116 | lr 0.008310
2025-10-16 13:16:15,464 | INFO | Iter 1150/5004 | loss 0.0116 | lr 0.008300
2025-10-16 13:16:36,498 | INFO | Iter 1200/5004 | loss 0.0116 | lr 0.008289
2025-10-16 13:16:57,531 | INFO | Iter 1250/5004 | loss 0.0116 | lr 0.008279
2025-10-16 13:17:18,567 | INFO | Iter 1300/5004 | loss 0.0116 | lr 0.008269
2025-10-16 13:17:39,601 | INFO | Iter 1350/5004 | loss 0.0116 | lr 0.008259
2025-10-16 13:18:00,634 | INFO | Iter 1400/5004 | loss 0.0116 | lr 0.008249
2025-10-16 13:18:21,668 | INFO | Iter 1450/5004 | loss 0.0116 | lr 0.008239
2025-10-16 13:18:42,704 | INFO | Iter 1500/5004 | loss 0.0116 | lr 0.008228
2025-10-16 13:19:03,737 | INFO | Iter 1550/5004 | loss 0.0117 | lr 0.008218
2025-10-16 13:19:24,770 | INFO | Iter 1600/5004 | loss 0.0116 | lr 0.008208
2025-10-16 13:19:45,805 | INFO | Iter 1650/5004 | loss 0.0116 | lr 0.008198
2025-10-16 13:20:06,839 | INFO | Iter 1700/5004 | loss 0.0117 | lr 0.008188
2025-10-16 13:20:27,872 | INFO | Iter 1750/5004 | loss 0.0117 | lr 0.008178
2025-10-16 13:20:48,908 | INFO | Iter 1800/5004 | loss 0.0116 | lr 0.008168
2025-10-16 13:21:09,944 | INFO | Iter 1850/5004 | loss 0.0116 | lr 0.008158
2025-10-16 13:21:30,978 | INFO | Iter 1900/5004 | loss 0.0116 | lr 0.008147
2025-10-16 13:21:52,009 | INFO | Iter 1950/5004 | loss 0.0116 | lr 0.008137
2025-10-16 13:22:13,042 | INFO | Iter 2000/5004 | loss 0.0116 | lr 0.008127
2025-10-16 13:22:34,076 | INFO | Iter 2050/5004 | loss 0.0116 | lr 0.008117
2025-10-16 13:22:55,110 | INFO | Iter 2100/5004 | loss 0.0116 | lr 0.008107
2025-10-16 13:23:16,144 | INFO | Iter 2150/5004 | loss 0.0116 | lr 0.008097
2025-10-16 13:23:37,179 | INFO | Iter 2200/5004 | loss 0.0116 | lr 0.008087
2025-10-16 13:23:58,214 | INFO | Iter 2250/5004 | loss 0.0116 | lr 0.008077
2025-10-16 13:24:19,248 | INFO | Iter 2300/5004 | loss 0.0116 | lr 0.008067
2025-10-16 13:24:40,284 | INFO | Iter 2350/5004 | loss 0.0116 | lr 0.008057
2025-10-16 13:25:01,319 | INFO | Iter 2400/5004 | loss 0.0116 | lr 0.008047
2025-10-16 13:25:22,351 | INFO | Iter 2450/5004 | loss 0.0116 | lr 0.008037
2025-10-16 13:25:43,384 | INFO | Iter 2500/5004 | loss 0.0116 | lr 0.008027
2025-10-16 13:26:04,419 | INFO | Iter 2550/5004 | loss 0.0116 | lr 0.008017
2025-10-16 13:26:25,455 | INFO | Iter 2600/5004 | loss 0.0116 | lr 0.008007
2025-10-16 13:26:46,489 | INFO | Iter 2650/5004 | loss 0.0116 | lr 0.007997
2025-10-16 13:27:07,523 | INFO | Iter 2700/5004 | loss 0.0116 | lr 0.007987
2025-10-16 13:27:28,554 | INFO | Iter 2750/5004 | loss 0.0116 | lr 0.007977
2025-10-16 13:27:49,589 | INFO | Iter 2800/5004 | loss 0.0116 | lr 0.007967
2025-10-16 13:28:10,620 | INFO | Iter 2850/5004 | loss 0.0116 | lr 0.007957
2025-10-16 13:28:31,657 | INFO | Iter 2900/5004 | loss 0.0116 | lr 0.007947
2025-10-16 13:28:52,693 | INFO | Iter 2950/5004 | loss 0.0116 | lr 0.007937
2025-10-16 13:29:13,727 | INFO | Iter 3000/5004 | loss 0.0116 | lr 0.007927
2025-10-16 13:29:34,759 | INFO | Iter 3050/5004 | loss 0.0116 | lr 0.007917
2025-10-16 13:29:55,793 | INFO | Iter 3100/5004 | loss 0.0116 | lr 0.007907
2025-10-16 13:30:16,825 | INFO | Iter 3150/5004 | loss 0.0116 | lr 0.007897
2025-10-16 13:30:37,861 | INFO | Iter 3200/5004 | loss 0.0116 | lr 0.007887
2025-10-16 13:30:58,896 | INFO | Iter 3250/5004 | loss 0.0116 | lr 0.007877
2025-10-16 13:31:19,931 | INFO | Iter 3300/5004 | loss 0.0116 | lr 0.007867
2025-10-16 13:31:40,970 | INFO | Iter 3350/5004 | loss 0.0116 | lr 0.007857
2025-10-16 13:32:02,006 | INFO | Iter 3400/5004 | loss 0.0116 | lr 0.007847
2025-10-16 13:32:23,040 | INFO | Iter 3450/5004 | loss 0.0116 | lr 0.007837
2025-10-16 13:32:44,074 | INFO | Iter 3500/5004 | loss 0.0116 | lr 0.007827
2025-10-16 13:33:05,106 | INFO | Iter 3550/5004 | loss 0.0116 | lr 0.007817
2025-10-16 13:33:26,142 | INFO | Iter 3600/5004 | loss 0.0116 | lr 0.007807
2025-10-16 13:33:47,178 | INFO | Iter 3650/5004 | loss 0.0116 | lr 0.007797
2025-10-16 13:34:08,211 | INFO | Iter 3700/5004 | loss 0.0116 | lr 0.007787
2025-10-16 13:34:29,245 | INFO | Iter 3750/5004 | loss 0.0116 | lr 0.007778
2025-10-16 13:34:50,278 | INFO | Iter 3800/5004 | loss 0.0116 | lr 0.007768
2025-10-16 13:35:11,312 | INFO | Iter 3850/5004 | loss 0.0116 | lr 0.007758
2025-10-16 13:35:32,344 | INFO | Iter 3900/5004 | loss 0.0116 | lr 0.007748
2025-10-16 13:35:53,378 | INFO | Iter 3950/5004 | loss 0.0116 | lr 0.007738
2025-10-16 13:36:14,412 | INFO | Iter 4000/5004 | loss 0.0116 | lr 0.007728
2025-10-16 13:36:35,448 | INFO | Iter 4050/5004 | loss 0.0116 | lr 0.007718
2025-10-16 13:36:56,483 | INFO | Iter 4100/5004 | loss 0.0116 | lr 0.007708
2025-10-16 13:37:17,516 | INFO | Iter 4150/5004 | loss 0.0115 | lr 0.007699
2025-10-16 13:37:38,549 | INFO | Iter 4200/5004 | loss 0.0115 | lr 0.007689
2025-10-16 13:37:59,581 | INFO | Iter 4250/5004 | loss 0.0115 | lr 0.007679
2025-10-16 13:38:20,614 | INFO | Iter 4300/5004 | loss 0.0115 | lr 0.007669
2025-10-16 13:38:41,646 | INFO | Iter 4350/5004 | loss 0.0115 | lr 0.007659
2025-10-16 13:39:02,680 | INFO | Iter 4400/5004 | loss 0.0115 | lr 0.007649
2025-10-16 13:39:23,713 | INFO | Iter 4450/5004 | loss 0.0115 | lr 0.007640
2025-10-16 13:39:44,746 | INFO | Iter 4500/5004 | loss 0.0115 | lr 0.007630
2025-10-16 13:40:05,779 | INFO | Iter 4550/5004 | loss 0.0115 | lr 0.007620
2025-10-16 13:40:26,815 | INFO | Iter 4600/5004 | loss 0.0115 | lr 0.007610
2025-10-16 13:40:47,846 | INFO | Iter 4650/5004 | loss 0.0115 | lr 0.007600
2025-10-16 13:41:08,878 | INFO | Iter 4700/5004 | loss 0.0115 | lr 0.007591
2025-10-16 13:41:29,912 | INFO | Iter 4750/5004 | loss 0.0115 | lr 0.007581
2025-10-16 13:41:50,943 | INFO | Iter 4800/5004 | loss 0.0115 | lr 0.007571
2025-10-16 13:42:11,975 | INFO | Iter 4850/5004 | loss 0.0115 | lr 0.007561
2025-10-16 13:42:33,010 | INFO | Iter 4900/5004 | loss 0.0115 | lr 0.007552
2025-10-16 13:42:54,039 | INFO | Iter 4950/5004 | loss 0.0115 | lr 0.007542
2025-10-16 13:43:15,062 | INFO | Iter 5000/5004 | loss 0.0115 | lr 0.007532
2025-10-16 13:44:07,061 | INFO | Epoch 75/90 | Train loss 0.0115 | Val acc@1 72.31 | acc@5 91.26 | LR 0.007532
2025-10-16 13:44:30,180 | INFO | Iter 50/5004 | loss 0.0113 | lr 0.007522
2025-10-16 13:44:51,216 | INFO | Iter 100/5004 | loss 0.0113 | lr 0.007513
2025-10-16 13:45:12,250 | INFO | Iter 150/5004 | loss 0.0114 | lr 0.007503
2025-10-16 13:45:33,285 | INFO | Iter 200/5004 | loss 0.0113 | lr 0.007493
2025-10-16 13:45:54,321 | INFO | Iter 250/5004 | loss 0.0114 | lr 0.007483
2025-10-16 13:46:15,358 | INFO | Iter 300/5004 | loss 0.0114 | lr 0.007474
2025-10-16 13:46:36,396 | INFO | Iter 350/5004 | loss 0.0114 | lr 0.007464
2025-10-16 13:46:57,433 | INFO | Iter 400/5004 | loss 0.0115 | lr 0.007454
2025-10-16 13:47:18,472 | INFO | Iter 450/5004 | loss 0.0114 | lr 0.007445
2025-10-16 13:47:39,507 | INFO | Iter 500/5004 | loss 0.0113 | lr 0.007435
2025-10-16 13:48:00,542 | INFO | Iter 550/5004 | loss 0.0114 | lr 0.007425
2025-10-16 13:48:21,577 | INFO | Iter 600/5004 | loss 0.0114 | lr 0.007416
2025-10-16 13:48:42,615 | INFO | Iter 650/5004 | loss 0.0114 | lr 0.007406
2025-10-16 13:49:03,653 | INFO | Iter 700/5004 | loss 0.0114 | lr 0.007396
2025-10-16 13:49:24,691 | INFO | Iter 750/5004 | loss 0.0114 | lr 0.007387
2025-10-16 13:49:45,726 | INFO | Iter 800/5004 | loss 0.0114 | lr 0.007377
2025-10-16 13:50:06,761 | INFO | Iter 850/5004 | loss 0.0114 | lr 0.007367
2025-10-16 13:50:27,797 | INFO | Iter 900/5004 | loss 0.0114 | lr 0.007358
2025-10-16 13:50:48,839 | INFO | Iter 950/5004 | loss 0.0114 | lr 0.007348
2025-10-16 13:51:09,876 | INFO | Iter 1000/5004 | loss 0.0114 | lr 0.007338
2025-10-16 13:51:30,912 | INFO | Iter 1050/5004 | loss 0.0114 | lr 0.007329
2025-10-16 13:51:51,951 | INFO | Iter 1100/5004 | loss 0.0114 | lr 0.007319
2025-10-16 13:52:12,987 | INFO | Iter 1150/5004 | loss 0.0114 | lr 0.007310
2025-10-16 13:52:34,023 | INFO | Iter 1200/5004 | loss 0.0115 | lr 0.007300
2025-10-16 13:52:55,061 | INFO | Iter 1250/5004 | loss 0.0114 | lr 0.007290
2025-10-16 13:53:16,098 | INFO | Iter 1300/5004 | loss 0.0114 | lr 0.007281
2025-10-16 13:53:37,136 | INFO | Iter 1350/5004 | loss 0.0114 | lr 0.007271
2025-10-16 13:53:58,174 | INFO | Iter 1400/5004 | loss 0.0115 | lr 0.007262
2025-10-16 13:54:19,210 | INFO | Iter 1450/5004 | loss 0.0115 | lr 0.007252
2025-10-16 13:54:40,245 | INFO | Iter 1500/5004 | loss 0.0115 | lr 0.007242
2025-10-16 13:55:01,284 | INFO | Iter 1550/5004 | loss 0.0115 | lr 0.007233
2025-10-16 13:55:22,322 | INFO | Iter 1600/5004 | loss 0.0115 | lr 0.007223
2025-10-16 13:55:43,361 | INFO | Iter 1650/5004 | loss 0.0115 | lr 0.007214
2025-10-16 13:56:04,397 | INFO | Iter 1700/5004 | loss 0.0115 | lr 0.007204
2025-10-16 13:56:25,434 | INFO | Iter 1750/5004 | loss 0.0115 | lr 0.007195
2025-10-16 13:56:46,469 | INFO | Iter 1800/5004 | loss 0.0115 | lr 0.007185
2025-10-16 13:57:07,506 | INFO | Iter 1850/5004 | loss 0.0115 | lr 0.007176
2025-10-16 13:57:28,543 | INFO | Iter 1900/5004 | loss 0.0115 | lr 0.007166
2025-10-16 13:57:49,579 | INFO | Iter 1950/5004 | loss 0.0115 | lr 0.007156
2025-10-16 13:58:10,617 | INFO | Iter 2000/5004 | loss 0.0115 | lr 0.007147
2025-10-16 13:58:31,653 | INFO | Iter 2050/5004 | loss 0.0115 | lr 0.007137
2025-10-16 13:58:52,691 | INFO | Iter 2100/5004 | loss 0.0115 | lr 0.007128
2025-10-16 13:59:13,726 | INFO | Iter 2150/5004 | loss 0.0115 | lr 0.007118
2025-10-16 13:59:34,763 | INFO | Iter 2200/5004 | loss 0.0115 | lr 0.007109
2025-10-16 13:59:55,798 | INFO | Iter 2250/5004 | loss 0.0115 | lr 0.007099
2025-10-16 14:00:16,832 | INFO | Iter 2300/5004 | loss 0.0115 | lr 0.007090
2025-10-16 14:00:37,869 | INFO | Iter 2350/5004 | loss 0.0115 | lr 0.007080
2025-10-16 14:00:58,900 | INFO | Iter 2400/5004 | loss 0.0115 | lr 0.007071
2025-10-16 14:01:19,936 | INFO | Iter 2450/5004 | loss 0.0115 | lr 0.007062
2025-10-16 14:01:40,969 | INFO | Iter 2500/5004 | loss 0.0115 | lr 0.007052
2025-10-16 14:02:02,007 | INFO | Iter 2550/5004 | loss 0.0115 | lr 0.007043
2025-10-16 14:02:23,045 | INFO | Iter 2600/5004 | loss 0.0115 | lr 0.007033
2025-10-16 14:02:44,082 | INFO | Iter 2650/5004 | loss 0.0115 | lr 0.007024
2025-10-16 14:03:05,117 | INFO | Iter 2700/5004 | loss 0.0115 | lr 0.007014
2025-10-16 14:03:26,153 | INFO | Iter 2750/5004 | loss 0.0115 | lr 0.007005
2025-10-16 14:03:47,191 | INFO | Iter 2800/5004 | loss 0.0115 | lr 0.006995
2025-10-16 14:04:08,227 | INFO | Iter 2850/5004 | loss 0.0115 | lr 0.006986
2025-10-16 14:04:29,263 | INFO | Iter 2900/5004 | loss 0.0115 | lr 0.006977
2025-10-16 14:04:50,300 | INFO | Iter 2950/5004 | loss 0.0115 | lr 0.006967
2025-10-16 14:05:11,336 | INFO | Iter 3000/5004 | loss 0.0115 | lr 0.006958
2025-10-16 14:05:32,371 | INFO | Iter 3050/5004 | loss 0.0115 | lr 0.006948
2025-10-16 14:05:53,409 | INFO | Iter 3100/5004 | loss 0.0115 | lr 0.006939
2025-10-16 14:06:14,448 | INFO | Iter 3150/5004 | loss 0.0115 | lr 0.006930
2025-10-16 14:06:35,487 | INFO | Iter 3200/5004 | loss 0.0115 | lr 0.006920
2025-10-16 14:06:56,522 | INFO | Iter 3250/5004 | loss 0.0115 | lr 0.006911
2025-10-16 14:07:17,556 | INFO | Iter 3300/5004 | loss 0.0115 | lr 0.006902
2025-10-16 14:07:38,594 | INFO | Iter 3350/5004 | loss 0.0115 | lr 0.006892
2025-10-16 14:07:59,631 | INFO | Iter 3400/5004 | loss 0.0115 | lr 0.006883
2025-10-16 14:08:20,666 | INFO | Iter 3450/5004 | loss 0.0115 | lr 0.006874
2025-10-16 14:08:41,705 | INFO | Iter 3500/5004 | loss 0.0115 | lr 0.006864
2025-10-16 14:09:02,745 | INFO | Iter 3550/5004 | loss 0.0115 | lr 0.006855
2025-10-16 14:09:23,781 | INFO | Iter 3600/5004 | loss 0.0115 | lr 0.006846
2025-10-16 14:09:44,816 | INFO | Iter 3650/5004 | loss 0.0115 | lr 0.006836
2025-10-16 14:10:05,855 | INFO | Iter 3700/5004 | loss 0.0115 | lr 0.006827
2025-10-16 14:10:26,890 | INFO | Iter 3750/5004 | loss 0.0114 | lr 0.006818
2025-10-16 14:10:47,926 | INFO | Iter 3800/5004 | loss 0.0114 | lr 0.006808
2025-10-16 14:11:08,962 | INFO | Iter 3850/5004 | loss 0.0114 | lr 0.006799
2025-10-16 14:11:29,996 | INFO | Iter 3900/5004 | loss 0.0114 | lr 0.006790
2025-10-16 14:11:51,029 | INFO | Iter 3950/5004 | loss 0.0114 | lr 0.006780
2025-10-16 14:12:12,065 | INFO | Iter 4000/5004 | loss 0.0114 | lr 0.006771
2025-10-16 14:12:33,101 | INFO | Iter 4050/5004 | loss 0.0114 | lr 0.006762
2025-10-16 14:12:54,137 | INFO | Iter 4100/5004 | loss 0.0114 | lr 0.006753
2025-10-16 14:13:15,173 | INFO | Iter 4150/5004 | loss 0.0114 | lr 0.006743
2025-10-16 14:13:36,213 | INFO | Iter 4200/5004 | loss 0.0114 | lr 0.006734
2025-10-16 14:13:57,248 | INFO | Iter 4250/5004 | loss 0.0114 | lr 0.006725
2025-10-16 14:14:18,286 | INFO | Iter 4300/5004 | loss 0.0114 | lr 0.006716
2025-10-16 14:14:39,322 | INFO | Iter 4350/5004 | loss 0.0114 | lr 0.006706
2025-10-16 14:15:00,358 | INFO | Iter 4400/5004 | loss 0.0114 | lr 0.006697
2025-10-16 14:15:21,396 | INFO | Iter 4450/5004 | loss 0.0114 | lr 0.006688
2025-10-16 14:15:42,435 | INFO | Iter 4500/5004 | loss 0.0114 | lr 0.006679
2025-10-16 14:16:03,471 | INFO | Iter 4550/5004 | loss 0.0114 | lr 0.006669
2025-10-16 14:16:24,507 | INFO | Iter 4600/5004 | loss 0.0114 | lr 0.006660
2025-10-16 14:16:45,542 | INFO | Iter 4650/5004 | loss 0.0114 | lr 0.006651
2025-10-16 14:17:06,580 | INFO | Iter 4700/5004 | loss 0.0114 | lr 0.006642
2025-10-16 14:17:27,614 | INFO | Iter 4750/5004 | loss 0.0114 | lr 0.006633
2025-10-16 14:17:48,647 | INFO | Iter 4800/5004 | loss 0.0114 | lr 0.006623
2025-10-16 14:18:09,684 | INFO | Iter 4850/5004 | loss 0.0114 | lr 0.006614
2025-10-16 14:18:30,720 | INFO | Iter 4900/5004 | loss 0.0114 | lr 0.006605
2025-10-16 14:18:51,752 | INFO | Iter 4950/5004 | loss 0.0114 | lr 0.006596
2025-10-16 14:19:12,780 | INFO | Iter 5000/5004 | loss 0.0114 | lr 0.006587
2025-10-16 14:20:04,208 | INFO | Epoch 76/90 | Train loss 0.0114 | Val acc@1 73.30 | acc@5 91.63 | LR 0.006587
2025-10-16 14:20:26,703 | INFO | Iter 50/5004 | loss 0.0116 | lr 0.006578
2025-10-16 14:20:47,736 | INFO | Iter 100/5004 | loss 0.0116 | lr 0.006568
2025-10-16 14:21:08,768 | INFO | Iter 150/5004 | loss 0.0116 | lr 0.006559
2025-10-16 14:21:29,800 | INFO | Iter 200/5004 | loss 0.0113 | lr 0.006550
2025-10-16 14:21:50,837 | INFO | Iter 250/5004 | loss 0.0114 | lr 0.006541
2025-10-16 14:22:11,869 | INFO | Iter 300/5004 | loss 0.0113 | lr 0.006532
2025-10-16 14:22:32,902 | INFO | Iter 350/5004 | loss 0.0114 | lr 0.006523
2025-10-16 14:22:53,938 | INFO | Iter 400/5004 | loss 0.0114 | lr 0.006514
2025-10-16 14:23:14,972 | INFO | Iter 450/5004 | loss 0.0114 | lr 0.006505
2025-10-16 14:23:36,004 | INFO | Iter 500/5004 | loss 0.0114 | lr 0.006495
2025-10-16 14:23:57,038 | INFO | Iter 550/5004 | loss 0.0114 | lr 0.006486
2025-10-16 14:24:18,073 | INFO | Iter 600/5004 | loss 0.0114 | lr 0.006477
2025-10-16 14:24:39,108 | INFO | Iter 650/5004 | loss 0.0115 | lr 0.006468
2025-10-16 14:25:00,139 | INFO | Iter 700/5004 | loss 0.0115 | lr 0.006459
2025-10-16 14:25:21,173 | INFO | Iter 750/5004 | loss 0.0115 | lr 0.006450
2025-10-16 14:25:42,207 | INFO | Iter 800/5004 | loss 0.0116 | lr 0.006441
2025-10-16 14:26:03,243 | INFO | Iter 850/5004 | loss 0.0116 | lr 0.006432
2025-10-16 14:26:24,275 | INFO | Iter 900/5004 | loss 0.0116 | lr 0.006423
2025-10-16 14:26:45,311 | INFO | Iter 950/5004 | loss 0.0115 | lr 0.006414
2025-10-16 14:27:06,343 | INFO | Iter 1000/5004 | loss 0.0115 | lr 0.006405
2025-10-16 14:27:27,377 | INFO | Iter 1050/5004 | loss 0.0115 | lr 0.006396
2025-10-16 14:27:48,411 | INFO | Iter 1100/5004 | loss 0.0115 | lr 0.006387
2025-10-16 14:28:09,443 | INFO | Iter 1150/5004 | loss 0.0115 | lr 0.006378
2025-10-16 14:28:30,477 | INFO | Iter 1200/5004 | loss 0.0115 | lr 0.006369
2025-10-16 14:28:51,510 | INFO | Iter 1250/5004 | loss 0.0114 | lr 0.006360
2025-10-16 14:29:12,544 | INFO | Iter 1300/5004 | loss 0.0114 | lr 0.006351
2025-10-16 14:29:33,577 | INFO | Iter 1350/5004 | loss 0.0114 | lr 0.006342
2025-10-16 14:29:54,609 | INFO | Iter 1400/5004 | loss 0.0114 | lr 0.006333
2025-10-16 14:30:15,641 | INFO | Iter 1450/5004 | loss 0.0114 | lr 0.006324
2025-10-16 14:30:36,675 | INFO | Iter 1500/5004 | loss 0.0115 | lr 0.006315
2025-10-16 14:30:57,710 | INFO | Iter 1550/5004 | loss 0.0114 | lr 0.006306
2025-10-16 14:31:18,740 | INFO | Iter 1600/5004 | loss 0.0115 | lr 0.006297
2025-10-16 14:31:39,774 | INFO | Iter 1650/5004 | loss 0.0115 | lr 0.006288
2025-10-16 14:32:00,807 | INFO | Iter 1700/5004 | loss 0.0114 | lr 0.006279
2025-10-16 14:32:21,841 | INFO | Iter 1750/5004 | loss 0.0114 | lr 0.006270
2025-10-16 14:32:42,873 | INFO | Iter 1800/5004 | loss 0.0114 | lr 0.006261
2025-10-16 14:33:03,908 | INFO | Iter 1850/5004 | loss 0.0114 | lr 0.006252
2025-10-16 14:33:24,942 | INFO | Iter 1900/5004 | loss 0.0114 | lr 0.006243
2025-10-16 14:33:45,974 | INFO | Iter 1950/5004 | loss 0.0114 | lr 0.006234
2025-10-16 14:34:07,008 | INFO | Iter 2000/5004 | loss 0.0114 | lr 0.006225
2025-10-16 14:34:28,044 | INFO | Iter 2050/5004 | loss 0.0114 | lr 0.006216
2025-10-16 14:34:49,078 | INFO | Iter 2100/5004 | loss 0.0114 | lr 0.006207
2025-10-16 14:35:10,112 | INFO | Iter 2150/5004 | loss 0.0114 | lr 0.006198
2025-10-16 14:35:31,146 | INFO | Iter 2200/5004 | loss 0.0114 | lr 0.006189
2025-10-16 14:35:52,180 | INFO | Iter 2250/5004 | loss 0.0115 | lr 0.006181
2025-10-16 14:36:13,214 | INFO | Iter 2300/5004 | loss 0.0114 | lr 0.006172
2025-10-16 14:36:34,246 | INFO | Iter 2350/5004 | loss 0.0115 | lr 0.006163
2025-10-16 14:36:55,283 | INFO | Iter 2400/5004 | loss 0.0115 | lr 0.006154
2025-10-16 14:37:16,316 | INFO | Iter 2450/5004 | loss 0.0115 | lr 0.006145
2025-10-16 14:37:37,351 | INFO | Iter 2500/5004 | loss 0.0115 | lr 0.006136
2025-10-16 14:37:58,381 | INFO | Iter 2550/5004 | loss 0.0115 | lr 0.006127
2025-10-16 14:38:19,414 | INFO | Iter 2600/5004 | loss 0.0115 | lr 0.006118
2025-10-16 14:38:40,446 | INFO | Iter 2650/5004 | loss 0.0115 | lr 0.006110
2025-10-16 14:39:01,483 | INFO | Iter 2700/5004 | loss 0.0115 | lr 0.006101
2025-10-16 14:39:22,515 | INFO | Iter 2750/5004 | loss 0.0115 | lr 0.006092
2025-10-16 14:39:43,548 | INFO | Iter 2800/5004 | loss 0.0115 | lr 0.006083
2025-10-16 14:40:04,582 | INFO | Iter 2850/5004 | loss 0.0115 | lr 0.006074
2025-10-16 14:40:25,616 | INFO | Iter 2900/5004 | loss 0.0115 | lr 0.006065
2025-10-16 14:40:46,649 | INFO | Iter 2950/5004 | loss 0.0115 | lr 0.006057
2025-10-16 14:41:07,682 | INFO | Iter 3000/5004 | loss 0.0115 | lr 0.006048
2025-10-16 14:41:28,714 | INFO | Iter 3050/5004 | loss 0.0115 | lr 0.006039
2025-10-16 14:41:49,751 | INFO | Iter 3100/5004 | loss 0.0115 | lr 0.006030
2025-10-16 14:42:10,785 | INFO | Iter 3150/5004 | loss 0.0115 | lr 0.006021
2025-10-16 14:42:31,817 | INFO | Iter 3200/5004 | loss 0.0115 | lr 0.006013
2025-10-16 14:42:52,851 | INFO | Iter 3250/5004 | loss 0.0115 | lr 0.006004
2025-10-16 14:43:13,883 | INFO | Iter 3300/5004 | loss 0.0115 | lr 0.005995
2025-10-16 14:43:34,918 | INFO | Iter 3350/5004 | loss 0.0115 | lr 0.005986
2025-10-16 14:43:55,954 | INFO | Iter 3400/5004 | loss 0.0115 | lr 0.005978
2025-10-16 14:44:16,988 | INFO | Iter 3450/5004 | loss 0.0115 | lr 0.005969
2025-10-16 14:44:38,020 | INFO | Iter 3500/5004 | loss 0.0115 | lr 0.005960
2025-10-16 14:44:59,055 | INFO | Iter 3550/5004 | loss 0.0115 | lr 0.005951
2025-10-16 14:45:20,087 | INFO | Iter 3600/5004 | loss 0.0115 | lr 0.005943
2025-10-16 14:45:41,120 | INFO | Iter 3650/5004 | loss 0.0115 | lr 0.005934
2025-10-16 14:46:02,155 | INFO | Iter 3700/5004 | loss 0.0115 | lr 0.005925
2025-10-16 14:46:23,188 | INFO | Iter 3750/5004 | loss 0.0115 | lr 0.005916
2025-10-16 14:46:44,224 | INFO | Iter 3800/5004 | loss 0.0115 | lr 0.005908
2025-10-16 14:47:05,259 | INFO | Iter 3850/5004 | loss 0.0115 | lr 0.005899
2025-10-16 14:47:26,294 | INFO | Iter 3900/5004 | loss 0.0115 | lr 0.005890
2025-10-16 14:47:47,325 | INFO | Iter 3950/5004 | loss 0.0115 | lr 0.005882
2025-10-16 14:48:08,359 | INFO | Iter 4000/5004 | loss 0.0115 | lr 0.005873
2025-10-16 14:48:29,392 | INFO | Iter 4050/5004 | loss 0.0115 | lr 0.005864
2025-10-16 14:48:50,426 | INFO | Iter 4100/5004 | loss 0.0115 | lr 0.005856
2025-10-16 14:49:11,456 | INFO | Iter 4150/5004 | loss 0.0115 | lr 0.005847
2025-10-16 14:49:32,489 | INFO | Iter 4200/5004 | loss 0.0115 | lr 0.005838
2025-10-16 14:49:53,523 | INFO | Iter 4250/5004 | loss 0.0115 | lr 0.005830
2025-10-16 14:50:14,557 | INFO | Iter 4300/5004 | loss 0.0115 | lr 0.005821
2025-10-16 14:50:35,590 | INFO | Iter 4350/5004 | loss 0.0115 | lr 0.005812
2025-10-16 14:50:56,627 | INFO | Iter 4400/5004 | loss 0.0115 | lr 0.005804
2025-10-16 14:51:17,662 | INFO | Iter 4450/5004 | loss 0.0115 | lr 0.005795
2025-10-16 14:51:38,696 | INFO | Iter 4500/5004 | loss 0.0115 | lr 0.005786
2025-10-16 14:51:59,728 | INFO | Iter 4550/5004 | loss 0.0115 | lr 0.005778
2025-10-16 14:52:20,757 | INFO | Iter 4600/5004 | loss 0.0115 | lr 0.005769
2025-10-16 14:52:41,790 | INFO | Iter 4650/5004 | loss 0.0115 | lr 0.005761
2025-10-16 14:53:02,826 | INFO | Iter 4700/5004 | loss 0.0115 | lr 0.005752
2025-10-16 14:53:23,860 | INFO | Iter 4750/5004 | loss 0.0115 | lr 0.005743
2025-10-16 14:53:44,889 | INFO | Iter 4800/5004 | loss 0.0115 | lr 0.005735
2025-10-16 14:54:05,922 | INFO | Iter 4850/5004 | loss 0.0115 | lr 0.005726
2025-10-16 14:54:26,960 | INFO | Iter 4900/5004 | loss 0.0115 | lr 0.005718
2025-10-16 14:54:47,990 | INFO | Iter 4950/5004 | loss 0.0115 | lr 0.005709
2025-10-16 14:55:09,011 | INFO | Iter 5000/5004 | loss 0.0115 | lr 0.005701
2025-10-16 14:55:57,773 | INFO | Epoch 77/90 | Train loss 0.0115 | Val acc@1 72.97 | acc@5 91.63 | LR 0.005701
2025-10-16 14:56:20,862 | INFO | Iter 50/5004 | loss 0.0113 | lr 0.005692
2025-10-16 14:56:41,894 | INFO | Iter 100/5004 | loss 0.0116 | lr 0.005683
2025-10-16 14:57:02,928 | INFO | Iter 150/5004 | loss 0.0115 | lr 0.005675
2025-10-16 14:57:23,961 | INFO | Iter 200/5004 | loss 0.0115 | lr 0.005666
2025-10-16 14:57:44,997 | INFO | Iter 250/5004 | loss 0.0114 | lr 0.005658
2025-10-16 14:58:06,033 | INFO | Iter 300/5004 | loss 0.0113 | lr 0.005649
2025-10-16 14:58:27,068 | INFO | Iter 350/5004 | loss 0.0113 | lr 0.005641
2025-10-16 14:58:48,101 | INFO | Iter 400/5004 | loss 0.0114 | lr 0.005632
2025-10-16 14:59:09,135 | INFO | Iter 450/5004 | loss 0.0113 | lr 0.005624
2025-10-16 14:59:30,171 | INFO | Iter 500/5004 | loss 0.0113 | lr 0.005615
2025-10-16 14:59:51,206 | INFO | Iter 550/5004 | loss 0.0113 | lr 0.005607
2025-10-16 15:00:12,238 | INFO | Iter 600/5004 | loss 0.0113 | lr 0.005598
2025-10-16 15:00:33,272 | INFO | Iter 650/5004 | loss 0.0112 | lr 0.005590
2025-10-16 15:00:54,309 | INFO | Iter 700/5004 | loss 0.0112 | lr 0.005581
2025-10-16 15:01:15,346 | INFO | Iter 750/5004 | loss 0.0112 | lr 0.005573
2025-10-16 15:01:36,381 | INFO | Iter 800/5004 | loss 0.0112 | lr 0.005564
2025-10-16 15:01:57,414 | INFO | Iter 850/5004 | loss 0.0113 | lr 0.005556
2025-10-16 15:02:18,448 | INFO | Iter 900/5004 | loss 0.0112 | lr 0.005547
2025-10-16 15:02:39,484 | INFO | Iter 950/5004 | loss 0.0112 | lr 0.005539
2025-10-16 15:03:00,519 | INFO | Iter 1000/5004 | loss 0.0112 | lr 0.005531
2025-10-16 15:03:21,555 | INFO | Iter 1050/5004 | loss 0.0112 | lr 0.005522
2025-10-16 15:03:42,590 | INFO | Iter 1100/5004 | loss 0.0112 | lr 0.005514
2025-10-16 15:04:03,622 | INFO | Iter 1150/5004 | loss 0.0113 | lr 0.005505
2025-10-16 15:04:24,656 | INFO | Iter 1200/5004 | loss 0.0113 | lr 0.005497
2025-10-16 15:04:45,691 | INFO | Iter 1250/5004 | loss 0.0113 | lr 0.005488
2025-10-16 15:05:06,729 | INFO | Iter 1300/5004 | loss 0.0113 | lr 0.005480
2025-10-16 15:05:27,765 | INFO | Iter 1350/5004 | loss 0.0113 | lr 0.005472
2025-10-16 15:05:48,802 | INFO | Iter 1400/5004 | loss 0.0113 | lr 0.005463
2025-10-16 15:06:09,837 | INFO | Iter 1450/5004 | loss 0.0113 | lr 0.005455
2025-10-16 15:06:30,870 | INFO | Iter 1500/5004 | loss 0.0113 | lr 0.005446
2025-10-16 15:06:51,907 | INFO | Iter 1550/5004 | loss 0.0113 | lr 0.005438
2025-10-16 15:07:12,944 | INFO | Iter 1600/5004 | loss 0.0113 | lr 0.005430
2025-10-16 15:07:33,981 | INFO | Iter 1650/5004 | loss 0.0113 | lr 0.005421
2025-10-16 15:07:55,016 | INFO | Iter 1700/5004 | loss 0.0113 | lr 0.005413
2025-10-16 15:08:16,051 | INFO | Iter 1750/5004 | loss 0.0113 | lr 0.005405
2025-10-16 15:08:37,087 | INFO | Iter 1800/5004 | loss 0.0113 | lr 0.005396
2025-10-16 15:08:58,124 | INFO | Iter 1850/5004 | loss 0.0113 | lr 0.005388
2025-10-16 15:09:19,158 | INFO | Iter 1900/5004 | loss 0.0113 | lr 0.005380
2025-10-16 15:09:40,196 | INFO | Iter 1950/5004 | loss 0.0114 | lr 0.005371
2025-10-16 15:10:01,227 | INFO | Iter 2000/5004 | loss 0.0113 | lr 0.005363
2025-10-16 15:10:22,260 | INFO | Iter 2050/5004 | loss 0.0113 | lr 0.005355
2025-10-16 15:10:43,299 | INFO | Iter 2100/5004 | loss 0.0113 | lr 0.005346
2025-10-16 15:11:04,333 | INFO | Iter 2150/5004 | loss 0.0113 | lr 0.005338
2025-10-16 15:11:25,369 | INFO | Iter 2200/5004 | loss 0.0113 | lr 0.005330
2025-10-16 15:11:46,404 | INFO | Iter 2250/5004 | loss 0.0113 | lr 0.005321
2025-10-16 15:12:07,437 | INFO | Iter 2300/5004 | loss 0.0113 | lr 0.005313
2025-10-16 15:12:28,473 | INFO | Iter 2350/5004 | loss 0.0113 | lr 0.005305
2025-10-16 15:12:49,507 | INFO | Iter 2400/5004 | loss 0.0113 | lr 0.005297
2025-10-16 15:13:10,544 | INFO | Iter 2450/5004 | loss 0.0113 | lr 0.005288
2025-10-16 15:13:31,581 | INFO | Iter 2500/5004 | loss 0.0113 | lr 0.005280
2025-10-16 15:13:52,616 | INFO | Iter 2550/5004 | loss 0.0113 | lr 0.005272
2025-10-16 15:14:13,651 | INFO | Iter 2600/5004 | loss 0.0113 | lr 0.005264
2025-10-16 15:14:34,688 | INFO | Iter 2650/5004 | loss 0.0113 | lr 0.005255
2025-10-16 15:14:55,722 | INFO | Iter 2700/5004 | loss 0.0113 | lr 0.005247
2025-10-16 15:15:16,759 | INFO | Iter 2750/5004 | loss 0.0112 | lr 0.005239
2025-10-16 15:15:37,793 | INFO | Iter 2800/5004 | loss 0.0112 | lr 0.005231
2025-10-16 15:15:58,827 | INFO | Iter 2850/5004 | loss 0.0112 | lr 0.005222
2025-10-16 15:16:19,864 | INFO | Iter 2900/5004 | loss 0.0112 | lr 0.005214
2025-10-16 15:16:40,899 | INFO | Iter 2950/5004 | loss 0.0112 | lr 0.005206
2025-10-16 15:17:01,933 | INFO | Iter 3000/5004 | loss 0.0112 | lr 0.005198
2025-10-16 15:17:22,967 | INFO | Iter 3050/5004 | loss 0.0112 | lr 0.005190
2025-10-16 15:17:44,002 | INFO | Iter 3100/5004 | loss 0.0112 | lr 0.005181
2025-10-16 15:18:05,036 | INFO | Iter 3150/5004 | loss 0.0112 | lr 0.005173
2025-10-16 15:18:26,072 | INFO | Iter 3200/5004 | loss 0.0113 | lr 0.005165
2025-10-16 15:18:47,107 | INFO | Iter 3250/5004 | loss 0.0113 | lr 0.005157
2025-10-16 15:19:08,140 | INFO | Iter 3300/5004 | loss 0.0112 | lr 0.005149
2025-10-16 15:19:29,174 | INFO | Iter 3350/5004 | loss 0.0112 | lr 0.005141
2025-10-16 15:19:50,209 | INFO | Iter 3400/5004 | loss 0.0112 | lr 0.005132
2025-10-16 15:20:11,245 | INFO | Iter 3450/5004 | loss 0.0112 | lr 0.005124
2025-10-16 15:20:32,279 | INFO | Iter 3500/5004 | loss 0.0112 | lr 0.005116
2025-10-16 15:20:53,313 | INFO | Iter 3550/5004 | loss 0.0112 | lr 0.005108
2025-10-16 15:21:14,349 | INFO | Iter 3600/5004 | loss 0.0112 | lr 0.005100
2025-10-16 15:21:35,383 | INFO | Iter 3650/5004 | loss 0.0112 | lr 0.005092
2025-10-16 15:21:56,417 | INFO | Iter 3700/5004 | loss 0.0112 | lr 0.005084
2025-10-16 15:22:17,453 | INFO | Iter 3750/5004 | loss 0.0112 | lr 0.005076
2025-10-16 15:22:38,490 | INFO | Iter 3800/5004 | loss 0.0112 | lr 0.005067
2025-10-16 15:22:59,526 | INFO | Iter 3850/5004 | loss 0.0112 | lr 0.005059
2025-10-16 15:23:20,560 | INFO | Iter 3900/5004 | loss 0.0112 | lr 0.005051
2025-10-16 15:23:41,593 | INFO | Iter 3950/5004 | loss 0.0112 | lr 0.005043
2025-10-16 15:24:02,628 | INFO | Iter 4000/5004 | loss 0.0112 | lr 0.005035
2025-10-16 15:24:23,660 | INFO | Iter 4050/5004 | loss 0.0112 | lr 0.005027
2025-10-16 15:24:44,692 | INFO | Iter 4100/5004 | loss 0.0112 | lr 0.005019
2025-10-16 15:25:05,729 | INFO | Iter 4150/5004 | loss 0.0112 | lr 0.005011
2025-10-16 15:25:26,765 | INFO | Iter 4200/5004 | loss 0.0112 | lr 0.005003
2025-10-16 15:25:47,799 | INFO | Iter 4250/5004 | loss 0.0112 | lr 0.004995
2025-10-16 15:26:08,836 | INFO | Iter 4300/5004 | loss 0.0112 | lr 0.004987
2025-10-16 15:26:29,870 | INFO | Iter 4350/5004 | loss 0.0112 | lr 0.004979
2025-10-16 15:26:50,907 | INFO | Iter 4400/5004 | loss 0.0112 | lr 0.004971
2025-10-16 15:27:11,942 | INFO | Iter 4450/5004 | loss 0.0112 | lr 0.004963
2025-10-16 15:27:32,980 | INFO | Iter 4500/5004 | loss 0.0112 | lr 0.004955
2025-10-16 15:27:54,014 | INFO | Iter 4550/5004 | loss 0.0112 | lr 0.004947
2025-10-16 15:28:15,049 | INFO | Iter 4600/5004 | loss 0.0112 | lr 0.004939
2025-10-16 15:28:36,084 | INFO | Iter 4650/5004 | loss 0.0112 | lr 0.004931
2025-10-16 15:28:57,117 | INFO | Iter 4700/5004 | loss 0.0112 | lr 0.004923
2025-10-16 15:29:18,151 | INFO | Iter 4750/5004 | loss 0.0112 | lr 0.004915
2025-10-16 15:29:39,190 | INFO | Iter 4800/5004 | loss 0.0112 | lr 0.004907
2025-10-16 15:30:00,222 | INFO | Iter 4850/5004 | loss 0.0112 | lr 0.004899
2025-10-16 15:30:21,256 | INFO | Iter 4900/5004 | loss 0.0112 | lr 0.004891
2025-10-16 15:30:42,289 | INFO | Iter 4950/5004 | loss 0.0112 | lr 0.004883
2025-10-16 15:31:03,311 | INFO | Iter 5000/5004 | loss 0.0112 | lr 0.004875
2025-10-16 15:31:55,504 | INFO | Epoch 78/90 | Train loss 0.0112 | Val acc@1 73.99 | acc@5 91.97 | LR 0.004875
2025-10-16 15:32:18,617 | INFO | Iter 50/5004 | loss 0.0108 | lr 0.004867
2025-10-16 15:32:39,650 | INFO | Iter 100/5004 | loss 0.0110 | lr 0.004859
2025-10-16 15:33:00,680 | INFO | Iter 150/5004 | loss 0.0109 | lr 0.004851
2025-10-16 15:33:21,712 | INFO | Iter 200/5004 | loss 0.0110 | lr 0.004843
2025-10-16 15:33:42,748 | INFO | Iter 250/5004 | loss 0.0112 | lr 0.004835
2025-10-16 15:34:03,780 | INFO | Iter 300/5004 | loss 0.0112 | lr 0.004827
2025-10-16 15:34:24,814 | INFO | Iter 350/5004 | loss 0.0111 | lr 0.004819
2025-10-16 15:34:45,850 | INFO | Iter 400/5004 | loss 0.0111 | lr 0.004811
2025-10-16 15:35:06,885 | INFO | Iter 450/5004 | loss 0.0112 | lr 0.004803
2025-10-16 15:35:27,920 | INFO | Iter 500/5004 | loss 0.0112 | lr 0.004796
2025-10-16 15:35:48,957 | INFO | Iter 550/5004 | loss 0.0112 | lr 0.004788
2025-10-16 15:36:09,995 | INFO | Iter 600/5004 | loss 0.0112 | lr 0.004780
2025-10-16 15:36:31,032 | INFO | Iter 650/5004 | loss 0.0112 | lr 0.004772
2025-10-16 15:36:52,066 | INFO | Iter 700/5004 | loss 0.0112 | lr 0.004764
2025-10-16 15:37:13,103 | INFO | Iter 750/5004 | loss 0.0113 | lr 0.004756
2025-10-16 15:37:34,140 | INFO | Iter 800/5004 | loss 0.0113 | lr 0.004748
2025-10-16 15:37:55,177 | INFO | Iter 850/5004 | loss 0.0113 | lr 0.004740
2025-10-16 15:38:16,212 | INFO | Iter 900/5004 | loss 0.0112 | lr 0.004733
2025-10-16 15:38:37,249 | INFO | Iter 950/5004 | loss 0.0112 | lr 0.004725
2025-10-16 15:38:58,283 | INFO | Iter 1000/5004 | loss 0.0112 | lr 0.004717
2025-10-16 15:39:19,318 | INFO | Iter 1050/5004 | loss 0.0112 | lr 0.004709
2025-10-16 15:39:40,353 | INFO | Iter 1100/5004 | loss 0.0113 | lr 0.004701
2025-10-16 15:40:01,384 | INFO | Iter 1150/5004 | loss 0.0112 | lr 0.004694
2025-10-16 15:40:22,418 | INFO | Iter 1200/5004 | loss 0.0113 | lr 0.004686
2025-10-16 15:40:43,452 | INFO | Iter 1250/5004 | loss 0.0113 | lr 0.004678
2025-10-16 15:41:04,490 | INFO | Iter 1300/5004 | loss 0.0112 | lr 0.004670
2025-10-16 15:41:25,524 | INFO | Iter 1350/5004 | loss 0.0112 | lr 0.004662
2025-10-16 15:41:46,558 | INFO | Iter 1400/5004 | loss 0.0112 | lr 0.004655
2025-10-16 15:42:07,594 | INFO | Iter 1450/5004 | loss 0.0112 | lr 0.004647
2025-10-16 15:42:28,629 | INFO | Iter 1500/5004 | loss 0.0112 | lr 0.004639
2025-10-16 15:42:49,666 | INFO | Iter 1550/5004 | loss 0.0112 | lr 0.004631
2025-10-16 15:43:10,702 | INFO | Iter 1600/5004 | loss 0.0112 | lr 0.004623
2025-10-16 15:43:31,736 | INFO | Iter 1650/5004 | loss 0.0112 | lr 0.004616
2025-10-16 15:43:52,772 | INFO | Iter 1700/5004 | loss 0.0112 | lr 0.004608
2025-10-16 15:44:13,806 | INFO | Iter 1750/5004 | loss 0.0112 | lr 0.004600
2025-10-16 15:44:34,842 | INFO | Iter 1800/5004 | loss 0.0112 | lr 0.004593
2025-10-16 15:44:55,876 | INFO | Iter 1850/5004 | loss 0.0112 | lr 0.004585
2025-10-16 15:45:16,910 | INFO | Iter 1900/5004 | loss 0.0112 | lr 0.004577
2025-10-16 15:45:37,943 | INFO | Iter 1950/5004 | loss 0.0112 | lr 0.004569
2025-10-16 15:45:58,979 | INFO | Iter 2000/5004 | loss 0.0112 | lr 0.004562
2025-10-16 15:46:20,012 | INFO | Iter 2050/5004 | loss 0.0112 | lr 0.004554
2025-10-16 15:46:41,048 | INFO | Iter 2100/5004 | loss 0.0112 | lr 0.004546
2025-10-16 15:47:02,081 | INFO | Iter 2150/5004 | loss 0.0112 | lr 0.004539
2025-10-16 15:47:23,114 | INFO | Iter 2200/5004 | loss 0.0112 | lr 0.004531
2025-10-16 15:47:44,151 | INFO | Iter 2250/5004 | loss 0.0112 | lr 0.004523
2025-10-16 15:48:05,186 | INFO | Iter 2300/5004 | loss 0.0112 | lr 0.004516
2025-10-16 15:48:26,222 | INFO | Iter 2350/5004 | loss 0.0112 | lr 0.004508
2025-10-16 15:48:47,254 | INFO | Iter 2400/5004 | loss 0.0112 | lr 0.004500
2025-10-16 15:49:08,289 | INFO | Iter 2450/5004 | loss 0.0112 | lr 0.004493
2025-10-16 15:49:29,325 | INFO | Iter 2500/5004 | loss 0.0112 | lr 0.004485
2025-10-16 15:49:50,360 | INFO | Iter 2550/5004 | loss 0.0112 | lr 0.004477
2025-10-16 15:50:11,396 | INFO | Iter 2600/5004 | loss 0.0112 | lr 0.004470
2025-10-16 15:50:32,428 | INFO | Iter 2650/5004 | loss 0.0112 | lr 0.004462
2025-10-16 15:50:53,462 | INFO | Iter 2700/5004 | loss 0.0111 | lr 0.004454
2025-10-16 15:51:14,497 | INFO | Iter 2750/5004 | loss 0.0111 | lr 0.004447
2025-10-16 15:51:35,531 | INFO | Iter 2800/5004 | loss 0.0111 | lr 0.004439
2025-10-16 15:51:56,564 | INFO | Iter 2850/5004 | loss 0.0111 | lr 0.004432
2025-10-16 15:52:17,599 | INFO | Iter 2900/5004 | loss 0.0112 | lr 0.004424
2025-10-16 15:52:38,632 | INFO | Iter 2950/5004 | loss 0.0111 | lr 0.004416
2025-10-16 15:52:59,667 | INFO | Iter 3000/5004 | loss 0.0111 | lr 0.004409
2025-10-16 15:53:20,707 | INFO | Iter 3050/5004 | loss 0.0111 | lr 0.004401
2025-10-16 15:53:41,739 | INFO | Iter 3100/5004 | loss 0.0111 | lr 0.004394
2025-10-16 15:54:02,775 | INFO | Iter 3150/5004 | loss 0.0111 | lr 0.004386
2025-10-16 15:54:23,812 | INFO | Iter 3200/5004 | loss 0.0111 | lr 0.004379
2025-10-16 15:54:44,846 | INFO | Iter 3250/5004 | loss 0.0111 | lr 0.004371
2025-10-16 15:55:05,882 | INFO | Iter 3300/5004 | loss 0.0111 | lr 0.004363
2025-10-16 15:55:26,920 | INFO | Iter 3350/5004 | loss 0.0111 | lr 0.004356
2025-10-16 15:55:47,955 | INFO | Iter 3400/5004 | loss 0.0111 | lr 0.004348
2025-10-16 15:56:08,989 | INFO | Iter 3450/5004 | loss 0.0111 | lr 0.004341
2025-10-16 15:56:30,023 | INFO | Iter 3500/5004 | loss 0.0111 | lr 0.004333
2025-10-16 15:56:51,057 | INFO | Iter 3550/5004 | loss 0.0111 | lr 0.004326
2025-10-16 15:57:12,091 | INFO | Iter 3600/5004 | loss 0.0111 | lr 0.004318
2025-10-16 15:57:33,126 | INFO | Iter 3650/5004 | loss 0.0111 | lr 0.004311
2025-10-16 15:57:54,160 | INFO | Iter 3700/5004 | loss 0.0111 | lr 0.004303
2025-10-16 15:58:15,197 | INFO | Iter 3750/5004 | loss 0.0111 | lr 0.004296
2025-10-16 15:58:36,230 | INFO | Iter 3800/5004 | loss 0.0111 | lr 0.004288
2025-10-16 15:58:57,264 | INFO | Iter 3850/5004 | loss 0.0111 | lr 0.004281
2025-10-16 15:59:18,299 | INFO | Iter 3900/5004 | loss 0.0111 | lr 0.004273
2025-10-16 15:59:39,334 | INFO | Iter 3950/5004 | loss 0.0111 | lr 0.004266
2025-10-16 16:00:00,366 | INFO | Iter 4000/5004 | loss 0.0111 | lr 0.004258
2025-10-16 16:00:21,398 | INFO | Iter 4050/5004 | loss 0.0111 | lr 0.004251
2025-10-16 16:00:42,432 | INFO | Iter 4100/5004 | loss 0.0111 | lr 0.004244
2025-10-16 16:01:03,466 | INFO | Iter 4150/5004 | loss 0.0111 | lr 0.004236
2025-10-16 16:01:24,502 | INFO | Iter 4200/5004 | loss 0.0111 | lr 0.004229
2025-10-16 16:01:45,534 | INFO | Iter 4250/5004 | loss 0.0111 | lr 0.004221
2025-10-16 16:02:06,569 | INFO | Iter 4300/5004 | loss 0.0111 | lr 0.004214
2025-10-16 16:02:27,606 | INFO | Iter 4350/5004 | loss 0.0111 | lr 0.004206
2025-10-16 16:02:48,639 | INFO | Iter 4400/5004 | loss 0.0111 | lr 0.004199
2025-10-16 16:03:09,677 | INFO | Iter 4450/5004 | loss 0.0111 | lr 0.004192
2025-10-16 16:03:30,712 | INFO | Iter 4500/5004 | loss 0.0111 | lr 0.004184
2025-10-16 16:03:51,746 | INFO | Iter 4550/5004 | loss 0.0111 | lr 0.004177
2025-10-16 16:04:12,778 | INFO | Iter 4600/5004 | loss 0.0111 | lr 0.004169
2025-10-16 16:04:33,813 | INFO | Iter 4650/5004 | loss 0.0111 | lr 0.004162
2025-10-16 16:04:54,848 | INFO | Iter 4700/5004 | loss 0.0111 | lr 0.004155
2025-10-16 16:05:15,882 | INFO | Iter 4750/5004 | loss 0.0111 | lr 0.004147
2025-10-16 16:05:36,910 | INFO | Iter 4800/5004 | loss 0.0111 | lr 0.004140
2025-10-16 16:05:57,944 | INFO | Iter 4850/5004 | loss 0.0111 | lr 0.004133
2025-10-16 16:06:18,982 | INFO | Iter 4900/5004 | loss 0.0111 | lr 0.004125
2025-10-16 16:06:40,013 | INFO | Iter 4950/5004 | loss 0.0111 | lr 0.004118
2025-10-16 16:07:01,039 | INFO | Iter 5000/5004 | loss 0.0111 | lr 0.004111
2025-10-16 16:07:51,596 | INFO | Epoch 79/90 | Train loss 0.0111 | Val acc@1 74.34 | acc@5 92.31 | LR 0.004111
2025-10-16 16:08:14,786 | INFO | Iter 50/5004 | loss 0.0110 | lr 0.004103
2025-10-16 16:08:35,818 | INFO | Iter 100/5004 | loss 0.0110 | lr 0.004096
2025-10-16 16:08:56,850 | INFO | Iter 150/5004 | loss 0.0111 | lr 0.004089
2025-10-16 16:09:17,883 | INFO | Iter 200/5004 | loss 0.0111 | lr 0.004081
2025-10-16 16:09:38,917 | INFO | Iter 250/5004 | loss 0.0111 | lr 0.004074
2025-10-16 16:09:59,950 | INFO | Iter 300/5004 | loss 0.0111 | lr 0.004067
2025-10-16 16:10:20,986 | INFO | Iter 350/5004 | loss 0.0112 | lr 0.004059
2025-10-16 16:10:42,022 | INFO | Iter 400/5004 | loss 0.0111 | lr 0.004052
2025-10-16 16:11:03,058 | INFO | Iter 450/5004 | loss 0.0111 | lr 0.004045
2025-10-16 16:11:24,094 | INFO | Iter 500/5004 | loss 0.0111 | lr 0.004038
2025-10-16 16:11:45,130 | INFO | Iter 550/5004 | loss 0.0110 | lr 0.004030
2025-10-16 16:12:06,168 | INFO | Iter 600/5004 | loss 0.0110 | lr 0.004023
2025-10-16 16:12:27,204 | INFO | Iter 650/5004 | loss 0.0110 | lr 0.004016
2025-10-16 16:12:48,240 | INFO | Iter 700/5004 | loss 0.0111 | lr 0.004009
2025-10-16 16:13:09,274 | INFO | Iter 750/5004 | loss 0.0111 | lr 0.004001
2025-10-16 16:13:30,310 | INFO | Iter 800/5004 | loss 0.0111 | lr 0.003994
2025-10-16 16:13:51,347 | INFO | Iter 850/5004 | loss 0.0111 | lr 0.003987
2025-10-16 16:14:12,384 | INFO | Iter 900/5004 | loss 0.0111 | lr 0.003980
2025-10-16 16:14:33,418 | INFO | Iter 950/5004 | loss 0.0111 | lr 0.003972
2025-10-16 16:14:54,453 | INFO | Iter 1000/5004 | loss 0.0110 | lr 0.003965
2025-10-16 16:15:15,490 | INFO | Iter 1050/5004 | loss 0.0111 | lr 0.003958
2025-10-16 16:15:36,526 | INFO | Iter 1100/5004 | loss 0.0111 | lr 0.003951
2025-10-16 16:15:57,560 | INFO | Iter 1150/5004 | loss 0.0111 | lr 0.003944
2025-10-16 16:16:18,595 | INFO | Iter 1200/5004 | loss 0.0111 | lr 0.003936
2025-10-16 16:16:39,632 | INFO | Iter 1250/5004 | loss 0.0111 | lr 0.003929
2025-10-16 16:17:00,666 | INFO | Iter 1300/5004 | loss 0.0112 | lr 0.003922
2025-10-16 16:17:21,702 | INFO | Iter 1350/5004 | loss 0.0111 | lr 0.003915
2025-10-16 16:17:42,736 | INFO | Iter 1400/5004 | loss 0.0111 | lr 0.003908
2025-10-16 16:18:03,769 | INFO | Iter 1450/5004 | loss 0.0111 | lr 0.003901
2025-10-16 16:18:24,804 | INFO | Iter 1500/5004 | loss 0.0111 | lr 0.003893
2025-10-16 16:18:45,838 | INFO | Iter 1550/5004 | loss 0.0111 | lr 0.003886
2025-10-16 16:19:06,872 | INFO | Iter 1600/5004 | loss 0.0111 | lr 0.003879
2025-10-16 16:19:27,909 | INFO | Iter 1650/5004 | loss 0.0111 | lr 0.003872
2025-10-16 16:19:48,944 | INFO | Iter 1700/5004 | loss 0.0111 | lr 0.003865
2025-10-16 16:20:09,980 | INFO | Iter 1750/5004 | loss 0.0111 | lr 0.003858
2025-10-16 16:20:31,017 | INFO | Iter 1800/5004 | loss 0.0111 | lr 0.003851
2025-10-16 16:20:52,054 | INFO | Iter 1850/5004 | loss 0.0111 | lr 0.003844
2025-10-16 16:21:13,087 | INFO | Iter 1900/5004 | loss 0.0111 | lr 0.003837
2025-10-16 16:21:34,121 | INFO | Iter 1950/5004 | loss 0.0111 | lr 0.003829
2025-10-16 16:21:55,157 | INFO | Iter 2000/5004 | loss 0.0111 | lr 0.003822
2025-10-16 16:22:16,192 | INFO | Iter 2050/5004 | loss 0.0111 | lr 0.003815
2025-10-16 16:22:37,225 | INFO | Iter 2100/5004 | loss 0.0111 | lr 0.003808
2025-10-16 16:22:58,258 | INFO | Iter 2150/5004 | loss 0.0111 | lr 0.003801
2025-10-16 16:23:19,298 | INFO | Iter 2200/5004 | loss 0.0111 | lr 0.003794
2025-10-16 16:23:40,333 | INFO | Iter 2250/5004 | loss 0.0111 | lr 0.003787
2025-10-16 16:24:01,368 | INFO | Iter 2300/5004 | loss 0.0111 | lr 0.003780
2025-10-16 16:24:22,398 | INFO | Iter 2350/5004 | loss 0.0111 | lr 0.003773
2025-10-16 16:24:43,434 | INFO | Iter 2400/5004 | loss 0.0111 | lr 0.003766
2025-10-16 16:25:04,468 | INFO | Iter 2450/5004 | loss 0.0111 | lr 0.003759
2025-10-16 16:25:25,503 | INFO | Iter 2500/5004 | loss 0.0111 | lr 0.003752
2025-10-16 16:25:46,540 | INFO | Iter 2550/5004 | loss 0.0111 | lr 0.003745
2025-10-16 16:26:07,574 | INFO | Iter 2600/5004 | loss 0.0111 | lr 0.003738
2025-10-16 16:26:28,609 | INFO | Iter 2650/5004 | loss 0.0111 | lr 0.003731
2025-10-16 16:26:49,643 | INFO | Iter 2700/5004 | loss 0.0111 | lr 0.003724
2025-10-16 16:27:10,680 | INFO | Iter 2750/5004 | loss 0.0111 | lr 0.003717
2025-10-16 16:27:31,713 | INFO | Iter 2800/5004 | loss 0.0111 | lr 0.003710
2025-10-16 16:27:52,747 | INFO | Iter 2850/5004 | loss 0.0111 | lr 0.003703
2025-10-16 16:28:13,781 | INFO | Iter 2900/5004 | loss 0.0111 | lr 0.003696
2025-10-16 16:28:34,813 | INFO | Iter 2950/5004 | loss 0.0111 | lr 0.003689
2025-10-16 16:28:55,847 | INFO | Iter 3000/5004 | loss 0.0111 | lr 0.003682
2025-10-16 16:29:16,880 | INFO | Iter 3050/5004 | loss 0.0111 | lr 0.003675
2025-10-16 16:29:37,913 | INFO | Iter 3100/5004 | loss 0.0111 | lr 0.003668
2025-10-16 16:29:58,946 | INFO | Iter 3150/5004 | loss 0.0111 | lr 0.003661
2025-10-16 16:30:19,982 | INFO | Iter 3200/5004 | loss 0.0111 | lr 0.003654
2025-10-16 16:30:41,017 | INFO | Iter 3250/5004 | loss 0.0111 | lr 0.003647
2025-10-16 16:31:02,051 | INFO | Iter 3300/5004 | loss 0.0111 | lr 0.003640
2025-10-16 16:31:23,086 | INFO | Iter 3350/5004 | loss 0.0111 | lr 0.003633
2025-10-16 16:31:44,123 | INFO | Iter 3400/5004 | loss 0.0111 | lr 0.003627
2025-10-16 16:32:05,158 | INFO | Iter 3450/5004 | loss 0.0111 | lr 0.003620
2025-10-16 16:32:26,193 | INFO | Iter 3500/5004 | loss 0.0111 | lr 0.003613
2025-10-16 16:32:47,227 | INFO | Iter 3550/5004 | loss 0.0111 | lr 0.003606
2025-10-16 16:33:08,262 | INFO | Iter 3600/5004 | loss 0.0111 | lr 0.003599
2025-10-16 16:33:29,296 | INFO | Iter 3650/5004 | loss 0.0111 | lr 0.003592
2025-10-16 16:33:50,331 | INFO | Iter 3700/5004 | loss 0.0111 | lr 0.003585
2025-10-16 16:34:11,364 | INFO | Iter 3750/5004 | loss 0.0111 | lr 0.003578
2025-10-16 16:34:32,398 | INFO | Iter 3800/5004 | loss 0.0111 | lr 0.003572
2025-10-16 16:34:53,436 | INFO | Iter 3850/5004 | loss 0.0111 | lr 0.003565
2025-10-16 16:35:14,474 | INFO | Iter 3900/5004 | loss 0.0111 | lr 0.003558
2025-10-16 16:35:35,509 | INFO | Iter 3950/5004 | loss 0.0111 | lr 0.003551
2025-10-16 16:35:56,547 | INFO | Iter 4000/5004 | loss 0.0111 | lr 0.003544
2025-10-16 16:36:17,583 | INFO | Iter 4050/5004 | loss 0.0111 | lr 0.003537
2025-10-16 16:36:38,618 | INFO | Iter 4100/5004 | loss 0.0111 | lr 0.003531
2025-10-16 16:36:59,654 | INFO | Iter 4150/5004 | loss 0.0111 | lr 0.003524
2025-10-16 16:37:20,687 | INFO | Iter 4200/5004 | loss 0.0111 | lr 0.003517
2025-10-16 16:37:41,721 | INFO | Iter 4250/5004 | loss 0.0111 | lr 0.003510
2025-10-16 16:38:02,756 | INFO | Iter 4300/5004 | loss 0.0111 | lr 0.003503
2025-10-16 16:38:23,794 | INFO | Iter 4350/5004 | loss 0.0111 | lr 0.003497
2025-10-16 16:38:44,829 | INFO | Iter 4400/5004 | loss 0.0111 | lr 0.003490
2025-10-16 16:39:05,865 | INFO | Iter 4450/5004 | loss 0.0111 | lr 0.003483
2025-10-16 16:39:26,898 | INFO | Iter 4500/5004 | loss 0.0111 | lr 0.003476
2025-10-16 16:39:47,934 | INFO | Iter 4550/5004 | loss 0.0111 | lr 0.003469
2025-10-16 16:40:08,968 | INFO | Iter 4600/5004 | loss 0.0111 | lr 0.003463
2025-10-16 16:40:30,002 | INFO | Iter 4650/5004 | loss 0.0111 | lr 0.003456
2025-10-16 16:40:51,038 | INFO | Iter 4700/5004 | loss 0.0111 | lr 0.003449
2025-10-16 16:41:12,072 | INFO | Iter 4750/5004 | loss 0.0111 | lr 0.003442
2025-10-16 16:41:33,102 | INFO | Iter 4800/5004 | loss 0.0111 | lr 0.003436
2025-10-16 16:41:54,140 | INFO | Iter 4850/5004 | loss 0.0111 | lr 0.003429
2025-10-16 16:42:15,174 | INFO | Iter 4900/5004 | loss 0.0111 | lr 0.003422
2025-10-16 16:42:36,206 | INFO | Iter 4950/5004 | loss 0.0111 | lr 0.003416
2025-10-16 16:42:57,228 | INFO | Iter 5000/5004 | loss 0.0111 | lr 0.003409
2025-10-16 16:43:48,411 | INFO | Epoch 80/90 | Train loss 0.0111 | Val acc@1 74.64 | acc@5 92.43 | LR 0.003409
2025-10-16 16:43:48,412 | INFO | Activating SWA for last 10 epochs.
2025-10-16 16:44:11,547 | INFO | Iter 50/5004 | loss 0.0111 | lr 0.001704
2025-10-16 16:44:32,576 | INFO | Iter 100/5004 | loss 0.0108 | lr 0.001704
2025-10-16 16:44:53,605 | INFO | Iter 150/5004 | loss 0.0108 | lr 0.001704
2025-10-16 16:45:14,635 | INFO | Iter 200/5004 | loss 0.0107 | lr 0.001704
2025-10-16 16:45:35,665 | INFO | Iter 250/5004 | loss 0.0108 | lr 0.001704
2025-10-16 16:45:56,696 | INFO | Iter 300/5004 | loss 0.0107 | lr 0.001704
2025-10-16 16:46:17,731 | INFO | Iter 350/5004 | loss 0.0109 | lr 0.001704
2025-10-16 16:46:38,760 | INFO | Iter 400/5004 | loss 0.0108 | lr 0.001704
2025-10-16 16:46:59,789 | INFO | Iter 450/5004 | loss 0.0107 | lr 0.001704
2025-10-16 16:47:20,820 | INFO | Iter 500/5004 | loss 0.0108 | lr 0.001704
2025-10-16 16:47:41,850 | INFO | Iter 550/5004 | loss 0.0107 | lr 0.001704
2025-10-16 16:48:02,881 | INFO | Iter 600/5004 | loss 0.0108 | lr 0.001704
2025-10-16 16:48:23,911 | INFO | Iter 650/5004 | loss 0.0108 | lr 0.001704
2025-10-16 16:48:44,940 | INFO | Iter 700/5004 | loss 0.0109 | lr 0.001704
2025-10-16 16:49:05,972 | INFO | Iter 750/5004 | loss 0.0109 | lr 0.001704
2025-10-16 16:49:27,005 | INFO | Iter 800/5004 | loss 0.0108 | lr 0.001704
2025-10-16 16:49:48,038 | INFO | Iter 850/5004 | loss 0.0109 | lr 0.001704
2025-10-16 16:50:09,068 | INFO | Iter 900/5004 | loss 0.0109 | lr 0.001704
2025-10-16 16:50:30,100 | INFO | Iter 950/5004 | loss 0.0109 | lr 0.001704
2025-10-16 16:50:51,130 | INFO | Iter 1000/5004 | loss 0.0109 | lr 0.001704
2025-10-16 16:51:12,162 | INFO | Iter 1050/5004 | loss 0.0109 | lr 0.001704
2025-10-16 16:51:33,194 | INFO | Iter 1100/5004 | loss 0.0109 | lr 0.001704
2025-10-16 16:51:54,222 | INFO | Iter 1150/5004 | loss 0.0109 | lr 0.001704
2025-10-16 16:52:15,252 | INFO | Iter 1200/5004 | loss 0.0109 | lr 0.001704
2025-10-16 16:52:36,283 | INFO | Iter 1250/5004 | loss 0.0109 | lr 0.001704
2025-10-16 16:52:57,314 | INFO | Iter 1300/5004 | loss 0.0109 | lr 0.001704
2025-10-16 16:53:18,345 | INFO | Iter 1350/5004 | loss 0.0109 | lr 0.001704
2025-10-16 16:53:39,375 | INFO | Iter 1400/5004 | loss 0.0108 | lr 0.001704
2025-10-16 16:54:00,405 | INFO | Iter 1450/5004 | loss 0.0109 | lr 0.001704
2025-10-16 16:54:21,435 | INFO | Iter 1500/5004 | loss 0.0109 | lr 0.001704
2025-10-16 16:54:42,466 | INFO | Iter 1550/5004 | loss 0.0109 | lr 0.001704
2025-10-16 16:55:03,496 | INFO | Iter 1600/5004 | loss 0.0109 | lr 0.001704
2025-10-16 16:55:24,526 | INFO | Iter 1650/5004 | loss 0.0109 | lr 0.001704
2025-10-16 16:55:45,554 | INFO | Iter 1700/5004 | loss 0.0109 | lr 0.001704
2025-10-16 16:56:06,586 | INFO | Iter 1750/5004 | loss 0.0109 | lr 0.001704
2025-10-16 16:56:27,618 | INFO | Iter 1800/5004 | loss 0.0109 | lr 0.001704
2025-10-16 16:56:48,651 | INFO | Iter 1850/5004 | loss 0.0109 | lr 0.001704
2025-10-16 16:57:09,681 | INFO | Iter 1900/5004 | loss 0.0109 | lr 0.001704
2025-10-16 16:57:30,711 | INFO | Iter 1950/5004 | loss 0.0109 | lr 0.001704
2025-10-16 16:57:51,741 | INFO | Iter 2000/5004 | loss 0.0109 | lr 0.001704
2025-10-16 16:58:12,769 | INFO | Iter 2050/5004 | loss 0.0109 | lr 0.001704
2025-10-16 16:58:33,802 | INFO | Iter 2100/5004 | loss 0.0109 | lr 0.001704
2025-10-16 16:58:54,832 | INFO | Iter 2150/5004 | loss 0.0109 | lr 0.001704
2025-10-16 16:59:15,864 | INFO | Iter 2200/5004 | loss 0.0109 | lr 0.001704
2025-10-16 16:59:36,896 | INFO | Iter 2250/5004 | loss 0.0109 | lr 0.001704
2025-10-16 16:59:57,927 | INFO | Iter 2300/5004 | loss 0.0109 | lr 0.001704
2025-10-16 17:00:18,958 | INFO | Iter 2350/5004 | loss 0.0109 | lr 0.001704
2025-10-16 17:00:39,989 | INFO | Iter 2400/5004 | loss 0.0109 | lr 0.001704
2025-10-16 17:01:01,018 | INFO | Iter 2450/5004 | loss 0.0109 | lr 0.001704
2025-10-16 17:01:22,049 | INFO | Iter 2500/5004 | loss 0.0109 | lr 0.001704
2025-10-16 17:01:43,081 | INFO | Iter 2550/5004 | loss 0.0109 | lr 0.001704
2025-10-16 17:02:04,112 | INFO | Iter 2600/5004 | loss 0.0109 | lr 0.001704
2025-10-16 17:02:25,146 | INFO | Iter 2650/5004 | loss 0.0109 | lr 0.001704
2025-10-16 17:02:46,179 | INFO | Iter 2700/5004 | loss 0.0109 | lr 0.001704
2025-10-16 17:03:07,211 | INFO | Iter 2750/5004 | loss 0.0109 | lr 0.001704
2025-10-16 17:03:28,241 | INFO | Iter 2800/5004 | loss 0.0109 | lr 0.001704
2025-10-16 17:03:49,274 | INFO | Iter 2850/5004 | loss 0.0109 | lr 0.001704
2025-10-16 17:04:10,307 | INFO | Iter 2900/5004 | loss 0.0109 | lr 0.001704
2025-10-16 17:04:31,338 | INFO | Iter 2950/5004 | loss 0.0109 | lr 0.001704
2025-10-16 17:04:52,371 | INFO | Iter 3000/5004 | loss 0.0109 | lr 0.001704
2025-10-16 17:05:13,400 | INFO | Iter 3050/5004 | loss 0.0109 | lr 0.001704
2025-10-16 17:05:34,434 | INFO | Iter 3100/5004 | loss 0.0109 | lr 0.001704
2025-10-16 17:05:55,468 | INFO | Iter 3150/5004 | loss 0.0109 | lr 0.001704
2025-10-16 17:06:16,500 | INFO | Iter 3200/5004 | loss 0.0109 | lr 0.001704
2025-10-16 17:06:37,534 | INFO | Iter 3250/5004 | loss 0.0109 | lr 0.001704
2025-10-16 17:06:58,566 | INFO | Iter 3300/5004 | loss 0.0109 | lr 0.001704
2025-10-16 17:07:19,596 | INFO | Iter 3350/5004 | loss 0.0109 | lr 0.001704
2025-10-16 17:07:40,630 | INFO | Iter 3400/5004 | loss 0.0109 | lr 0.001704
2025-10-16 17:08:01,661 | INFO | Iter 3450/5004 | loss 0.0109 | lr 0.001704
2025-10-16 17:08:22,692 | INFO | Iter 3500/5004 | loss 0.0109 | lr 0.001704
2025-10-16 17:08:43,725 | INFO | Iter 3550/5004 | loss 0.0109 | lr 0.001704
2025-10-16 17:09:04,755 | INFO | Iter 3600/5004 | loss 0.0109 | lr 0.001704
2025-10-16 17:09:25,786 | INFO | Iter 3650/5004 | loss 0.0110 | lr 0.001704
2025-10-16 17:09:46,818 | INFO | Iter 3700/5004 | loss 0.0110 | lr 0.001704
2025-10-16 17:10:07,851 | INFO | Iter 3750/5004 | loss 0.0110 | lr 0.001704
2025-10-16 17:10:28,883 | INFO | Iter 3800/5004 | loss 0.0110 | lr 0.001704
2025-10-16 17:10:49,915 | INFO | Iter 3850/5004 | loss 0.0110 | lr 0.001704
2025-10-16 17:11:10,943 | INFO | Iter 3900/5004 | loss 0.0110 | lr 0.001704
2025-10-16 17:11:31,973 | INFO | Iter 3950/5004 | loss 0.0110 | lr 0.001704
2025-10-16 17:11:53,003 | INFO | Iter 4000/5004 | loss 0.0110 | lr 0.001704
2025-10-16 17:12:14,034 | INFO | Iter 4050/5004 | loss 0.0110 | lr 0.001704
2025-10-16 17:12:35,067 | INFO | Iter 4100/5004 | loss 0.0110 | lr 0.001704
2025-10-16 17:12:56,099 | INFO | Iter 4150/5004 | loss 0.0110 | lr 0.001704
2025-10-16 17:13:17,131 | INFO | Iter 4200/5004 | loss 0.0110 | lr 0.001704
2025-10-16 17:13:38,161 | INFO | Iter 4250/5004 | loss 0.0110 | lr 0.001704
2025-10-16 17:13:59,192 | INFO | Iter 4300/5004 | loss 0.0110 | lr 0.001704
2025-10-16 17:14:20,226 | INFO | Iter 4350/5004 | loss 0.0110 | lr 0.001704
2025-10-16 17:14:41,257 | INFO | Iter 4400/5004 | loss 0.0110 | lr 0.001704
2025-10-16 17:15:02,287 | INFO | Iter 4450/5004 | loss 0.0110 | lr 0.001704
2025-10-16 17:15:23,318 | INFO | Iter 4500/5004 | loss 0.0110 | lr 0.001704
2025-10-16 17:15:44,346 | INFO | Iter 4550/5004 | loss 0.0110 | lr 0.001704
2025-10-16 17:16:05,377 | INFO | Iter 4600/5004 | loss 0.0110 | lr 0.001704
2025-10-16 17:16:26,407 | INFO | Iter 4650/5004 | loss 0.0110 | lr 0.001704
2025-10-16 17:16:47,436 | INFO | Iter 4700/5004 | loss 0.0110 | lr 0.001704
2025-10-16 17:17:08,468 | INFO | Iter 4750/5004 | loss 0.0109 | lr 0.001704
2025-10-16 17:17:29,493 | INFO | Iter 4800/5004 | loss 0.0110 | lr 0.001704
2025-10-16 17:17:50,520 | INFO | Iter 4850/5004 | loss 0.0110 | lr 0.001704
2025-10-16 17:18:11,557 | INFO | Iter 4900/5004 | loss 0.0110 | lr 0.001704
2025-10-16 17:18:32,585 | INFO | Iter 4950/5004 | loss 0.0109 | lr 0.001704
2025-10-16 17:18:53,607 | INFO | Iter 5000/5004 | loss 0.0110 | lr 0.001704
2025-10-16 17:19:45,118 | INFO | Epoch 81/90 | Train loss 0.0110 | Val acc@1 75.27 | acc@5 92.68 | LR 0.001704
2025-10-16 17:20:08,308 | INFO | Iter 50/5004 | loss 0.0105 | lr 0.001704
2025-10-16 17:20:29,335 | INFO | Iter 100/5004 | loss 0.0110 | lr 0.001704
2025-10-16 17:20:50,362 | INFO | Iter 150/5004 | loss 0.0111 | lr 0.001704
2025-10-16 17:21:11,389 | INFO | Iter 200/5004 | loss 0.0110 | lr 0.001704
2025-10-16 17:21:32,418 | INFO | Iter 250/5004 | loss 0.0109 | lr 0.001704
2025-10-16 17:21:53,451 | INFO | Iter 300/5004 | loss 0.0109 | lr 0.001704
2025-10-16 17:22:14,483 | INFO | Iter 350/5004 | loss 0.0109 | lr 0.001704
2025-10-16 17:22:35,513 | INFO | Iter 400/5004 | loss 0.0108 | lr 0.001704
2025-10-16 17:22:56,548 | INFO | Iter 450/5004 | loss 0.0108 | lr 0.001704
2025-10-16 17:23:17,575 | INFO | Iter 500/5004 | loss 0.0109 | lr 0.001704
2025-10-16 17:23:38,610 | INFO | Iter 550/5004 | loss 0.0109 | lr 0.001704
2025-10-16 17:23:59,641 | INFO | Iter 600/5004 | loss 0.0109 | lr 0.001704
2025-10-16 17:24:20,675 | INFO | Iter 650/5004 | loss 0.0109 | lr 0.001704
2025-10-16 17:24:41,702 | INFO | Iter 700/5004 | loss 0.0109 | lr 0.001704
2025-10-16 17:25:02,730 | INFO | Iter 750/5004 | loss 0.0109 | lr 0.001704
2025-10-16 17:25:23,761 | INFO | Iter 800/5004 | loss 0.0109 | lr 0.001704
2025-10-16 17:25:44,791 | INFO | Iter 850/5004 | loss 0.0109 | lr 0.001704
2025-10-16 17:26:05,824 | INFO | Iter 900/5004 | loss 0.0109 | lr 0.001704
2025-10-16 17:26:26,854 | INFO | Iter 950/5004 | loss 0.0109 | lr 0.001704
2025-10-16 17:26:47,888 | INFO | Iter 1000/5004 | loss 0.0109 | lr 0.001704
2025-10-16 17:27:08,919 | INFO | Iter 1050/5004 | loss 0.0109 | lr 0.001704
2025-10-16 17:27:29,954 | INFO | Iter 1100/5004 | loss 0.0109 | lr 0.001704
2025-10-16 17:27:50,984 | INFO | Iter 1150/5004 | loss 0.0109 | lr 0.001704
2025-10-16 17:28:12,014 | INFO | Iter 1200/5004 | loss 0.0110 | lr 0.001704
2025-10-16 17:28:33,043 | INFO | Iter 1250/5004 | loss 0.0110 | lr 0.001704
2025-10-16 17:28:54,074 | INFO | Iter 1300/5004 | loss 0.0110 | lr 0.001704
2025-10-16 17:29:15,106 | INFO | Iter 1350/5004 | loss 0.0110 | lr 0.001704
2025-10-16 17:29:36,135 | INFO | Iter 1400/5004 | loss 0.0110 | lr 0.001704
2025-10-16 17:29:57,168 | INFO | Iter 1450/5004 | loss 0.0110 | lr 0.001704
2025-10-16 17:30:18,200 | INFO | Iter 1500/5004 | loss 0.0110 | lr 0.001704
2025-10-16 17:30:39,229 | INFO | Iter 1550/5004 | loss 0.0110 | lr 0.001704
2025-10-16 17:31:00,257 | INFO | Iter 1600/5004 | loss 0.0110 | lr 0.001704
2025-10-16 17:31:21,289 | INFO | Iter 1650/5004 | loss 0.0110 | lr 0.001704
2025-10-16 17:31:42,319 | INFO | Iter 1700/5004 | loss 0.0110 | lr 0.001704
2025-10-16 17:32:03,352 | INFO | Iter 1750/5004 | loss 0.0110 | lr 0.001704
2025-10-16 17:32:24,384 | INFO | Iter 1800/5004 | loss 0.0109 | lr 0.001704
2025-10-16 17:32:45,416 | INFO | Iter 1850/5004 | loss 0.0109 | lr 0.001704
2025-10-16 17:33:06,443 | INFO | Iter 1900/5004 | loss 0.0109 | lr 0.001704
2025-10-16 17:33:27,474 | INFO | Iter 1950/5004 | loss 0.0109 | lr 0.001704
2025-10-16 17:33:48,507 | INFO | Iter 2000/5004 | loss 0.0109 | lr 0.001704
2025-10-16 17:34:09,537 | INFO | Iter 2050/5004 | loss 0.0109 | lr 0.001704
2025-10-16 17:34:30,566 | INFO | Iter 2100/5004 | loss 0.0109 | lr 0.001704
2025-10-16 17:34:51,596 | INFO | Iter 2150/5004 | loss 0.0109 | lr 0.001704
2025-10-16 17:35:12,626 | INFO | Iter 2200/5004 | loss 0.0109 | lr 0.001704
2025-10-16 17:35:33,657 | INFO | Iter 2250/5004 | loss 0.0109 | lr 0.001704
2025-10-16 17:35:54,687 | INFO | Iter 2300/5004 | loss 0.0109 | lr 0.001704
2025-10-16 17:36:15,716 | INFO | Iter 2350/5004 | loss 0.0109 | lr 0.001704
2025-10-16 17:36:36,746 | INFO | Iter 2400/5004 | loss 0.0109 | lr 0.001704
2025-10-16 17:36:57,777 | INFO | Iter 2450/5004 | loss 0.0109 | lr 0.001704
2025-10-16 17:37:18,809 | INFO | Iter 2500/5004 | loss 0.0109 | lr 0.001704
2025-10-16 17:37:39,842 | INFO | Iter 2550/5004 | loss 0.0109 | lr 0.001704
2025-10-16 17:38:00,873 | INFO | Iter 2600/5004 | loss 0.0109 | lr 0.001704
2025-10-16 17:38:21,902 | INFO | Iter 2650/5004 | loss 0.0109 | lr 0.001704
2025-10-16 17:38:42,933 | INFO | Iter 2700/5004 | loss 0.0109 | lr 0.001704
2025-10-16 17:39:03,963 | INFO | Iter 2750/5004 | loss 0.0109 | lr 0.001704
2025-10-16 17:39:24,992 | INFO | Iter 2800/5004 | loss 0.0109 | lr 0.001704
2025-10-16 17:39:46,023 | INFO | Iter 2850/5004 | loss 0.0109 | lr 0.001704
2025-10-16 17:40:07,052 | INFO | Iter 2900/5004 | loss 0.0109 | lr 0.001704
2025-10-16 17:40:28,082 | INFO | Iter 2950/5004 | loss 0.0109 | lr 0.001704
2025-10-16 17:40:49,114 | INFO | Iter 3000/5004 | loss 0.0109 | lr 0.001704
2025-10-16 17:41:10,145 | INFO | Iter 3050/5004 | loss 0.0109 | lr 0.001704
2025-10-16 17:41:31,172 | INFO | Iter 3100/5004 | loss 0.0109 | lr 0.001704
2025-10-16 17:41:52,203 | INFO | Iter 3150/5004 | loss 0.0109 | lr 0.001704
2025-10-16 17:42:13,238 | INFO | Iter 3200/5004 | loss 0.0109 | lr 0.001704
2025-10-16 17:42:34,266 | INFO | Iter 3250/5004 | loss 0.0109 | lr 0.001704
2025-10-16 17:42:55,295 | INFO | Iter 3300/5004 | loss 0.0109 | lr 0.001704
2025-10-16 17:43:16,325 | INFO | Iter 3350/5004 | loss 0.0109 | lr 0.001704
2025-10-16 17:43:37,358 | INFO | Iter 3400/5004 | loss 0.0109 | lr 0.001704
2025-10-16 17:43:58,388 | INFO | Iter 3450/5004 | loss 0.0109 | lr 0.001704
2025-10-16 17:44:19,419 | INFO | Iter 3500/5004 | loss 0.0109 | lr 0.001704
2025-10-16 17:44:40,450 | INFO | Iter 3550/5004 | loss 0.0109 | lr 0.001704
2025-10-16 17:45:01,477 | INFO | Iter 3600/5004 | loss 0.0109 | lr 0.001704
2025-10-16 17:45:22,508 | INFO | Iter 3650/5004 | loss 0.0109 | lr 0.001704
2025-10-16 17:45:43,539 | INFO | Iter 3700/5004 | loss 0.0109 | lr 0.001704
2025-10-16 17:46:04,571 | INFO | Iter 3750/5004 | loss 0.0109 | lr 0.001704
2025-10-16 17:46:25,603 | INFO | Iter 3800/5004 | loss 0.0109 | lr 0.001704
2025-10-16 17:46:46,633 | INFO | Iter 3850/5004 | loss 0.0109 | lr 0.001704
2025-10-16 17:47:07,662 | INFO | Iter 3900/5004 | loss 0.0109 | lr 0.001704
2025-10-16 17:47:28,694 | INFO | Iter 3950/5004 | loss 0.0109 | lr 0.001704
2025-10-16 17:47:49,723 | INFO | Iter 4000/5004 | loss 0.0109 | lr 0.001704
2025-10-16 17:48:10,755 | INFO | Iter 4050/5004 | loss 0.0109 | lr 0.001704
2025-10-16 17:48:31,788 | INFO | Iter 4100/5004 | loss 0.0109 | lr 0.001704
2025-10-16 17:48:52,819 | INFO | Iter 4150/5004 | loss 0.0109 | lr 0.001704
2025-10-16 17:49:13,849 | INFO | Iter 4200/5004 | loss 0.0109 | lr 0.001704
2025-10-16 17:49:34,880 | INFO | Iter 4250/5004 | loss 0.0109 | lr 0.001704
2025-10-16 17:49:55,912 | INFO | Iter 4300/5004 | loss 0.0109 | lr 0.001704
2025-10-16 17:50:16,941 | INFO | Iter 4350/5004 | loss 0.0109 | lr 0.001704
2025-10-16 17:50:37,972 | INFO | Iter 4400/5004 | loss 0.0109 | lr 0.001704
2025-10-16 17:50:59,001 | INFO | Iter 4450/5004 | loss 0.0109 | lr 0.001704
2025-10-16 17:51:20,029 | INFO | Iter 4500/5004 | loss 0.0109 | lr 0.001704
2025-10-16 17:51:41,060 | INFO | Iter 4550/5004 | loss 0.0109 | lr 0.001704
2025-10-16 17:52:02,090 | INFO | Iter 4600/5004 | loss 0.0109 | lr 0.001704
2025-10-16 17:52:23,120 | INFO | Iter 4650/5004 | loss 0.0109 | lr 0.001704
2025-10-16 17:52:44,151 | INFO | Iter 4700/5004 | loss 0.0109 | lr 0.001704
2025-10-16 17:53:05,179 | INFO | Iter 4750/5004 | loss 0.0109 | lr 0.001704
2025-10-16 17:53:26,207 | INFO | Iter 4800/5004 | loss 0.0109 | lr 0.001704
2025-10-16 17:53:47,236 | INFO | Iter 4850/5004 | loss 0.0109 | lr 0.001704
2025-10-16 17:54:08,272 | INFO | Iter 4900/5004 | loss 0.0109 | lr 0.001704
2025-10-16 17:54:29,303 | INFO | Iter 4950/5004 | loss 0.0109 | lr 0.001704
2025-10-16 17:54:50,321 | INFO | Iter 5000/5004 | loss 0.0109 | lr 0.001704
2025-10-16 17:55:41,594 | INFO | Epoch 82/90 | Train loss 0.0109 | Val acc@1 75.49 | acc@5 92.86 | LR 0.001704
2025-10-16 17:56:04,160 | INFO | Iter 50/5004 | loss 0.0110 | lr 0.001704
2025-10-16 17:56:25,189 | INFO | Iter 100/5004 | loss 0.0107 | lr 0.001704
2025-10-16 17:56:46,218 | INFO | Iter 150/5004 | loss 0.0107 | lr 0.001704
2025-10-16 17:57:07,245 | INFO | Iter 200/5004 | loss 0.0107 | lr 0.001704
2025-10-16 17:57:28,275 | INFO | Iter 250/5004 | loss 0.0107 | lr 0.001704
2025-10-16 17:57:49,306 | INFO | Iter 300/5004 | loss 0.0107 | lr 0.001704
2025-10-16 17:58:10,335 | INFO | Iter 350/5004 | loss 0.0107 | lr 0.001704
2025-10-16 17:58:31,367 | INFO | Iter 400/5004 | loss 0.0106 | lr 0.001704
2025-10-16 17:58:52,397 | INFO | Iter 450/5004 | loss 0.0106 | lr 0.001704
2025-10-16 17:59:13,431 | INFO | Iter 500/5004 | loss 0.0107 | lr 0.001704
2025-10-16 17:59:34,464 | INFO | Iter 550/5004 | loss 0.0107 | lr 0.001704
2025-10-16 17:59:55,496 | INFO | Iter 600/5004 | loss 0.0107 | lr 0.001704
2025-10-16 18:00:16,521 | INFO | Iter 650/5004 | loss 0.0107 | lr 0.001704
2025-10-16 18:00:37,553 | INFO | Iter 700/5004 | loss 0.0107 | lr 0.001704
2025-10-16 18:00:58,582 | INFO | Iter 750/5004 | loss 0.0107 | lr 0.001704
2025-10-16 18:01:19,614 | INFO | Iter 800/5004 | loss 0.0107 | lr 0.001704
2025-10-16 18:01:40,644 | INFO | Iter 850/5004 | loss 0.0107 | lr 0.001704
2025-10-16 18:02:01,674 | INFO | Iter 900/5004 | loss 0.0107 | lr 0.001704
2025-10-16 18:02:22,705 | INFO | Iter 950/5004 | loss 0.0107 | lr 0.001704
2025-10-16 18:02:43,735 | INFO | Iter 1000/5004 | loss 0.0107 | lr 0.001704
2025-10-16 18:03:04,767 | INFO | Iter 1050/5004 | loss 0.0107 | lr 0.001704
2025-10-16 18:03:25,797 | INFO | Iter 1100/5004 | loss 0.0107 | lr 0.001704
2025-10-16 18:03:46,826 | INFO | Iter 1150/5004 | loss 0.0107 | lr 0.001704
2025-10-16 18:04:07,859 | INFO | Iter 1200/5004 | loss 0.0107 | lr 0.001704
2025-10-16 18:04:28,887 | INFO | Iter 1250/5004 | loss 0.0107 | lr 0.001704
2025-10-16 18:04:49,918 | INFO | Iter 1300/5004 | loss 0.0107 | lr 0.001704
2025-10-16 18:05:10,948 | INFO | Iter 1350/5004 | loss 0.0107 | lr 0.001704
2025-10-16 18:05:31,979 | INFO | Iter 1400/5004 | loss 0.0107 | lr 0.001704
2025-10-16 18:05:53,010 | INFO | Iter 1450/5004 | loss 0.0107 | lr 0.001704
2025-10-16 18:06:14,039 | INFO | Iter 1500/5004 | loss 0.0107 | lr 0.001704
2025-10-16 18:06:35,069 | INFO | Iter 1550/5004 | loss 0.0107 | lr 0.001704
2025-10-16 18:06:56,098 | INFO | Iter 1600/5004 | loss 0.0107 | lr 0.001704
2025-10-16 18:07:17,127 | INFO | Iter 1650/5004 | loss 0.0107 | lr 0.001704
2025-10-16 18:07:38,157 | INFO | Iter 1700/5004 | loss 0.0107 | lr 0.001704
2025-10-16 18:07:59,187 | INFO | Iter 1750/5004 | loss 0.0107 | lr 0.001704
2025-10-16 18:08:20,219 | INFO | Iter 1800/5004 | loss 0.0108 | lr 0.001704
2025-10-16 18:08:41,247 | INFO | Iter 1850/5004 | loss 0.0107 | lr 0.001704
2025-10-16 18:09:02,278 | INFO | Iter 1900/5004 | loss 0.0107 | lr 0.001704
2025-10-16 18:09:23,309 | INFO | Iter 1950/5004 | loss 0.0107 | lr 0.001704
2025-10-16 18:09:44,338 | INFO | Iter 2000/5004 | loss 0.0107 | lr 0.001704
2025-10-16 18:10:05,370 | INFO | Iter 2050/5004 | loss 0.0107 | lr 0.001704
2025-10-16 18:10:26,398 | INFO | Iter 2100/5004 | loss 0.0107 | lr 0.001704
2025-10-16 18:10:47,428 | INFO | Iter 2150/5004 | loss 0.0107 | lr 0.001704
2025-10-16 18:11:08,459 | INFO | Iter 2200/5004 | loss 0.0107 | lr 0.001704
2025-10-16 18:11:29,487 | INFO | Iter 2250/5004 | loss 0.0107 | lr 0.001704
2025-10-16 18:11:50,516 | INFO | Iter 2300/5004 | loss 0.0107 | lr 0.001704
2025-10-16 18:12:11,544 | INFO | Iter 2350/5004 | loss 0.0107 | lr 0.001704
2025-10-16 18:12:32,575 | INFO | Iter 2400/5004 | loss 0.0107 | lr 0.001704
2025-10-16 18:12:53,606 | INFO | Iter 2450/5004 | loss 0.0107 | lr 0.001704
2025-10-16 18:13:14,637 | INFO | Iter 2500/5004 | loss 0.0107 | lr 0.001704
2025-10-16 18:13:35,668 | INFO | Iter 2550/5004 | loss 0.0107 | lr 0.001704
2025-10-16 18:13:56,698 | INFO | Iter 2600/5004 | loss 0.0107 | lr 0.001704
2025-10-16 18:14:17,722 | INFO | Iter 2650/5004 | loss 0.0107 | lr 0.001704
2025-10-16 18:14:38,752 | INFO | Iter 2700/5004 | loss 0.0108 | lr 0.001704
2025-10-16 18:14:59,781 | INFO | Iter 2750/5004 | loss 0.0108 | lr 0.001704
2025-10-16 18:15:20,810 | INFO | Iter 2800/5004 | loss 0.0107 | lr 0.001704
2025-10-16 18:15:41,840 | INFO | Iter 2850/5004 | loss 0.0107 | lr 0.001704
2025-10-16 18:16:02,869 | INFO | Iter 2900/5004 | loss 0.0107 | lr 0.001704
2025-10-16 18:16:23,900 | INFO | Iter 2950/5004 | loss 0.0107 | lr 0.001704
2025-10-16 18:16:44,929 | INFO | Iter 3000/5004 | loss 0.0108 | lr 0.001704
2025-10-16 18:17:05,960 | INFO | Iter 3050/5004 | loss 0.0107 | lr 0.001704
2025-10-16 18:17:26,988 | INFO | Iter 3100/5004 | loss 0.0107 | lr 0.001704
2025-10-16 18:17:48,017 | INFO | Iter 3150/5004 | loss 0.0108 | lr 0.001704
2025-10-16 18:18:09,047 | INFO | Iter 3200/5004 | loss 0.0107 | lr 0.001704
2025-10-16 18:18:30,076 | INFO | Iter 3250/5004 | loss 0.0107 | lr 0.001704
2025-10-16 18:18:51,107 | INFO | Iter 3300/5004 | loss 0.0107 | lr 0.001704
2025-10-16 18:19:12,136 | INFO | Iter 3350/5004 | loss 0.0107 | lr 0.001704
2025-10-16 18:19:33,166 | INFO | Iter 3400/5004 | loss 0.0107 | lr 0.001704
2025-10-16 18:19:54,194 | INFO | Iter 3450/5004 | loss 0.0107 | lr 0.001704
2025-10-16 18:20:15,222 | INFO | Iter 3500/5004 | loss 0.0107 | lr 0.001704
2025-10-16 18:20:36,250 | INFO | Iter 3550/5004 | loss 0.0107 | lr 0.001704
2025-10-16 18:20:57,282 | INFO | Iter 3600/5004 | loss 0.0107 | lr 0.001704
2025-10-16 18:21:18,310 | INFO | Iter 3650/5004 | loss 0.0107 | lr 0.001704
2025-10-16 18:21:39,339 | INFO | Iter 3700/5004 | loss 0.0107 | lr 0.001704
2025-10-16 18:22:00,368 | INFO | Iter 3750/5004 | loss 0.0107 | lr 0.001704
2025-10-16 18:22:21,397 | INFO | Iter 3800/5004 | loss 0.0107 | lr 0.001704
2025-10-16 18:22:42,427 | INFO | Iter 3850/5004 | loss 0.0107 | lr 0.001704
2025-10-16 18:23:03,458 | INFO | Iter 3900/5004 | loss 0.0107 | lr 0.001704
2025-10-16 18:23:24,486 | INFO | Iter 3950/5004 | loss 0.0107 | lr 0.001704
2025-10-16 18:23:45,516 | INFO | Iter 4000/5004 | loss 0.0107 | lr 0.001704
2025-10-16 18:24:06,545 | INFO | Iter 4050/5004 | loss 0.0107 | lr 0.001704
2025-10-16 18:24:27,573 | INFO | Iter 4100/5004 | loss 0.0107 | lr 0.001704
2025-10-16 18:24:48,603 | INFO | Iter 4150/5004 | loss 0.0107 | lr 0.001704
2025-10-16 18:25:09,635 | INFO | Iter 4200/5004 | loss 0.0107 | lr 0.001704
2025-10-16 18:25:30,666 | INFO | Iter 4250/5004 | loss 0.0107 | lr 0.001704
2025-10-16 18:25:51,700 | INFO | Iter 4300/5004 | loss 0.0107 | lr 0.001704
2025-10-16 18:26:12,734 | INFO | Iter 4350/5004 | loss 0.0107 | lr 0.001704
2025-10-16 18:26:33,763 | INFO | Iter 4400/5004 | loss 0.0107 | lr 0.001704
2025-10-16 18:26:54,792 | INFO | Iter 4450/5004 | loss 0.0107 | lr 0.001704
2025-10-16 18:27:15,823 | INFO | Iter 4500/5004 | loss 0.0107 | lr 0.001704
2025-10-16 18:27:36,853 | INFO | Iter 4550/5004 | loss 0.0107 | lr 0.001704
2025-10-16 18:27:57,884 | INFO | Iter 4600/5004 | loss 0.0107 | lr 0.001704
2025-10-16 18:28:18,911 | INFO | Iter 4650/5004 | loss 0.0108 | lr 0.001704
2025-10-16 18:28:39,941 | INFO | Iter 4700/5004 | loss 0.0108 | lr 0.001704
2025-10-16 18:29:00,972 | INFO | Iter 4750/5004 | loss 0.0108 | lr 0.001704
2025-10-16 18:29:21,997 | INFO | Iter 4800/5004 | loss 0.0108 | lr 0.001704
2025-10-16 18:29:43,035 | INFO | Iter 4850/5004 | loss 0.0107 | lr 0.001704
2025-10-16 18:30:04,064 | INFO | Iter 4900/5004 | loss 0.0107 | lr 0.001704
2025-10-16 18:30:25,090 | INFO | Iter 4950/5004 | loss 0.0107 | lr 0.001704
2025-10-16 18:30:46,107 | INFO | Iter 5000/5004 | loss 0.0107 | lr 0.001704
2025-10-16 18:31:37,247 | INFO | Epoch 83/90 | Train loss 0.0107 | Val acc@1 75.75 | acc@5 93.03 | LR 0.001704
2025-10-16 18:31:59,847 | INFO | Iter 50/5004 | loss 0.0111 | lr 0.001704
2025-10-16 18:32:20,879 | INFO | Iter 100/5004 | loss 0.0106 | lr 0.001704
2025-10-16 18:32:41,907 | INFO | Iter 150/5004 | loss 0.0105 | lr 0.001704
2025-10-16 18:33:02,939 | INFO | Iter 200/5004 | loss 0.0106 | lr 0.001704
2025-10-16 18:33:23,967 | INFO | Iter 250/5004 | loss 0.0107 | lr 0.001704
2025-10-16 18:33:44,997 | INFO | Iter 300/5004 | loss 0.0106 | lr 0.001704
2025-10-16 18:34:06,029 | INFO | Iter 350/5004 | loss 0.0106 | lr 0.001704
2025-10-16 18:34:27,062 | INFO | Iter 400/5004 | loss 0.0104 | lr 0.001704
2025-10-16 18:34:48,092 | INFO | Iter 450/5004 | loss 0.0105 | lr 0.001704
2025-10-16 18:35:09,123 | INFO | Iter 500/5004 | loss 0.0105 | lr 0.001704
2025-10-16 18:35:30,151 | INFO | Iter 550/5004 | loss 0.0105 | lr 0.001704
2025-10-16 18:35:51,181 | INFO | Iter 600/5004 | loss 0.0105 | lr 0.001704
2025-10-16 18:36:12,211 | INFO | Iter 650/5004 | loss 0.0105 | lr 0.001704
2025-10-16 18:36:33,240 | INFO | Iter 700/5004 | loss 0.0105 | lr 0.001704
2025-10-16 18:36:54,270 | INFO | Iter 750/5004 | loss 0.0106 | lr 0.001704
2025-10-16 18:37:15,301 | INFO | Iter 800/5004 | loss 0.0106 | lr 0.001704
2025-10-16 18:37:36,331 | INFO | Iter 850/5004 | loss 0.0106 | lr 0.001704
2025-10-16 18:37:57,360 | INFO | Iter 900/5004 | loss 0.0106 | lr 0.001704
2025-10-16 18:38:18,392 | INFO | Iter 950/5004 | loss 0.0106 | lr 0.001704
2025-10-16 18:38:39,422 | INFO | Iter 1000/5004 | loss 0.0107 | lr 0.001704
2025-10-16 18:39:00,453 | INFO | Iter 1050/5004 | loss 0.0107 | lr 0.001704
2025-10-16 18:39:21,483 | INFO | Iter 1100/5004 | loss 0.0107 | lr 0.001704
2025-10-16 18:39:42,514 | INFO | Iter 1150/5004 | loss 0.0107 | lr 0.001704
2025-10-16 18:40:03,544 | INFO | Iter 1200/5004 | loss 0.0107 | lr 0.001704
2025-10-16 18:40:24,573 | INFO | Iter 1250/5004 | loss 0.0107 | lr 0.001704
2025-10-16 18:40:45,603 | INFO | Iter 1300/5004 | loss 0.0107 | lr 0.001704
2025-10-16 18:41:06,632 | INFO | Iter 1350/5004 | loss 0.0107 | lr 0.001704
2025-10-16 18:41:27,665 | INFO | Iter 1400/5004 | loss 0.0107 | lr 0.001704
2025-10-16 18:41:48,695 | INFO | Iter 1450/5004 | loss 0.0108 | lr 0.001704
2025-10-16 18:42:09,723 | INFO | Iter 1500/5004 | loss 0.0108 | lr 0.001704
2025-10-16 18:42:30,752 | INFO | Iter 1550/5004 | loss 0.0108 | lr 0.001704
2025-10-16 18:42:51,782 | INFO | Iter 1600/5004 | loss 0.0108 | lr 0.001704
2025-10-16 18:43:12,814 | INFO | Iter 1650/5004 | loss 0.0108 | lr 0.001704
2025-10-16 18:43:33,846 | INFO | Iter 1700/5004 | loss 0.0108 | lr 0.001704
2025-10-16 18:43:54,878 | INFO | Iter 1750/5004 | loss 0.0108 | lr 0.001704
2025-10-16 18:44:15,910 | INFO | Iter 1800/5004 | loss 0.0108 | lr 0.001704
2025-10-16 18:44:36,943 | INFO | Iter 1850/5004 | loss 0.0108 | lr 0.001704
2025-10-16 18:44:57,974 | INFO | Iter 1900/5004 | loss 0.0108 | lr 0.001704
2025-10-16 18:45:19,005 | INFO | Iter 1950/5004 | loss 0.0107 | lr 0.001704
2025-10-16 18:45:40,035 | INFO | Iter 2000/5004 | loss 0.0108 | lr 0.001704
2025-10-16 18:46:01,068 | INFO | Iter 2050/5004 | loss 0.0107 | lr 0.001704
2025-10-16 18:46:22,100 | INFO | Iter 2100/5004 | loss 0.0107 | lr 0.001704
2025-10-16 18:46:43,130 | INFO | Iter 2150/5004 | loss 0.0107 | lr 0.001704
2025-10-16 18:47:04,162 | INFO | Iter 2200/5004 | loss 0.0107 | lr 0.001704
2025-10-16 18:47:25,193 | INFO | Iter 2250/5004 | loss 0.0107 | lr 0.001704
2025-10-16 18:47:46,227 | INFO | Iter 2300/5004 | loss 0.0107 | lr 0.001704
2025-10-16 18:48:07,257 | INFO | Iter 2350/5004 | loss 0.0107 | lr 0.001704
2025-10-16 18:48:28,286 | INFO | Iter 2400/5004 | loss 0.0107 | lr 0.001704
2025-10-16 18:48:49,317 | INFO | Iter 2450/5004 | loss 0.0107 | lr 0.001704
2025-10-16 18:49:10,347 | INFO | Iter 2500/5004 | loss 0.0107 | lr 0.001704
2025-10-16 18:49:31,375 | INFO | Iter 2550/5004 | loss 0.0107 | lr 0.001704
2025-10-16 18:49:52,406 | INFO | Iter 2600/5004 | loss 0.0107 | lr 0.001704
2025-10-16 18:50:13,438 | INFO | Iter 2650/5004 | loss 0.0107 | lr 0.001704
2025-10-16 18:50:34,468 | INFO | Iter 2700/5004 | loss 0.0107 | lr 0.001704
2025-10-16 18:50:55,496 | INFO | Iter 2750/5004 | loss 0.0107 | lr 0.001704
2025-10-16 18:51:16,525 | INFO | Iter 2800/5004 | loss 0.0107 | lr 0.001704
2025-10-16 18:51:37,557 | INFO | Iter 2850/5004 | loss 0.0107 | lr 0.001704
2025-10-16 18:51:58,587 | INFO | Iter 2900/5004 | loss 0.0107 | lr 0.001704
2025-10-16 18:52:19,617 | INFO | Iter 2950/5004 | loss 0.0107 | lr 0.001704
2025-10-16 18:52:40,647 | INFO | Iter 3000/5004 | loss 0.0107 | lr 0.001704
2025-10-16 18:53:01,676 | INFO | Iter 3050/5004 | loss 0.0107 | lr 0.001704
2025-10-16 18:53:22,707 | INFO | Iter 3100/5004 | loss 0.0107 | lr 0.001704
2025-10-16 18:53:43,736 | INFO | Iter 3150/5004 | loss 0.0107 | lr 0.001704
2025-10-16 18:54:04,765 | INFO | Iter 3200/5004 | loss 0.0107 | lr 0.001704
2025-10-16 18:54:25,794 | INFO | Iter 3250/5004 | loss 0.0107 | lr 0.001704
2025-10-16 18:54:46,825 | INFO | Iter 3300/5004 | loss 0.0107 | lr 0.001704
2025-10-16 18:55:07,856 | INFO | Iter 3350/5004 | loss 0.0107 | lr 0.001704
2025-10-16 18:55:28,888 | INFO | Iter 3400/5004 | loss 0.0107 | lr 0.001704
2025-10-16 18:55:49,918 | INFO | Iter 3450/5004 | loss 0.0107 | lr 0.001704
2025-10-16 18:56:10,950 | INFO | Iter 3500/5004 | loss 0.0107 | lr 0.001704
2025-10-16 18:56:31,982 | INFO | Iter 3550/5004 | loss 0.0107 | lr 0.001704
2025-10-16 18:56:53,015 | INFO | Iter 3600/5004 | loss 0.0107 | lr 0.001704
2025-10-16 18:57:14,043 | INFO | Iter 3650/5004 | loss 0.0107 | lr 0.001704
2025-10-16 18:57:35,074 | INFO | Iter 3700/5004 | loss 0.0107 | lr 0.001704
2025-10-16 18:57:56,105 | INFO | Iter 3750/5004 | loss 0.0107 | lr 0.001704
2025-10-16 18:58:17,140 | INFO | Iter 3800/5004 | loss 0.0107 | lr 0.001704
2025-10-16 18:58:38,170 | INFO | Iter 3850/5004 | loss 0.0107 | lr 0.001704
2025-10-16 18:58:59,203 | INFO | Iter 3900/5004 | loss 0.0107 | lr 0.001704
2025-10-16 18:59:20,233 | INFO | Iter 3950/5004 | loss 0.0107 | lr 0.001704
2025-10-16 18:59:41,262 | INFO | Iter 4000/5004 | loss 0.0107 | lr 0.001704
2025-10-16 19:00:02,291 | INFO | Iter 4050/5004 | loss 0.0107 | lr 0.001704
2025-10-16 19:00:23,323 | INFO | Iter 4100/5004 | loss 0.0107 | lr 0.001704
2025-10-16 19:00:44,354 | INFO | Iter 4150/5004 | loss 0.0107 | lr 0.001704
2025-10-16 19:01:05,384 | INFO | Iter 4200/5004 | loss 0.0107 | lr 0.001704
2025-10-16 19:01:26,414 | INFO | Iter 4250/5004 | loss 0.0106 | lr 0.001704
2025-10-16 19:01:47,443 | INFO | Iter 4300/5004 | loss 0.0106 | lr 0.001704
2025-10-16 19:02:08,476 | INFO | Iter 4350/5004 | loss 0.0106 | lr 0.001704
2025-10-16 19:02:29,509 | INFO | Iter 4400/5004 | loss 0.0106 | lr 0.001704
2025-10-16 19:02:50,541 | INFO | Iter 4450/5004 | loss 0.0106 | lr 0.001704
2025-10-16 19:03:11,570 | INFO | Iter 4500/5004 | loss 0.0106 | lr 0.001704
2025-10-16 19:03:32,602 | INFO | Iter 4550/5004 | loss 0.0106 | lr 0.001704
2025-10-16 19:03:53,634 | INFO | Iter 4600/5004 | loss 0.0106 | lr 0.001704
2025-10-16 19:04:14,664 | INFO | Iter 4650/5004 | loss 0.0106 | lr 0.001704
2025-10-16 19:04:35,694 | INFO | Iter 4700/5004 | loss 0.0106 | lr 0.001704
2025-10-16 19:04:56,724 | INFO | Iter 4750/5004 | loss 0.0106 | lr 0.001704
2025-10-16 19:05:17,751 | INFO | Iter 4800/5004 | loss 0.0106 | lr 0.001704
2025-10-16 19:05:38,778 | INFO | Iter 4850/5004 | loss 0.0106 | lr 0.001704
2025-10-16 19:05:59,808 | INFO | Iter 4900/5004 | loss 0.0106 | lr 0.001704
2025-10-16 19:06:20,836 | INFO | Iter 4950/5004 | loss 0.0106 | lr 0.001704
2025-10-16 19:06:41,859 | INFO | Iter 5000/5004 | loss 0.0106 | lr 0.001704
2025-10-16 19:07:33,260 | INFO | Epoch 84/90 | Train loss 0.0106 | Val acc@1 76.31 | acc@5 93.21 | LR 0.001704
2025-10-16 19:07:56,207 | INFO | Iter 50/5004 | loss 0.0103 | lr 0.001704
2025-10-16 19:08:17,236 | INFO | Iter 100/5004 | loss 0.0100 | lr 0.001704
2025-10-16 19:08:38,264 | INFO | Iter 150/5004 | loss 0.0101 | lr 0.001704
2025-10-16 19:08:59,293 | INFO | Iter 200/5004 | loss 0.0102 | lr 0.001704
2025-10-16 19:09:20,325 | INFO | Iter 250/5004 | loss 0.0103 | lr 0.001704
2025-10-16 19:09:41,357 | INFO | Iter 300/5004 | loss 0.0104 | lr 0.001704
2025-10-16 19:10:02,389 | INFO | Iter 350/5004 | loss 0.0104 | lr 0.001704
2025-10-16 19:10:23,422 | INFO | Iter 400/5004 | loss 0.0104 | lr 0.001704
2025-10-16 19:10:44,452 | INFO | Iter 450/5004 | loss 0.0105 | lr 0.001704
2025-10-16 19:11:05,484 | INFO | Iter 500/5004 | loss 0.0105 | lr 0.001704
2025-10-16 19:11:26,513 | INFO | Iter 550/5004 | loss 0.0105 | lr 0.001704
2025-10-16 19:11:47,545 | INFO | Iter 600/5004 | loss 0.0105 | lr 0.001704
2025-10-16 19:12:08,576 | INFO | Iter 650/5004 | loss 0.0105 | lr 0.001704
2025-10-16 19:12:29,601 | INFO | Iter 700/5004 | loss 0.0105 | lr 0.001704
2025-10-16 19:12:50,632 | INFO | Iter 750/5004 | loss 0.0105 | lr 0.001704
2025-10-16 19:13:11,664 | INFO | Iter 800/5004 | loss 0.0105 | lr 0.001704
2025-10-16 19:13:32,696 | INFO | Iter 850/5004 | loss 0.0105 | lr 0.001704
2025-10-16 19:13:53,729 | INFO | Iter 900/5004 | loss 0.0105 | lr 0.001704
2025-10-16 19:14:14,761 | INFO | Iter 950/5004 | loss 0.0105 | lr 0.001704
2025-10-16 19:14:35,794 | INFO | Iter 1000/5004 | loss 0.0105 | lr 0.001704
2025-10-16 19:14:56,825 | INFO | Iter 1050/5004 | loss 0.0105 | lr 0.001704
2025-10-16 19:15:17,855 | INFO | Iter 1100/5004 | loss 0.0105 | lr 0.001704
2025-10-16 19:15:38,885 | INFO | Iter 1150/5004 | loss 0.0105 | lr 0.001704
2025-10-16 19:15:59,916 | INFO | Iter 1200/5004 | loss 0.0105 | lr 0.001704
2025-10-16 19:16:20,947 | INFO | Iter 1250/5004 | loss 0.0105 | lr 0.001704
2025-10-16 19:16:41,977 | INFO | Iter 1300/5004 | loss 0.0105 | lr 0.001704
2025-10-16 19:17:03,008 | INFO | Iter 1350/5004 | loss 0.0105 | lr 0.001704
2025-10-16 19:17:24,039 | INFO | Iter 1400/5004 | loss 0.0105 | lr 0.001704
2025-10-16 19:17:45,069 | INFO | Iter 1450/5004 | loss 0.0105 | lr 0.001704
2025-10-16 19:18:06,099 | INFO | Iter 1500/5004 | loss 0.0105 | lr 0.001704
2025-10-16 19:18:27,128 | INFO | Iter 1550/5004 | loss 0.0105 | lr 0.001704
2025-10-16 19:18:48,158 | INFO | Iter 1600/5004 | loss 0.0105 | lr 0.001704
2025-10-16 19:19:09,187 | INFO | Iter 1650/5004 | loss 0.0105 | lr 0.001704
2025-10-16 19:19:30,217 | INFO | Iter 1700/5004 | loss 0.0106 | lr 0.001704
2025-10-16 19:19:51,247 | INFO | Iter 1750/5004 | loss 0.0106 | lr 0.001704
2025-10-16 19:20:12,279 | INFO | Iter 1800/5004 | loss 0.0106 | lr 0.001704
2025-10-16 19:20:33,311 | INFO | Iter 1850/5004 | loss 0.0106 | lr 0.001704
2025-10-16 19:20:54,345 | INFO | Iter 1900/5004 | loss 0.0106 | lr 0.001704
2025-10-16 19:21:15,376 | INFO | Iter 1950/5004 | loss 0.0106 | lr 0.001704
2025-10-16 19:21:36,407 | INFO | Iter 2000/5004 | loss 0.0106 | lr 0.001704
2025-10-16 19:21:57,439 | INFO | Iter 2050/5004 | loss 0.0106 | lr 0.001704
2025-10-16 19:22:18,472 | INFO | Iter 2100/5004 | loss 0.0106 | lr 0.001704
2025-10-16 19:22:39,503 | INFO | Iter 2150/5004 | loss 0.0106 | lr 0.001704
2025-10-16 19:23:00,533 | INFO | Iter 2200/5004 | loss 0.0106 | lr 0.001704
2025-10-16 19:23:21,564 | INFO | Iter 2250/5004 | loss 0.0106 | lr 0.001704
2025-10-16 19:23:42,598 | INFO | Iter 2300/5004 | loss 0.0106 | lr 0.001704
2025-10-16 19:24:03,628 | INFO | Iter 2350/5004 | loss 0.0106 | lr 0.001704
2025-10-16 19:24:24,660 | INFO | Iter 2400/5004 | loss 0.0106 | lr 0.001704
2025-10-16 19:24:45,690 | INFO | Iter 2450/5004 | loss 0.0106 | lr 0.001704
2025-10-16 19:25:06,721 | INFO | Iter 2500/5004 | loss 0.0106 | lr 0.001704
2025-10-16 19:25:27,750 | INFO | Iter 2550/5004 | loss 0.0106 | lr 0.001704
2025-10-16 19:25:48,780 | INFO | Iter 2600/5004 | loss 0.0106 | lr 0.001704
2025-10-16 19:26:09,809 | INFO | Iter 2650/5004 | loss 0.0106 | lr 0.001704
2025-10-16 19:26:30,835 | INFO | Iter 2700/5004 | loss 0.0106 | lr 0.001704
2025-10-16 19:26:51,863 | INFO | Iter 2750/5004 | loss 0.0106 | lr 0.001704
2025-10-16 19:27:12,893 | INFO | Iter 2800/5004 | loss 0.0106 | lr 0.001704
2025-10-16 19:27:33,924 | INFO | Iter 2850/5004 | loss 0.0106 | lr 0.001704
2025-10-16 19:27:54,955 | INFO | Iter 2900/5004 | loss 0.0106 | lr 0.001704
2025-10-16 19:28:15,985 | INFO | Iter 2950/5004 | loss 0.0106 | lr 0.001704
2025-10-16 19:28:37,015 | INFO | Iter 3000/5004 | loss 0.0106 | lr 0.001704
2025-10-16 19:28:58,044 | INFO | Iter 3050/5004 | loss 0.0106 | lr 0.001704
2025-10-16 19:29:19,075 | INFO | Iter 3100/5004 | loss 0.0106 | lr 0.001704
2025-10-16 19:29:40,105 | INFO | Iter 3150/5004 | loss 0.0106 | lr 0.001704
2025-10-16 19:30:01,136 | INFO | Iter 3200/5004 | loss 0.0106 | lr 0.001704
2025-10-16 19:30:22,166 | INFO | Iter 3250/5004 | loss 0.0106 | lr 0.001704
2025-10-16 19:30:43,199 | INFO | Iter 3300/5004 | loss 0.0106 | lr 0.001704
2025-10-16 19:31:04,232 | INFO | Iter 3350/5004 | loss 0.0106 | lr 0.001704
2025-10-16 19:31:25,264 | INFO | Iter 3400/5004 | loss 0.0106 | lr 0.001704
2025-10-16 19:31:46,295 | INFO | Iter 3450/5004 | loss 0.0106 | lr 0.001704
2025-10-16 19:32:07,323 | INFO | Iter 3500/5004 | loss 0.0106 | lr 0.001704
2025-10-16 19:32:28,352 | INFO | Iter 3550/5004 | loss 0.0106 | lr 0.001704
2025-10-16 19:32:49,383 | INFO | Iter 3600/5004 | loss 0.0106 | lr 0.001704
2025-10-16 19:33:10,418 | INFO | Iter 3650/5004 | loss 0.0106 | lr 0.001704
2025-10-16 19:33:31,451 | INFO | Iter 3700/5004 | loss 0.0106 | lr 0.001704
2025-10-16 19:33:52,480 | INFO | Iter 3750/5004 | loss 0.0106 | lr 0.001704
2025-10-16 19:34:13,513 | INFO | Iter 3800/5004 | loss 0.0106 | lr 0.001704
2025-10-16 19:34:34,544 | INFO | Iter 3850/5004 | loss 0.0106 | lr 0.001704
2025-10-16 19:34:55,574 | INFO | Iter 3900/5004 | loss 0.0106 | lr 0.001704
2025-10-16 19:35:16,604 | INFO | Iter 3950/5004 | loss 0.0106 | lr 0.001704
2025-10-16 19:35:37,635 | INFO | Iter 4000/5004 | loss 0.0106 | lr 0.001704
2025-10-16 19:35:58,664 | INFO | Iter 4050/5004 | loss 0.0106 | lr 0.001704
2025-10-16 19:36:19,692 | INFO | Iter 4100/5004 | loss 0.0106 | lr 0.001704
2025-10-16 19:36:40,724 | INFO | Iter 4150/5004 | loss 0.0106 | lr 0.001704
2025-10-16 19:37:01,756 | INFO | Iter 4200/5004 | loss 0.0106 | lr 0.001704
2025-10-16 19:37:22,786 | INFO | Iter 4250/5004 | loss 0.0106 | lr 0.001704
2025-10-16 19:37:43,817 | INFO | Iter 4300/5004 | loss 0.0106 | lr 0.001704
2025-10-16 19:38:04,847 | INFO | Iter 4350/5004 | loss 0.0106 | lr 0.001704
2025-10-16 19:38:25,877 | INFO | Iter 4400/5004 | loss 0.0106 | lr 0.001704
2025-10-16 19:38:46,908 | INFO | Iter 4450/5004 | loss 0.0106 | lr 0.001704
2025-10-16 19:39:07,938 | INFO | Iter 4500/5004 | loss 0.0106 | lr 0.001704
2025-10-16 19:39:28,969 | INFO | Iter 4550/5004 | loss 0.0106 | lr 0.001704
2025-10-16 19:39:50,000 | INFO | Iter 4600/5004 | loss 0.0106 | lr 0.001704
2025-10-16 19:40:11,029 | INFO | Iter 4650/5004 | loss 0.0106 | lr 0.001704
2025-10-16 19:40:32,057 | INFO | Iter 4700/5004 | loss 0.0106 | lr 0.001704
2025-10-16 19:40:53,087 | INFO | Iter 4750/5004 | loss 0.0106 | lr 0.001704
2025-10-16 19:41:14,109 | INFO | Iter 4800/5004 | loss 0.0106 | lr 0.001704
2025-10-16 19:41:35,137 | INFO | Iter 4850/5004 | loss 0.0106 | lr 0.001704
2025-10-16 19:41:56,167 | INFO | Iter 4900/5004 | loss 0.0106 | lr 0.001704
2025-10-16 19:42:17,201 | INFO | Iter 4950/5004 | loss 0.0106 | lr 0.001704
2025-10-16 19:42:38,220 | INFO | Iter 5000/5004 | loss 0.0106 | lr 0.001704
2025-10-16 19:43:29,995 | INFO | Epoch 85/90 | Train loss 0.0106 | Val acc@1 76.52 | acc@5 93.35 | LR 0.001704
2025-10-16 19:43:53,107 | INFO | Iter 50/5004 | loss 0.0109 | lr 0.001704
2025-10-16 19:44:14,136 | INFO | Iter 100/5004 | loss 0.0105 | lr 0.001704
2025-10-16 19:44:35,164 | INFO | Iter 150/5004 | loss 0.0106 | lr 0.001704
2025-10-16 19:44:56,193 | INFO | Iter 200/5004 | loss 0.0106 | lr 0.001704
2025-10-16 19:45:17,221 | INFO | Iter 250/5004 | loss 0.0106 | lr 0.001704
2025-10-16 19:45:38,252 | INFO | Iter 300/5004 | loss 0.0106 | lr 0.001704
2025-10-16 19:45:59,281 | INFO | Iter 350/5004 | loss 0.0107 | lr 0.001704
2025-10-16 19:46:20,313 | INFO | Iter 400/5004 | loss 0.0106 | lr 0.001704
2025-10-16 19:46:41,346 | INFO | Iter 450/5004 | loss 0.0106 | lr 0.001704
2025-10-16 19:47:02,377 | INFO | Iter 500/5004 | loss 0.0106 | lr 0.001704
2025-10-16 19:47:23,411 | INFO | Iter 550/5004 | loss 0.0107 | lr 0.001704
2025-10-16 19:47:44,440 | INFO | Iter 600/5004 | loss 0.0107 | lr 0.001704
2025-10-16 19:48:05,473 | INFO | Iter 650/5004 | loss 0.0107 | lr 0.001704
2025-10-16 19:48:26,506 | INFO | Iter 700/5004 | loss 0.0107 | lr 0.001704
2025-10-16 19:48:47,538 | INFO | Iter 750/5004 | loss 0.0107 | lr 0.001704
2025-10-16 19:49:08,569 | INFO | Iter 800/5004 | loss 0.0107 | lr 0.001704
2025-10-16 19:49:29,601 | INFO | Iter 850/5004 | loss 0.0107 | lr 0.001704
2025-10-16 19:49:50,631 | INFO | Iter 900/5004 | loss 0.0107 | lr 0.001704
2025-10-16 19:50:11,661 | INFO | Iter 950/5004 | loss 0.0107 | lr 0.001704
2025-10-16 19:50:32,692 | INFO | Iter 1000/5004 | loss 0.0107 | lr 0.001704
2025-10-16 19:50:53,724 | INFO | Iter 1050/5004 | loss 0.0107 | lr 0.001704
2025-10-16 19:51:14,755 | INFO | Iter 1100/5004 | loss 0.0107 | lr 0.001704
2025-10-16 19:51:35,784 | INFO | Iter 1150/5004 | loss 0.0107 | lr 0.001704
2025-10-16 19:51:56,817 | INFO | Iter 1200/5004 | loss 0.0107 | lr 0.001704
2025-10-16 19:52:17,847 | INFO | Iter 1250/5004 | loss 0.0107 | lr 0.001704
2025-10-16 19:52:38,879 | INFO | Iter 1300/5004 | loss 0.0107 | lr 0.001704
2025-10-16 19:52:59,908 | INFO | Iter 1350/5004 | loss 0.0107 | lr 0.001704
2025-10-16 19:53:20,938 | INFO | Iter 1400/5004 | loss 0.0107 | lr 0.001704
2025-10-16 19:53:41,968 | INFO | Iter 1450/5004 | loss 0.0107 | lr 0.001704
2025-10-16 19:54:02,999 | INFO | Iter 1500/5004 | loss 0.0107 | lr 0.001704
2025-10-16 19:54:24,032 | INFO | Iter 1550/5004 | loss 0.0106 | lr 0.001704
2025-10-16 19:54:45,067 | INFO | Iter 1600/5004 | loss 0.0106 | lr 0.001704
2025-10-16 19:55:06,096 | INFO | Iter 1650/5004 | loss 0.0106 | lr 0.001704
2025-10-16 19:55:27,122 | INFO | Iter 1700/5004 | loss 0.0106 | lr 0.001704
2025-10-16 19:55:48,153 | INFO | Iter 1750/5004 | loss 0.0106 | lr 0.001704
2025-10-16 19:56:09,183 | INFO | Iter 1800/5004 | loss 0.0106 | lr 0.001704
2025-10-16 19:56:30,213 | INFO | Iter 1850/5004 | loss 0.0106 | lr 0.001704
2025-10-16 19:56:51,244 | INFO | Iter 1900/5004 | loss 0.0106 | lr 0.001704
2025-10-16 19:57:12,275 | INFO | Iter 1950/5004 | loss 0.0106 | lr 0.001704
2025-10-16 19:57:33,305 | INFO | Iter 2000/5004 | loss 0.0106 | lr 0.001704
2025-10-16 19:57:54,334 | INFO | Iter 2050/5004 | loss 0.0106 | lr 0.001704
2025-10-16 19:58:15,366 | INFO | Iter 2100/5004 | loss 0.0106 | lr 0.001704
2025-10-16 19:58:36,396 | INFO | Iter 2150/5004 | loss 0.0106 | lr 0.001704
2025-10-16 19:58:57,424 | INFO | Iter 2200/5004 | loss 0.0106 | lr 0.001704
2025-10-16 19:59:18,456 | INFO | Iter 2250/5004 | loss 0.0106 | lr 0.001704
2025-10-16 19:59:39,486 | INFO | Iter 2300/5004 | loss 0.0106 | lr 0.001704
2025-10-16 20:00:00,517 | INFO | Iter 2350/5004 | loss 0.0106 | lr 0.001704
2025-10-16 20:00:21,547 | INFO | Iter 2400/5004 | loss 0.0106 | lr 0.001704
2025-10-16 20:00:42,579 | INFO | Iter 2450/5004 | loss 0.0106 | lr 0.001704
2025-10-16 20:01:03,608 | INFO | Iter 2500/5004 | loss 0.0106 | lr 0.001704
2025-10-16 20:01:24,638 | INFO | Iter 2550/5004 | loss 0.0106 | lr 0.001704
2025-10-16 20:01:45,670 | INFO | Iter 2600/5004 | loss 0.0106 | lr 0.001704
2025-10-16 20:02:06,699 | INFO | Iter 2650/5004 | loss 0.0106 | lr 0.001704
2025-10-16 20:02:27,731 | INFO | Iter 2700/5004 | loss 0.0106 | lr 0.001704
2025-10-16 20:02:48,763 | INFO | Iter 2750/5004 | loss 0.0106 | lr 0.001704
2025-10-16 20:03:09,791 | INFO | Iter 2800/5004 | loss 0.0106 | lr 0.001704
2025-10-16 20:03:30,822 | INFO | Iter 2850/5004 | loss 0.0106 | lr 0.001704
2025-10-16 20:03:51,854 | INFO | Iter 2900/5004 | loss 0.0106 | lr 0.001704
2025-10-16 20:04:12,885 | INFO | Iter 2950/5004 | loss 0.0106 | lr 0.001704
2025-10-16 20:04:33,918 | INFO | Iter 3000/5004 | loss 0.0106 | lr 0.001704
2025-10-16 20:04:54,948 | INFO | Iter 3050/5004 | loss 0.0106 | lr 0.001704
2025-10-16 20:05:15,981 | INFO | Iter 3100/5004 | loss 0.0106 | lr 0.001704
2025-10-16 20:05:37,013 | INFO | Iter 3150/5004 | loss 0.0106 | lr 0.001704
2025-10-16 20:05:58,046 | INFO | Iter 3200/5004 | loss 0.0106 | lr 0.001704
2025-10-16 20:06:19,076 | INFO | Iter 3250/5004 | loss 0.0106 | lr 0.001704
2025-10-16 20:06:40,106 | INFO | Iter 3300/5004 | loss 0.0106 | lr 0.001704
2025-10-16 20:07:01,137 | INFO | Iter 3350/5004 | loss 0.0106 | lr 0.001704
2025-10-16 20:07:22,171 | INFO | Iter 3400/5004 | loss 0.0106 | lr 0.001704
2025-10-16 20:07:43,202 | INFO | Iter 3450/5004 | loss 0.0106 | lr 0.001704
2025-10-16 20:08:04,234 | INFO | Iter 3500/5004 | loss 0.0106 | lr 0.001704
2025-10-16 20:08:25,265 | INFO | Iter 3550/5004 | loss 0.0106 | lr 0.001704
2025-10-16 20:08:46,295 | INFO | Iter 3600/5004 | loss 0.0106 | lr 0.001704
2025-10-16 20:09:07,324 | INFO | Iter 3650/5004 | loss 0.0106 | lr 0.001704
2025-10-16 20:09:28,349 | INFO | Iter 3700/5004 | loss 0.0106 | lr 0.001704
2025-10-16 20:09:49,378 | INFO | Iter 3750/5004 | loss 0.0106 | lr 0.001704
2025-10-16 20:10:10,413 | INFO | Iter 3800/5004 | loss 0.0106 | lr 0.001704
2025-10-16 20:10:31,442 | INFO | Iter 3850/5004 | loss 0.0106 | lr 0.001704
2025-10-16 20:10:52,474 | INFO | Iter 3900/5004 | loss 0.0106 | lr 0.001704
2025-10-16 20:11:13,504 | INFO | Iter 3950/5004 | loss 0.0106 | lr 0.001704
2025-10-16 20:11:34,532 | INFO | Iter 4000/5004 | loss 0.0106 | lr 0.001704
2025-10-16 20:11:55,563 | INFO | Iter 4050/5004 | loss 0.0106 | lr 0.001704
2025-10-16 20:12:16,592 | INFO | Iter 4100/5004 | loss 0.0106 | lr 0.001704
2025-10-16 20:12:37,623 | INFO | Iter 4150/5004 | loss 0.0106 | lr 0.001704
2025-10-16 20:12:58,653 | INFO | Iter 4200/5004 | loss 0.0106 | lr 0.001704
2025-10-16 20:13:19,685 | INFO | Iter 4250/5004 | loss 0.0106 | lr 0.001704
2025-10-16 20:13:40,713 | INFO | Iter 4300/5004 | loss 0.0106 | lr 0.001704
2025-10-16 20:14:01,743 | INFO | Iter 4350/5004 | loss 0.0106 | lr 0.001704
2025-10-16 20:14:22,772 | INFO | Iter 4400/5004 | loss 0.0106 | lr 0.001704
2025-10-16 20:14:43,805 | INFO | Iter 4450/5004 | loss 0.0106 | lr 0.001704
2025-10-16 20:15:04,832 | INFO | Iter 4500/5004 | loss 0.0106 | lr 0.001704
2025-10-16 20:15:25,861 | INFO | Iter 4550/5004 | loss 0.0106 | lr 0.001704
2025-10-16 20:15:46,892 | INFO | Iter 4600/5004 | loss 0.0106 | lr 0.001704
2025-10-16 20:16:07,922 | INFO | Iter 4650/5004 | loss 0.0106 | lr 0.001704
2025-10-16 20:16:28,954 | INFO | Iter 4700/5004 | loss 0.0106 | lr 0.001704
2025-10-16 20:16:49,982 | INFO | Iter 4750/5004 | loss 0.0106 | lr 0.001704
2025-10-16 20:17:11,007 | INFO | Iter 4800/5004 | loss 0.0106 | lr 0.001704
2025-10-16 20:17:32,039 | INFO | Iter 4850/5004 | loss 0.0106 | lr 0.001704
2025-10-16 20:17:53,069 | INFO | Iter 4900/5004 | loss 0.0106 | lr 0.001704
2025-10-16 20:18:14,099 | INFO | Iter 4950/5004 | loss 0.0106 | lr 0.001704
2025-10-16 20:18:35,120 | INFO | Iter 5000/5004 | loss 0.0106 | lr 0.001704
2025-10-16 20:19:26,212 | INFO | Epoch 86/90 | Train loss 0.0106 | Val acc@1 76.55 | acc@5 93.34 | LR 0.001704
2025-10-16 20:19:49,012 | INFO | Iter 50/5004 | loss 0.0105 | lr 0.001704
2025-10-16 20:20:10,040 | INFO | Iter 100/5004 | loss 0.0104 | lr 0.001704
2025-10-16 20:20:31,071 | INFO | Iter 150/5004 | loss 0.0107 | lr 0.001704
2025-10-16 20:20:52,104 | INFO | Iter 200/5004 | loss 0.0106 | lr 0.001704
2025-10-16 20:21:13,137 | INFO | Iter 250/5004 | loss 0.0106 | lr 0.001704
2025-10-16 20:21:34,167 | INFO | Iter 300/5004 | loss 0.0106 | lr 0.001704
2025-10-16 20:21:55,199 | INFO | Iter 350/5004 | loss 0.0106 | lr 0.001704
2025-10-16 20:22:16,230 | INFO | Iter 400/5004 | loss 0.0105 | lr 0.001704
2025-10-16 20:22:37,260 | INFO | Iter 450/5004 | loss 0.0106 | lr 0.001704
2025-10-16 20:22:58,292 | INFO | Iter 500/5004 | loss 0.0105 | lr 0.001704
2025-10-16 20:23:19,322 | INFO | Iter 550/5004 | loss 0.0105 | lr 0.001704
2025-10-16 20:23:40,354 | INFO | Iter 600/5004 | loss 0.0105 | lr 0.001704
2025-10-16 20:24:01,384 | INFO | Iter 650/5004 | loss 0.0105 | lr 0.001704
2025-10-16 20:24:22,412 | INFO | Iter 700/5004 | loss 0.0106 | lr 0.001704
2025-10-16 20:24:43,441 | INFO | Iter 750/5004 | loss 0.0105 | lr 0.001704
2025-10-16 20:25:04,471 | INFO | Iter 800/5004 | loss 0.0106 | lr 0.001704
2025-10-16 20:25:25,502 | INFO | Iter 850/5004 | loss 0.0105 | lr 0.001704
2025-10-16 20:25:46,532 | INFO | Iter 900/5004 | loss 0.0106 | lr 0.001704
2025-10-16 20:26:07,560 | INFO | Iter 950/5004 | loss 0.0106 | lr 0.001704
2025-10-16 20:26:28,590 | INFO | Iter 1000/5004 | loss 0.0106 | lr 0.001704
2025-10-16 20:26:49,620 | INFO | Iter 1050/5004 | loss 0.0106 | lr 0.001704
2025-10-16 20:27:10,651 | INFO | Iter 1100/5004 | loss 0.0106 | lr 0.001704
2025-10-16 20:27:31,683 | INFO | Iter 1150/5004 | loss 0.0106 | lr 0.001704
2025-10-16 20:27:52,713 | INFO | Iter 1200/5004 | loss 0.0106 | lr 0.001704
2025-10-16 20:28:13,742 | INFO | Iter 1250/5004 | loss 0.0106 | lr 0.001704
2025-10-16 20:28:34,773 | INFO | Iter 1300/5004 | loss 0.0106 | lr 0.001704
2025-10-16 20:28:55,803 | INFO | Iter 1350/5004 | loss 0.0106 | lr 0.001704
2025-10-16 20:29:16,833 | INFO | Iter 1400/5004 | loss 0.0106 | lr 0.001704
2025-10-16 20:29:37,863 | INFO | Iter 1450/5004 | loss 0.0106 | lr 0.001704
2025-10-16 20:29:58,894 | INFO | Iter 1500/5004 | loss 0.0106 | lr 0.001704
2025-10-16 20:30:19,927 | INFO | Iter 1550/5004 | loss 0.0106 | lr 0.001704
2025-10-16 20:30:40,958 | INFO | Iter 1600/5004 | loss 0.0106 | lr 0.001704
2025-10-16 20:31:01,988 | INFO | Iter 1650/5004 | loss 0.0106 | lr 0.001704
2025-10-16 20:31:23,017 | INFO | Iter 1700/5004 | loss 0.0106 | lr 0.001704
2025-10-16 20:31:44,046 | INFO | Iter 1750/5004 | loss 0.0105 | lr 0.001704
2025-10-16 20:32:05,078 | INFO | Iter 1800/5004 | loss 0.0105 | lr 0.001704
2025-10-16 20:32:26,108 | INFO | Iter 1850/5004 | loss 0.0105 | lr 0.001704
2025-10-16 20:32:47,138 | INFO | Iter 1900/5004 | loss 0.0105 | lr 0.001704
2025-10-16 20:33:08,168 | INFO | Iter 1950/5004 | loss 0.0105 | lr 0.001704
2025-10-16 20:33:29,196 | INFO | Iter 2000/5004 | loss 0.0105 | lr 0.001704
2025-10-16 20:33:50,226 | INFO | Iter 2050/5004 | loss 0.0105 | lr 0.001704
2025-10-16 20:34:11,254 | INFO | Iter 2100/5004 | loss 0.0105 | lr 0.001704
2025-10-16 20:34:32,285 | INFO | Iter 2150/5004 | loss 0.0105 | lr 0.001704
2025-10-16 20:34:53,317 | INFO | Iter 2200/5004 | loss 0.0105 | lr 0.001704
2025-10-16 20:35:14,349 | INFO | Iter 2250/5004 | loss 0.0105 | lr 0.001704
2025-10-16 20:35:35,380 | INFO | Iter 2300/5004 | loss 0.0105 | lr 0.001704
2025-10-16 20:35:56,411 | INFO | Iter 2350/5004 | loss 0.0105 | lr 0.001704
2025-10-16 20:36:17,440 | INFO | Iter 2400/5004 | loss 0.0105 | lr 0.001704
2025-10-16 20:36:38,471 | INFO | Iter 2450/5004 | loss 0.0105 | lr 0.001704
2025-10-16 20:36:59,502 | INFO | Iter 2500/5004 | loss 0.0105 | lr 0.001704
2025-10-16 20:37:20,537 | INFO | Iter 2550/5004 | loss 0.0105 | lr 0.001704
2025-10-16 20:37:41,566 | INFO | Iter 2600/5004 | loss 0.0105 | lr 0.001704
2025-10-16 20:38:02,596 | INFO | Iter 2650/5004 | loss 0.0105 | lr 0.001704
2025-10-16 20:38:23,624 | INFO | Iter 2700/5004 | loss 0.0105 | lr 0.001704
2025-10-16 20:38:44,654 | INFO | Iter 2750/5004 | loss 0.0105 | lr 0.001704
2025-10-16 20:39:05,683 | INFO | Iter 2800/5004 | loss 0.0105 | lr 0.001704
2025-10-16 20:39:26,715 | INFO | Iter 2850/5004 | loss 0.0105 | lr 0.001704
2025-10-16 20:39:47,743 | INFO | Iter 2900/5004 | loss 0.0105 | lr 0.001704
2025-10-16 20:40:08,774 | INFO | Iter 2950/5004 | loss 0.0105 | lr 0.001704
2025-10-16 20:40:29,804 | INFO | Iter 3000/5004 | loss 0.0105 | lr 0.001704
2025-10-16 20:40:50,837 | INFO | Iter 3050/5004 | loss 0.0105 | lr 0.001704
2025-10-16 20:41:11,868 | INFO | Iter 3100/5004 | loss 0.0105 | lr 0.001704
2025-10-16 20:41:32,897 | INFO | Iter 3150/5004 | loss 0.0105 | lr 0.001704
2025-10-16 20:41:53,927 | INFO | Iter 3200/5004 | loss 0.0105 | lr 0.001704
2025-10-16 20:42:14,957 | INFO | Iter 3250/5004 | loss 0.0105 | lr 0.001704
2025-10-16 20:42:35,987 | INFO | Iter 3300/5004 | loss 0.0105 | lr 0.001704
2025-10-16 20:42:57,020 | INFO | Iter 3350/5004 | loss 0.0105 | lr 0.001704
2025-10-16 20:43:18,051 | INFO | Iter 3400/5004 | loss 0.0105 | lr 0.001704
2025-10-16 20:43:39,081 | INFO | Iter 3450/5004 | loss 0.0105 | lr 0.001704
2025-10-16 20:44:00,110 | INFO | Iter 3500/5004 | loss 0.0105 | lr 0.001704
2025-10-16 20:44:21,142 | INFO | Iter 3550/5004 | loss 0.0105 | lr 0.001704
2025-10-16 20:44:42,174 | INFO | Iter 3600/5004 | loss 0.0105 | lr 0.001704
2025-10-16 20:45:03,207 | INFO | Iter 3650/5004 | loss 0.0105 | lr 0.001704
2025-10-16 20:45:24,237 | INFO | Iter 3700/5004 | loss 0.0105 | lr 0.001704
2025-10-16 20:45:45,269 | INFO | Iter 3750/5004 | loss 0.0105 | lr 0.001704
2025-10-16 20:46:06,301 | INFO | Iter 3800/5004 | loss 0.0105 | lr 0.001704
2025-10-16 20:46:27,331 | INFO | Iter 3850/5004 | loss 0.0105 | lr 0.001704
2025-10-16 20:46:48,360 | INFO | Iter 3900/5004 | loss 0.0105 | lr 0.001704
2025-10-16 20:47:09,390 | INFO | Iter 3950/5004 | loss 0.0105 | lr 0.001704
2025-10-16 20:47:30,424 | INFO | Iter 4000/5004 | loss 0.0105 | lr 0.001704
2025-10-16 20:47:51,456 | INFO | Iter 4050/5004 | loss 0.0105 | lr 0.001704
2025-10-16 20:48:12,487 | INFO | Iter 4100/5004 | loss 0.0105 | lr 0.001704
2025-10-16 20:48:33,519 | INFO | Iter 4150/5004 | loss 0.0105 | lr 0.001704
2025-10-16 20:48:54,545 | INFO | Iter 4200/5004 | loss 0.0105 | lr 0.001704
2025-10-16 20:49:15,577 | INFO | Iter 4250/5004 | loss 0.0105 | lr 0.001704
2025-10-16 20:49:36,609 | INFO | Iter 4300/5004 | loss 0.0105 | lr 0.001704
2025-10-16 20:49:57,640 | INFO | Iter 4350/5004 | loss 0.0105 | lr 0.001704
2025-10-16 20:50:18,670 | INFO | Iter 4400/5004 | loss 0.0105 | lr 0.001704
2025-10-16 20:50:39,698 | INFO | Iter 4450/5004 | loss 0.0105 | lr 0.001704
2025-10-16 20:51:00,729 | INFO | Iter 4500/5004 | loss 0.0105 | lr 0.001704
2025-10-16 20:51:21,758 | INFO | Iter 4550/5004 | loss 0.0105 | lr 0.001704
2025-10-16 20:51:42,789 | INFO | Iter 4600/5004 | loss 0.0105 | lr 0.001704
2025-10-16 20:52:03,819 | INFO | Iter 4650/5004 | loss 0.0105 | lr 0.001704
2025-10-16 20:52:24,851 | INFO | Iter 4700/5004 | loss 0.0105 | lr 0.001704
2025-10-16 20:52:45,883 | INFO | Iter 4750/5004 | loss 0.0105 | lr 0.001704
2025-10-16 20:53:06,909 | INFO | Iter 4800/5004 | loss 0.0105 | lr 0.001704
2025-10-16 20:53:27,939 | INFO | Iter 4850/5004 | loss 0.0105 | lr 0.001704
2025-10-16 20:53:48,966 | INFO | Iter 4900/5004 | loss 0.0105 | lr 0.001704
2025-10-16 20:54:09,994 | INFO | Iter 4950/5004 | loss 0.0105 | lr 0.001704
2025-10-16 20:54:31,017 | INFO | Iter 5000/5004 | loss 0.0105 | lr 0.001704
2025-10-16 20:55:19,419 | INFO | Epoch 87/90 | Train loss 0.0105 | Val acc@1 76.46 | acc@5 93.37 | LR 0.001704
2025-10-16 20:55:41,983 | INFO | Iter 50/5004 | loss 0.0105 | lr 0.001704
2025-10-16 20:56:03,012 | INFO | Iter 100/5004 | loss 0.0103 | lr 0.001704
2025-10-16 20:56:24,040 | INFO | Iter 150/5004 | loss 0.0104 | lr 0.001704
2025-10-16 20:56:45,066 | INFO | Iter 200/5004 | loss 0.0107 | lr 0.001704
2025-10-16 20:57:06,095 | INFO | Iter 250/5004 | loss 0.0106 | lr 0.001704
2025-10-16 20:57:27,127 | INFO | Iter 300/5004 | loss 0.0108 | lr 0.001704
2025-10-16 20:57:48,160 | INFO | Iter 350/5004 | loss 0.0107 | lr 0.001704
2025-10-16 20:58:09,187 | INFO | Iter 400/5004 | loss 0.0106 | lr 0.001704
2025-10-16 20:58:30,219 | INFO | Iter 450/5004 | loss 0.0106 | lr 0.001704
2025-10-16 20:58:51,251 | INFO | Iter 500/5004 | loss 0.0106 | lr 0.001704
2025-10-16 20:59:12,281 | INFO | Iter 550/5004 | loss 0.0106 | lr 0.001704
2025-10-16 20:59:33,311 | INFO | Iter 600/5004 | loss 0.0106 | lr 0.001704
2025-10-16 20:59:54,341 | INFO | Iter 650/5004 | loss 0.0106 | lr 0.001704
2025-10-16 21:00:15,371 | INFO | Iter 700/5004 | loss 0.0106 | lr 0.001704
2025-10-16 21:00:36,401 | INFO | Iter 750/5004 | loss 0.0105 | lr 0.001704
2025-10-16 21:00:57,430 | INFO | Iter 800/5004 | loss 0.0105 | lr 0.001704
2025-10-16 21:01:18,458 | INFO | Iter 850/5004 | loss 0.0105 | lr 0.001704
2025-10-16 21:01:39,491 | INFO | Iter 900/5004 | loss 0.0105 | lr 0.001704
2025-10-16 21:02:00,521 | INFO | Iter 950/5004 | loss 0.0105 | lr 0.001704
2025-10-16 21:02:21,552 | INFO | Iter 1000/5004 | loss 0.0105 | lr 0.001704
2025-10-16 21:02:42,583 | INFO | Iter 1050/5004 | loss 0.0105 | lr 0.001704
2025-10-16 21:03:03,613 | INFO | Iter 1100/5004 | loss 0.0104 | lr 0.001704
2025-10-16 21:03:24,645 | INFO | Iter 1150/5004 | loss 0.0104 | lr 0.001704
2025-10-16 21:03:45,678 | INFO | Iter 1200/5004 | loss 0.0104 | lr 0.001704
2025-10-16 21:04:06,709 | INFO | Iter 1250/5004 | loss 0.0104 | lr 0.001704
2025-10-16 21:04:27,739 | INFO | Iter 1300/5004 | loss 0.0105 | lr 0.001704
2025-10-16 21:04:48,768 | INFO | Iter 1350/5004 | loss 0.0105 | lr 0.001704
2025-10-16 21:05:09,799 | INFO | Iter 1400/5004 | loss 0.0105 | lr 0.001704
2025-10-16 21:05:30,830 | INFO | Iter 1450/5004 | loss 0.0105 | lr 0.001704
2025-10-16 21:05:51,861 | INFO | Iter 1500/5004 | loss 0.0105 | lr 0.001704
2025-10-16 21:06:12,891 | INFO | Iter 1550/5004 | loss 0.0105 | lr 0.001704
2025-10-16 21:06:33,919 | INFO | Iter 1600/5004 | loss 0.0105 | lr 0.001704
2025-10-16 21:06:54,949 | INFO | Iter 1650/5004 | loss 0.0105 | lr 0.001704
2025-10-16 21:07:15,979 | INFO | Iter 1700/5004 | loss 0.0105 | lr 0.001704
2025-10-16 21:07:37,012 | INFO | Iter 1750/5004 | loss 0.0104 | lr 0.001704
2025-10-16 21:07:58,042 | INFO | Iter 1800/5004 | loss 0.0104 | lr 0.001704
2025-10-16 21:08:19,073 | INFO | Iter 1850/5004 | loss 0.0104 | lr 0.001704
2025-10-16 21:08:40,103 | INFO | Iter 1900/5004 | loss 0.0104 | lr 0.001704
2025-10-16 21:09:01,134 | INFO | Iter 1950/5004 | loss 0.0105 | lr 0.001704
2025-10-16 21:09:22,165 | INFO | Iter 2000/5004 | loss 0.0105 | lr 0.001704
2025-10-16 21:09:43,196 | INFO | Iter 2050/5004 | loss 0.0105 | lr 0.001704
2025-10-16 21:10:04,227 | INFO | Iter 2100/5004 | loss 0.0105 | lr 0.001704
2025-10-16 21:10:25,257 | INFO | Iter 2150/5004 | loss 0.0105 | lr 0.001704
2025-10-16 21:10:46,289 | INFO | Iter 2200/5004 | loss 0.0105 | lr 0.001704
2025-10-16 21:11:07,318 | INFO | Iter 2250/5004 | loss 0.0105 | lr 0.001704
2025-10-16 21:11:28,347 | INFO | Iter 2300/5004 | loss 0.0105 | lr 0.001704
2025-10-16 21:11:49,378 | INFO | Iter 2350/5004 | loss 0.0105 | lr 0.001704
2025-10-16 21:12:10,406 | INFO | Iter 2400/5004 | loss 0.0105 | lr 0.001704
2025-10-16 21:12:31,434 | INFO | Iter 2450/5004 | loss 0.0105 | lr 0.001704
2025-10-16 21:12:52,464 | INFO | Iter 2500/5004 | loss 0.0105 | lr 0.001704
2025-10-16 21:13:13,494 | INFO | Iter 2550/5004 | loss 0.0105 | lr 0.001704
2025-10-16 21:13:34,523 | INFO | Iter 2600/5004 | loss 0.0105 | lr 0.001704
2025-10-16 21:13:55,555 | INFO | Iter 2650/5004 | loss 0.0105 | lr 0.001704
2025-10-16 21:14:16,586 | INFO | Iter 2700/5004 | loss 0.0105 | lr 0.001704
2025-10-16 21:14:37,617 | INFO | Iter 2750/5004 | loss 0.0105 | lr 0.001704
2025-10-16 21:14:58,650 | INFO | Iter 2800/5004 | loss 0.0105 | lr 0.001704
2025-10-16 21:15:19,681 | INFO | Iter 2850/5004 | loss 0.0105 | lr 0.001704
2025-10-16 21:15:40,712 | INFO | Iter 2900/5004 | loss 0.0104 | lr 0.001704
2025-10-16 21:16:01,744 | INFO | Iter 2950/5004 | loss 0.0105 | lr 0.001704
2025-10-16 21:16:22,774 | INFO | Iter 3000/5004 | loss 0.0105 | lr 0.001704
2025-10-16 21:16:43,807 | INFO | Iter 3050/5004 | loss 0.0105 | lr 0.001704
2025-10-16 21:17:04,837 | INFO | Iter 3100/5004 | loss 0.0105 | lr 0.001704
2025-10-16 21:17:25,866 | INFO | Iter 3150/5004 | loss 0.0105 | lr 0.001704
2025-10-16 21:17:46,894 | INFO | Iter 3200/5004 | loss 0.0104 | lr 0.001704
2025-10-16 21:18:07,924 | INFO | Iter 3250/5004 | loss 0.0104 | lr 0.001704
2025-10-16 21:18:28,957 | INFO | Iter 3300/5004 | loss 0.0105 | lr 0.001704
2025-10-16 21:18:49,988 | INFO | Iter 3350/5004 | loss 0.0105 | lr 0.001704
2025-10-16 21:19:11,023 | INFO | Iter 3400/5004 | loss 0.0105 | lr 0.001704
2025-10-16 21:19:32,051 | INFO | Iter 3450/5004 | loss 0.0105 | lr 0.001704
2025-10-16 21:19:53,080 | INFO | Iter 3500/5004 | loss 0.0105 | lr 0.001704
2025-10-16 21:20:14,108 | INFO | Iter 3550/5004 | loss 0.0105 | lr 0.001704
2025-10-16 21:20:35,138 | INFO | Iter 3600/5004 | loss 0.0105 | lr 0.001704
2025-10-16 21:20:56,165 | INFO | Iter 3650/5004 | loss 0.0105 | lr 0.001704
2025-10-16 21:21:17,199 | INFO | Iter 3700/5004 | loss 0.0105 | lr 0.001704
2025-10-16 21:21:38,229 | INFO | Iter 3750/5004 | loss 0.0105 | lr 0.001704
2025-10-16 21:21:59,257 | INFO | Iter 3800/5004 | loss 0.0105 | lr 0.001704
2025-10-16 21:22:20,290 | INFO | Iter 3850/5004 | loss 0.0105 | lr 0.001704
2025-10-16 21:22:41,321 | INFO | Iter 3900/5004 | loss 0.0105 | lr 0.001704
2025-10-16 21:23:02,354 | INFO | Iter 3950/5004 | loss 0.0105 | lr 0.001704
2025-10-16 21:23:23,385 | INFO | Iter 4000/5004 | loss 0.0105 | lr 0.001704
2025-10-16 21:23:44,415 | INFO | Iter 4050/5004 | loss 0.0105 | lr 0.001704
2025-10-16 21:24:05,443 | INFO | Iter 4100/5004 | loss 0.0105 | lr 0.001704
2025-10-16 21:24:26,475 | INFO | Iter 4150/5004 | loss 0.0105 | lr 0.001704
2025-10-16 21:24:47,504 | INFO | Iter 4200/5004 | loss 0.0105 | lr 0.001704
2025-10-16 21:25:08,533 | INFO | Iter 4250/5004 | loss 0.0105 | lr 0.001704
2025-10-16 21:25:29,564 | INFO | Iter 4300/5004 | loss 0.0105 | lr 0.001704
2025-10-16 21:25:50,593 | INFO | Iter 4350/5004 | loss 0.0105 | lr 0.001704
2025-10-16 21:26:11,624 | INFO | Iter 4400/5004 | loss 0.0105 | lr 0.001704
2025-10-16 21:26:32,654 | INFO | Iter 4450/5004 | loss 0.0105 | lr 0.001704
2025-10-16 21:26:53,685 | INFO | Iter 4500/5004 | loss 0.0105 | lr 0.001704
2025-10-16 21:27:14,715 | INFO | Iter 4550/5004 | loss 0.0105 | lr 0.001704
2025-10-16 21:27:35,748 | INFO | Iter 4600/5004 | loss 0.0105 | lr 0.001704
2025-10-16 21:27:56,777 | INFO | Iter 4650/5004 | loss 0.0105 | lr 0.001704
2025-10-16 21:28:17,809 | INFO | Iter 4700/5004 | loss 0.0105 | lr 0.001704
2025-10-16 21:28:38,838 | INFO | Iter 4750/5004 | loss 0.0104 | lr 0.001704
2025-10-16 21:28:59,864 | INFO | Iter 4800/5004 | loss 0.0104 | lr 0.001704
2025-10-16 21:29:20,891 | INFO | Iter 4850/5004 | loss 0.0104 | lr 0.001704
2025-10-16 21:29:41,927 | INFO | Iter 4900/5004 | loss 0.0105 | lr 0.001704
2025-10-16 21:30:02,956 | INFO | Iter 4950/5004 | loss 0.0104 | lr 0.001704
2025-10-16 21:30:23,975 | INFO | Iter 5000/5004 | loss 0.0105 | lr 0.001704
2025-10-16 21:31:15,492 | INFO | Epoch 88/90 | Train loss 0.0105 | Val acc@1 76.88 | acc@5 93.51 | LR 0.001704
2025-10-16 21:31:38,424 | INFO | Iter 50/5004 | loss 0.0098 | lr 0.001704
2025-10-16 21:31:59,452 | INFO | Iter 100/5004 | loss 0.0101 | lr 0.001704
2025-10-16 21:32:20,481 | INFO | Iter 150/5004 | loss 0.0104 | lr 0.001704
2025-10-16 21:32:41,509 | INFO | Iter 200/5004 | loss 0.0104 | lr 0.001704
2025-10-16 21:33:02,536 | INFO | Iter 250/5004 | loss 0.0105 | lr 0.001704
2025-10-16 21:33:23,568 | INFO | Iter 300/5004 | loss 0.0106 | lr 0.001704
2025-10-16 21:33:44,600 | INFO | Iter 350/5004 | loss 0.0106 | lr 0.001704
2025-10-16 21:34:05,628 | INFO | Iter 400/5004 | loss 0.0105 | lr 0.001704
2025-10-16 21:34:26,657 | INFO | Iter 450/5004 | loss 0.0105 | lr 0.001704
2025-10-16 21:34:47,687 | INFO | Iter 500/5004 | loss 0.0104 | lr 0.001704
2025-10-16 21:35:08,719 | INFO | Iter 550/5004 | loss 0.0104 | lr 0.001704
2025-10-16 21:35:29,750 | INFO | Iter 600/5004 | loss 0.0105 | lr 0.001704
2025-10-16 21:35:50,781 | INFO | Iter 650/5004 | loss 0.0105 | lr 0.001704
2025-10-16 21:36:11,812 | INFO | Iter 700/5004 | loss 0.0105 | lr 0.001704
2025-10-16 21:36:32,843 | INFO | Iter 750/5004 | loss 0.0105 | lr 0.001704
2025-10-16 21:36:53,873 | INFO | Iter 800/5004 | loss 0.0104 | lr 0.001704
2025-10-16 21:37:14,903 | INFO | Iter 850/5004 | loss 0.0105 | lr 0.001704
2025-10-16 21:37:35,934 | INFO | Iter 900/5004 | loss 0.0105 | lr 0.001704
2025-10-16 21:37:56,965 | INFO | Iter 950/5004 | loss 0.0105 | lr 0.001704
2025-10-16 21:38:17,999 | INFO | Iter 1000/5004 | loss 0.0105 | lr 0.001704
2025-10-16 21:38:39,029 | INFO | Iter 1050/5004 | loss 0.0105 | lr 0.001704
2025-10-16 21:39:00,058 | INFO | Iter 1100/5004 | loss 0.0105 | lr 0.001704
2025-10-16 21:39:21,088 | INFO | Iter 1150/5004 | loss 0.0105 | lr 0.001704
2025-10-16 21:39:42,117 | INFO | Iter 1200/5004 | loss 0.0105 | lr 0.001704
2025-10-16 21:40:03,145 | INFO | Iter 1250/5004 | loss 0.0105 | lr 0.001704
2025-10-16 21:40:24,175 | INFO | Iter 1300/5004 | loss 0.0105 | lr 0.001704
2025-10-16 21:40:45,206 | INFO | Iter 1350/5004 | loss 0.0105 | lr 0.001704
2025-10-16 21:41:06,238 | INFO | Iter 1400/5004 | loss 0.0105 | lr 0.001704
2025-10-16 21:41:27,267 | INFO | Iter 1450/5004 | loss 0.0105 | lr 0.001704
2025-10-16 21:41:48,298 | INFO | Iter 1500/5004 | loss 0.0105 | lr 0.001704
2025-10-16 21:42:09,329 | INFO | Iter 1550/5004 | loss 0.0105 | lr 0.001704
2025-10-16 21:42:30,356 | INFO | Iter 1600/5004 | loss 0.0105 | lr 0.001704
2025-10-16 21:42:51,385 | INFO | Iter 1650/5004 | loss 0.0105 | lr 0.001704
2025-10-16 21:43:12,413 | INFO | Iter 1700/5004 | loss 0.0105 | lr 0.001704
2025-10-16 21:43:33,443 | INFO | Iter 1750/5004 | loss 0.0105 | lr 0.001704
2025-10-16 21:43:54,474 | INFO | Iter 1800/5004 | loss 0.0105 | lr 0.001704
2025-10-16 21:44:15,504 | INFO | Iter 1850/5004 | loss 0.0105 | lr 0.001704
2025-10-16 21:44:36,535 | INFO | Iter 1900/5004 | loss 0.0105 | lr 0.001704
2025-10-16 21:44:57,563 | INFO | Iter 1950/5004 | loss 0.0104 | lr 0.001704
2025-10-16 21:45:18,592 | INFO | Iter 2000/5004 | loss 0.0104 | lr 0.001704
2025-10-16 21:45:39,623 | INFO | Iter 2050/5004 | loss 0.0105 | lr 0.001704
2025-10-16 21:46:00,652 | INFO | Iter 2100/5004 | loss 0.0104 | lr 0.001704
2025-10-16 21:46:21,683 | INFO | Iter 2150/5004 | loss 0.0104 | lr 0.001704
2025-10-16 21:46:42,713 | INFO | Iter 2200/5004 | loss 0.0104 | lr 0.001704
2025-10-16 21:47:03,741 | INFO | Iter 2250/5004 | loss 0.0104 | lr 0.001704
2025-10-16 21:47:24,771 | INFO | Iter 2300/5004 | loss 0.0104 | lr 0.001704
2025-10-16 21:47:45,803 | INFO | Iter 2350/5004 | loss 0.0104 | lr 0.001704
2025-10-16 21:48:06,834 | INFO | Iter 2400/5004 | loss 0.0104 | lr 0.001704
2025-10-16 21:48:27,865 | INFO | Iter 2450/5004 | loss 0.0104 | lr 0.001704
2025-10-16 21:48:48,896 | INFO | Iter 2500/5004 | loss 0.0104 | lr 0.001704
2025-10-16 21:49:09,924 | INFO | Iter 2550/5004 | loss 0.0104 | lr 0.001704
2025-10-16 21:49:30,955 | INFO | Iter 2600/5004 | loss 0.0104 | lr 0.001704
2025-10-16 21:49:51,982 | INFO | Iter 2650/5004 | loss 0.0104 | lr 0.001704
2025-10-16 21:50:13,014 | INFO | Iter 2700/5004 | loss 0.0104 | lr 0.001704
2025-10-16 21:50:34,044 | INFO | Iter 2750/5004 | loss 0.0104 | lr 0.001704
2025-10-16 21:50:55,074 | INFO | Iter 2800/5004 | loss 0.0104 | lr 0.001704
2025-10-16 21:51:16,104 | INFO | Iter 2850/5004 | loss 0.0104 | lr 0.001704
2025-10-16 21:51:37,132 | INFO | Iter 2900/5004 | loss 0.0104 | lr 0.001704
2025-10-16 21:51:58,162 | INFO | Iter 2950/5004 | loss 0.0104 | lr 0.001704
2025-10-16 21:52:19,189 | INFO | Iter 3000/5004 | loss 0.0104 | lr 0.001704
2025-10-16 21:52:40,221 | INFO | Iter 3050/5004 | loss 0.0104 | lr 0.001704
2025-10-16 21:53:01,249 | INFO | Iter 3100/5004 | loss 0.0104 | lr 0.001704
2025-10-16 21:53:22,279 | INFO | Iter 3150/5004 | loss 0.0104 | lr 0.001704
2025-10-16 21:53:43,310 | INFO | Iter 3200/5004 | loss 0.0104 | lr 0.001704
2025-10-16 21:54:04,338 | INFO | Iter 3250/5004 | loss 0.0104 | lr 0.001704
2025-10-16 21:54:25,370 | INFO | Iter 3300/5004 | loss 0.0104 | lr 0.001704
2025-10-16 21:54:46,400 | INFO | Iter 3350/5004 | loss 0.0104 | lr 0.001704
2025-10-16 21:55:07,429 | INFO | Iter 3400/5004 | loss 0.0104 | lr 0.001704
2025-10-16 21:55:28,460 | INFO | Iter 3450/5004 | loss 0.0104 | lr 0.001704
2025-10-16 21:55:49,493 | INFO | Iter 3500/5004 | loss 0.0104 | lr 0.001704
2025-10-16 21:56:10,521 | INFO | Iter 3550/5004 | loss 0.0104 | lr 0.001704
2025-10-16 21:56:31,552 | INFO | Iter 3600/5004 | loss 0.0104 | lr 0.001704
2025-10-16 21:56:52,580 | INFO | Iter 3650/5004 | loss 0.0104 | lr 0.001704
2025-10-16 21:57:13,610 | INFO | Iter 3700/5004 | loss 0.0104 | lr 0.001704
2025-10-16 21:57:34,641 | INFO | Iter 3750/5004 | loss 0.0104 | lr 0.001704
2025-10-16 21:57:55,672 | INFO | Iter 3800/5004 | loss 0.0104 | lr 0.001704
2025-10-16 21:58:16,701 | INFO | Iter 3850/5004 | loss 0.0104 | lr 0.001704
2025-10-16 21:58:37,733 | INFO | Iter 3900/5004 | loss 0.0104 | lr 0.001704
2025-10-16 21:58:58,762 | INFO | Iter 3950/5004 | loss 0.0104 | lr 0.001704
2025-10-16 21:59:19,791 | INFO | Iter 4000/5004 | loss 0.0104 | lr 0.001704
2025-10-16 21:59:40,821 | INFO | Iter 4050/5004 | loss 0.0104 | lr 0.001704
2025-10-16 22:00:01,851 | INFO | Iter 4100/5004 | loss 0.0104 | lr 0.001704
2025-10-16 22:00:22,877 | INFO | Iter 4150/5004 | loss 0.0104 | lr 0.001704
2025-10-16 22:00:43,908 | INFO | Iter 4200/5004 | loss 0.0104 | lr 0.001704
2025-10-16 22:01:04,942 | INFO | Iter 4250/5004 | loss 0.0104 | lr 0.001704
2025-10-16 22:01:25,967 | INFO | Iter 4300/5004 | loss 0.0104 | lr 0.001704
2025-10-16 22:01:46,999 | INFO | Iter 4350/5004 | loss 0.0104 | lr 0.001704
2025-10-16 22:02:08,029 | INFO | Iter 4400/5004 | loss 0.0104 | lr 0.001704
2025-10-16 22:02:29,060 | INFO | Iter 4450/5004 | loss 0.0104 | lr 0.001704
2025-10-16 22:02:50,090 | INFO | Iter 4500/5004 | loss 0.0104 | lr 0.001704
2025-10-16 22:03:11,120 | INFO | Iter 4550/5004 | loss 0.0104 | lr 0.001704
2025-10-16 22:03:32,152 | INFO | Iter 4600/5004 | loss 0.0104 | lr 0.001704
2025-10-16 22:03:53,184 | INFO | Iter 4650/5004 | loss 0.0104 | lr 0.001704
2025-10-16 22:04:14,216 | INFO | Iter 4700/5004 | loss 0.0104 | lr 0.001704
2025-10-16 22:04:35,244 | INFO | Iter 4750/5004 | loss 0.0104 | lr 0.001704
2025-10-16 22:04:56,272 | INFO | Iter 4800/5004 | loss 0.0104 | lr 0.001704
2025-10-16 22:05:17,298 | INFO | Iter 4850/5004 | loss 0.0104 | lr 0.001704
2025-10-16 22:05:38,326 | INFO | Iter 4900/5004 | loss 0.0104 | lr 0.001704
2025-10-16 22:05:59,353 | INFO | Iter 4950/5004 | loss 0.0104 | lr 0.001704
2025-10-16 22:06:20,374 | INFO | Iter 5000/5004 | loss 0.0104 | lr 0.001704
2025-10-16 22:07:09,780 | INFO | Epoch 89/90 | Train loss 0.0104 | Val acc@1 76.87 | acc@5 93.50 | LR 0.001704
2025-10-16 22:07:32,809 | INFO | Iter 50/5004 | loss 0.0105 | lr 0.001704
2025-10-16 22:07:53,838 | INFO | Iter 100/5004 | loss 0.0103 | lr 0.001704
2025-10-16 22:08:14,865 | INFO | Iter 150/5004 | loss 0.0104 | lr 0.001704
2025-10-16 22:08:35,895 | INFO | Iter 200/5004 | loss 0.0104 | lr 0.001704
2025-10-16 22:08:56,927 | INFO | Iter 250/5004 | loss 0.0104 | lr 0.001704
2025-10-16 22:09:17,959 | INFO | Iter 300/5004 | loss 0.0105 | lr 0.001704
2025-10-16 22:09:38,991 | INFO | Iter 350/5004 | loss 0.0105 | lr 0.001704
2025-10-16 22:10:00,022 | INFO | Iter 400/5004 | loss 0.0106 | lr 0.001704
2025-10-16 22:10:21,053 | INFO | Iter 450/5004 | loss 0.0105 | lr 0.001704
2025-10-16 22:10:42,083 | INFO | Iter 500/5004 | loss 0.0105 | lr 0.001704
2025-10-16 22:11:03,116 | INFO | Iter 550/5004 | loss 0.0105 | lr 0.001704
2025-10-16 22:11:24,146 | INFO | Iter 600/5004 | loss 0.0105 | lr 0.001704
2025-10-16 22:11:45,177 | INFO | Iter 650/5004 | loss 0.0104 | lr 0.001704
2025-10-16 22:12:06,209 | INFO | Iter 700/5004 | loss 0.0105 | lr 0.001704
2025-10-16 22:12:27,239 | INFO | Iter 750/5004 | loss 0.0105 | lr 0.001704
2025-10-16 22:12:48,271 | INFO | Iter 800/5004 | loss 0.0105 | lr 0.001704
2025-10-16 22:13:09,301 | INFO | Iter 850/5004 | loss 0.0105 | lr 0.001704
2025-10-16 22:13:30,332 | INFO | Iter 900/5004 | loss 0.0105 | lr 0.001704
2025-10-16 22:13:51,362 | INFO | Iter 950/5004 | loss 0.0105 | lr 0.001704
2025-10-16 22:14:12,392 | INFO | Iter 1000/5004 | loss 0.0104 | lr 0.001704
2025-10-16 22:14:33,424 | INFO | Iter 1050/5004 | loss 0.0104 | lr 0.001704
2025-10-16 22:14:54,455 | INFO | Iter 1100/5004 | loss 0.0104 | lr 0.001704
2025-10-16 22:15:15,488 | INFO | Iter 1150/5004 | loss 0.0104 | lr 0.001704
2025-10-16 22:15:36,516 | INFO | Iter 1200/5004 | loss 0.0104 | lr 0.001704
2025-10-16 22:15:57,548 | INFO | Iter 1250/5004 | loss 0.0104 | lr 0.001704
2025-10-16 22:16:18,580 | INFO | Iter 1300/5004 | loss 0.0104 | lr 0.001704
2025-10-16 22:16:39,609 | INFO | Iter 1350/5004 | loss 0.0104 | lr 0.001704
2025-10-16 22:17:00,641 | INFO | Iter 1400/5004 | loss 0.0105 | lr 0.001704
2025-10-16 22:17:21,674 | INFO | Iter 1450/5004 | loss 0.0105 | lr 0.001704
2025-10-16 22:17:42,703 | INFO | Iter 1500/5004 | loss 0.0104 | lr 0.001704
2025-10-16 22:18:03,731 | INFO | Iter 1550/5004 | loss 0.0105 | lr 0.001704
2025-10-16 22:18:24,764 | INFO | Iter 1600/5004 | loss 0.0104 | lr 0.001704
2025-10-16 22:18:45,795 | INFO | Iter 1650/5004 | loss 0.0105 | lr 0.001704
2025-10-16 22:19:06,826 | INFO | Iter 1700/5004 | loss 0.0104 | lr 0.001704
2025-10-16 22:19:27,857 | INFO | Iter 1750/5004 | loss 0.0104 | lr 0.001704
2025-10-16 22:19:48,888 | INFO | Iter 1800/5004 | loss 0.0104 | lr 0.001704
2025-10-16 22:20:09,921 | INFO | Iter 1850/5004 | loss 0.0105 | lr 0.001704
2025-10-16 22:20:30,952 | INFO | Iter 1900/5004 | loss 0.0105 | lr 0.001704
2025-10-16 22:20:51,981 | INFO | Iter 1950/5004 | loss 0.0105 | lr 0.001704
2025-10-16 22:21:13,012 | INFO | Iter 2000/5004 | loss 0.0104 | lr 0.001704
2025-10-16 22:21:34,042 | INFO | Iter 2050/5004 | loss 0.0105 | lr 0.001704
2025-10-16 22:21:55,073 | INFO | Iter 2100/5004 | loss 0.0105 | lr 0.001704
2025-10-16 22:22:16,105 | INFO | Iter 2150/5004 | loss 0.0105 | lr 0.001704
2025-10-16 22:22:37,133 | INFO | Iter 2200/5004 | loss 0.0105 | lr 0.001704
2025-10-16 22:22:58,164 | INFO | Iter 2250/5004 | loss 0.0104 | lr 0.001704
2025-10-16 22:23:19,192 | INFO | Iter 2300/5004 | loss 0.0104 | lr 0.001704
2025-10-16 22:23:40,223 | INFO | Iter 2350/5004 | loss 0.0104 | lr 0.001704
2025-10-16 22:24:01,255 | INFO | Iter 2400/5004 | loss 0.0104 | lr 0.001704
2025-10-16 22:24:22,287 | INFO | Iter 2450/5004 | loss 0.0104 | lr 0.001704
2025-10-16 22:24:43,318 | INFO | Iter 2500/5004 | loss 0.0104 | lr 0.001704
2025-10-16 22:25:04,349 | INFO | Iter 2550/5004 | loss 0.0104 | lr 0.001704
2025-10-16 22:25:25,380 | INFO | Iter 2600/5004 | loss 0.0104 | lr 0.001704
2025-10-16 22:25:46,411 | INFO | Iter 2650/5004 | loss 0.0104 | lr 0.001704
2025-10-16 22:26:07,442 | INFO | Iter 2700/5004 | loss 0.0104 | lr 0.001704
2025-10-16 22:26:28,473 | INFO | Iter 2750/5004 | loss 0.0104 | lr 0.001704
2025-10-16 22:26:49,505 | INFO | Iter 2800/5004 | loss 0.0104 | lr 0.001704
2025-10-16 22:27:10,536 | INFO | Iter 2850/5004 | loss 0.0104 | lr 0.001704
2025-10-16 22:27:31,566 | INFO | Iter 2900/5004 | loss 0.0104 | lr 0.001704
2025-10-16 22:27:52,597 | INFO | Iter 2950/5004 | loss 0.0104 | lr 0.001704
2025-10-16 22:28:13,629 | INFO | Iter 3000/5004 | loss 0.0104 | lr 0.001704
2025-10-16 22:28:34,660 | INFO | Iter 3050/5004 | loss 0.0104 | lr 0.001704
2025-10-16 22:28:55,693 | INFO | Iter 3100/5004 | loss 0.0104 | lr 0.001704
2025-10-16 22:29:16,724 | INFO | Iter 3150/5004 | loss 0.0104 | lr 0.001704
2025-10-16 22:29:37,756 | INFO | Iter 3200/5004 | loss 0.0104 | lr 0.001704
2025-10-16 22:29:58,787 | INFO | Iter 3250/5004 | loss 0.0104 | lr 0.001704
2025-10-16 22:30:19,815 | INFO | Iter 3300/5004 | loss 0.0104 | lr 0.001704
2025-10-16 22:30:40,845 | INFO | Iter 3350/5004 | loss 0.0104 | lr 0.001704
2025-10-16 22:31:01,877 | INFO | Iter 3400/5004 | loss 0.0104 | lr 0.001704
2025-10-16 22:31:22,907 | INFO | Iter 3450/5004 | loss 0.0104 | lr 0.001704
2025-10-16 22:31:43,941 | INFO | Iter 3500/5004 | loss 0.0104 | lr 0.001704
2025-10-16 22:32:04,973 | INFO | Iter 3550/5004 | loss 0.0104 | lr 0.001704
2025-10-16 22:32:26,003 | INFO | Iter 3600/5004 | loss 0.0104 | lr 0.001704
2025-10-16 22:32:47,034 | INFO | Iter 3650/5004 | loss 0.0104 | lr 0.001704
2025-10-16 22:33:08,061 | INFO | Iter 3700/5004 | loss 0.0104 | lr 0.001704
2025-10-16 22:33:29,090 | INFO | Iter 3750/5004 | loss 0.0104 | lr 0.001704
2025-10-16 22:33:50,119 | INFO | Iter 3800/5004 | loss 0.0104 | lr 0.001704
2025-10-16 22:34:11,149 | INFO | Iter 3850/5004 | loss 0.0104 | lr 0.001704
2025-10-16 22:34:32,176 | INFO | Iter 3900/5004 | loss 0.0104 | lr 0.001704
2025-10-16 22:34:53,206 | INFO | Iter 3950/5004 | loss 0.0104 | lr 0.001704
2025-10-16 22:35:14,240 | INFO | Iter 4000/5004 | loss 0.0104 | lr 0.001704
2025-10-16 22:35:35,270 | INFO | Iter 4050/5004 | loss 0.0104 | lr 0.001704
2025-10-16 22:35:56,300 | INFO | Iter 4100/5004 | loss 0.0104 | lr 0.001704
2025-10-16 22:36:17,332 | INFO | Iter 4150/5004 | loss 0.0104 | lr 0.001704
2025-10-16 22:36:38,363 | INFO | Iter 4200/5004 | loss 0.0104 | lr 0.001704
2025-10-16 22:36:59,394 | INFO | Iter 4250/5004 | loss 0.0104 | lr 0.001704
2025-10-16 22:37:20,428 | INFO | Iter 4300/5004 | loss 0.0104 | lr 0.001704
2025-10-16 22:37:41,456 | INFO | Iter 4350/5004 | loss 0.0104 | lr 0.001704
2025-10-16 22:38:02,486 | INFO | Iter 4400/5004 | loss 0.0104 | lr 0.001704
2025-10-16 22:38:23,516 | INFO | Iter 4450/5004 | loss 0.0104 | lr 0.001704
2025-10-16 22:38:44,548 | INFO | Iter 4500/5004 | loss 0.0104 | lr 0.001704
2025-10-16 22:39:05,579 | INFO | Iter 4550/5004 | loss 0.0104 | lr 0.001704
2025-10-16 22:39:26,611 | INFO | Iter 4600/5004 | loss 0.0104 | lr 0.001704
2025-10-16 22:39:47,642 | INFO | Iter 4650/5004 | loss 0.0104 | lr 0.001704
2025-10-16 22:40:08,674 | INFO | Iter 4700/5004 | loss 0.0104 | lr 0.001704
2025-10-16 22:40:29,702 | INFO | Iter 4750/5004 | loss 0.0104 | lr 0.001704
2025-10-16 22:40:50,733 | INFO | Iter 4800/5004 | loss 0.0104 | lr 0.001704
2025-10-16 22:41:11,763 | INFO | Iter 4850/5004 | loss 0.0104 | lr 0.001704
2025-10-16 22:41:32,795 | INFO | Iter 4900/5004 | loss 0.0104 | lr 0.001704
2025-10-16 22:41:53,821 | INFO | Iter 4950/5004 | loss 0.0104 | lr 0.001704
2025-10-16 22:42:14,839 | INFO | Iter 5000/5004 | loss 0.0104 | lr 0.001704
2025-10-16 22:43:06,155 | INFO | Epoch 90/90 | Train loss 0.0104 | Val acc@1 77.01 | acc@5 93.59 | LR 0.001704
2025-10-16 22:43:06,157 | INFO | Updating BN stats for SWA model...
2025-10-16 23:06:52,393 | INFO | Finished training. Best acc@1: 77.01. Total time: 41.72 h.
